{
"type": "FeatureCollection",
"name": "batas_kab",
"crs": { "type": "name", "properties": { "name": "urn:ogc:def:crs:OGC:1.3:CRS84" } },
"features": [
{ "type": "Feature", "properties": { "STATISTIK": "3304", "KABUPATEN": "BANJARNEGARA", "PROPINSI": "JAWA TENGAH", "LUAS_KM2": "152.88", "DATA": "BAKOSURTANAL, BPS" }, "geometry": { "type": "Polygon", "coordinates": [ [ [ 109.84259, -7.269127 ], [ 109.841743, -7.272562 ], [ 109.843254, -7.27449 ], [ 109.841865, -7.276151 ], [ 109.842621, -7.278336 ], [ 109.84333, -7.280546 ], [ 109.841598, -7.281836 ], [ 109.841347, -7.284039 ], [ 109.840378, -7.286111 ], [ 109.838242, -7.286452 ], [ 109.83654, -7.287562 ], [ 109.836006, -7.289674 ], [ 109.835411, -7.291702 ], [ 109.833573, -7.292641 ], [ 109.833206, -7.294986 ], [ 109.831344, -7.296381 ], [ 109.830299, -7.298261 ], [ 109.828262, -7.297668 ], [ 109.826508, -7.29908 ], [ 109.825088, -7.300581 ], [ 109.823761, -7.302135 ], [ 109.822304, -7.30371 ], [ 109.820351, -7.304899 ], [ 109.818832, -7.306365 ], [ 109.817421, -7.307908 ], [ 109.816063, -7.309641 ], [ 109.815407, -7.311853 ], [ 109.814331, -7.313873 ], [ 109.812111, -7.315371 ], [ 109.810043, -7.315882 ], [ 109.809143, -7.318034 ], [ 109.808762, -7.320072 ], [ 109.807876, -7.322365 ], [ 109.806183, -7.32389 ], [ 109.804009, -7.32478 ], [ 109.801819, -7.325277 ], [ 109.799652, -7.324725 ], [ 109.798057, -7.326095 ], [ 109.796524, -7.327767 ], [ 109.795586, -7.329817 ], [ 109.794853, -7.331742 ], [ 109.793144, -7.333039 ], [ 109.792396, -7.335081 ], [ 109.79425, -7.3371 ], [ 109.791145, -7.339101 ], [ 109.789177, -7.340396 ], [ 109.787544, -7.341578 ], [ 109.787064, -7.343763 ], [ 109.786506, -7.346566 ], [ 109.786018, -7.349178 ], [ 109.786125, -7.351318 ], [ 109.786583, -7.353925 ], [ 109.786919, -7.356222 ], [ 109.786049, -7.358187 ], [ 109.783829, -7.359812 ], [ 109.783425, -7.362135 ], [ 109.781609, -7.363673 ], [ 109.779793, -7.364858 ], [ 109.777764, -7.364632 ], [ 109.775948, -7.363518 ], [ 109.773674, -7.365787 ], [ 109.772644, -7.368068 ], [ 109.771668, -7.370243 ], [ 109.769577, -7.370603 ], [ 109.768257, -7.372212 ], [ 109.76786, -7.374404 ], [ 109.765526, -7.377949 ], [ 109.76326, -7.380008 ], [ 109.761291, -7.38256 ], [ 109.766411, -7.385427 ], [ 109.770851, -7.387837 ], [ 109.776619, -7.390534 ], [ 109.781807, -7.393116 ], [ 109.783401, -7.394329 ], [ 109.78521, -7.395702 ], [ 109.788498, -7.399267 ], [ 109.789772, -7.400992 ], [ 109.791496, -7.402544 ], [ 109.793861, -7.404325 ], [ 109.798111, -7.406441 ], [ 109.802734, -7.40765 ], [ 109.80867, -7.408503 ], [ 109.812279, -7.409146 ], [ 109.81633, -7.410274 ], [ 109.819321, -7.411017 ], [ 109.821854, -7.411704 ], [ 109.823876, -7.412219 ], [ 109.827675, -7.412673 ], [ 109.830093, -7.413072 ], [ 109.832909, -7.413182 ], [ 109.835045, -7.413639 ], [ 109.836883, -7.41473 ], [ 109.839081, -7.418181 ], [ 109.839951, -7.421131 ], [ 109.8414, -7.423533 ], [ 109.844002, -7.426063 ], [ 109.846077, -7.427614 ], [ 109.848732, -7.430374 ], [ 109.849663, -7.433885 ], [ 109.848633, -7.436882 ], [ 109.843147, -7.440894 ], [ 109.840019, -7.442427 ], [ 109.834907, -7.446122 ], [ 109.832039, -7.44774 ], [ 109.828163, -7.448231 ], [ 109.825592, -7.448557 ], [ 109.819664, -7.448382 ], [ 109.816437, -7.448286 ], [ 109.810913, -7.448296 ], [ 109.806732, -7.448613 ], [ 109.80246, -7.448887 ], [ 109.799637, -7.448259 ], [ 109.794624, -7.447698 ], [ 109.792038, -7.447409 ], [ 109.78524, -7.445635 ], [ 109.779472, -7.442594 ], [ 109.776993, -7.4411 ], [ 109.774635, -7.439238 ], [ 109.771187, -7.43695 ], [ 109.769272, -7.436046 ], [ 109.764267, -7.43761 ], [ 109.759788, -7.442341 ], [ 109.755508, -7.444096 ], [ 109.753456, -7.445572 ], [ 109.751396, -7.446531 ], [ 109.750984, -7.449514 ], [ 109.751045, -7.452035 ], [ 109.751213, -7.455953 ], [ 109.747246, -7.456588 ], [ 109.745041, -7.456686 ], [ 109.742798, -7.456912 ], [ 109.740692, -7.456935 ], [ 109.737854, -7.456742 ], [ 109.735474, -7.456813 ], [ 109.733482, -7.45713 ], [ 109.732078, -7.458799 ], [ 109.731659, -7.46098 ], [ 109.732247, -7.463086 ], [ 109.731896, -7.465189 ], [ 109.732803, -7.467154 ], [ 109.733086, -7.469246 ], [ 109.732575, -7.471581 ], [ 109.734222, -7.473127 ], [ 109.735763, -7.474547 ], [ 109.734566, -7.476248 ], [ 109.733337, -7.477917 ], [ 109.730606, -7.477726 ], [ 109.728714, -7.476874 ], [ 109.726623, -7.476167 ], [ 109.724243, -7.476236 ], [ 109.72213, -7.477374 ], [ 109.719841, -7.478038 ], [ 109.717964, -7.47909 ], [ 109.716408, -7.48065 ], [ 109.715118, -7.482253 ], [ 109.712906, -7.48245 ], [ 109.710861, -7.483331 ], [ 109.709396, -7.484923 ], [ 109.70758, -7.486209 ], [ 109.70681, -7.488137 ], [ 109.705376, -7.489741 ], [ 109.703903, -7.491521 ], [ 109.701942, -7.493025 ], [ 109.699966, -7.494685 ], [ 109.697998, -7.495944 ], [ 109.695274, -7.496362 ], [ 109.693268, -7.496627 ], [ 109.690865, -7.496633 ], [ 109.688858, -7.496892 ], [ 109.688469, -7.49904 ], [ 109.687729, -7.502063 ], [ 109.685036, -7.503138 ], [ 109.682457, -7.502369 ], [ 109.680038, -7.50195 ], [ 109.677978, -7.502446 ], [ 109.675949, -7.502543 ], [ 109.672173, -7.503447 ], [ 109.671173, -7.500939 ], [ 109.669586, -7.498528 ], [ 109.668007, -7.496274 ], [ 109.666695, -7.494527 ], [ 109.665093, -7.492921 ], [ 109.66272, -7.49294 ], [ 109.660339, -7.493526 ], [ 109.658119, -7.494398 ], [ 109.655914, -7.49554 ], [ 109.653511, -7.496062 ], [ 109.651039, -7.495912 ], [ 109.648979, -7.495596 ], [ 109.647217, -7.494648 ], [ 109.646187, -7.492786 ], [ 109.645462, -7.490705 ], [ 109.644508, -7.488482 ], [ 109.643311, -7.486207 ], [ 109.641663, -7.4842 ], [ 109.63971, -7.4824 ], [ 109.637565, -7.481167 ], [ 109.634033, -7.481769 ], [ 109.632073, -7.482208 ], [ 109.630356, -7.483951 ], [ 109.628639, -7.485264 ], [ 109.626854, -7.486776 ], [ 109.625, -7.487834 ], [ 109.622665, -7.489295 ], [ 109.619316, -7.491858 ], [ 109.617508, -7.493544 ], [ 109.615776, -7.495523 ], [ 109.615082, -7.498904 ], [ 109.613564, -7.50186 ], [ 109.613464, -7.503862 ], [ 109.611404, -7.504424 ], [ 109.609032, -7.50484 ], [ 109.606995, -7.504764 ], [ 109.604996, -7.505569 ], [ 109.602501, -7.505977 ], [ 109.601074, -7.507783 ], [ 109.599129, -7.50885 ], [ 109.597549, -7.510435 ], [ 109.595634, -7.511082 ], [ 109.594307, -7.512646 ], [ 109.59124, -7.513703 ], [ 109.589241, -7.513488 ], [ 109.587868, -7.515 ], [ 109.583511, -7.513559 ], [ 109.581367, -7.513407 ], [ 109.579346, -7.51343 ], [ 109.576538, -7.513197 ], [ 109.574463, -7.51325 ], [ 109.572105, -7.513242 ], [ 109.570847, -7.511644 ], [ 109.56945, -7.510136 ], [ 109.567383, -7.509758 ], [ 109.564979, -7.50969 ], [ 109.562973, -7.50927 ], [ 109.560898, -7.509619 ], [ 109.558746, -7.509846 ], [ 109.556824, -7.510876 ], [ 109.554886, -7.511546 ], [ 109.552132, -7.511316 ], [ 109.550354, -7.512797 ], [ 109.548996, -7.514427 ], [ 109.548241, -7.516916 ], [ 109.547814, -7.518969 ], [ 109.546425, -7.521245 ], [ 109.544662, -7.522587 ], [ 109.543099, -7.521269 ], [ 109.541115, -7.520009 ], [ 109.539482, -7.518289 ], [ 109.538445, -7.516225 ], [ 109.535995, -7.515554 ], [ 109.533501, -7.515605 ], [ 109.531418, -7.515739 ], [ 109.529358, -7.51576 ], [ 109.527283, -7.515755 ], [ 109.525177, -7.515419 ], [ 109.523468, -7.513914 ], [ 109.521462, -7.512467 ], [ 109.517799, -7.510707 ], [ 109.515579, -7.510184 ], [ 109.513351, -7.509672 ], [ 109.510918, -7.509465 ], [ 109.508453, -7.508788 ], [ 109.505943, -7.509053 ], [ 109.50367, -7.509346 ], [ 109.5, -7.510419 ], [ 109.498787, -7.508758 ], [ 109.49839, -7.506322 ], [ 109.498428, -7.501835 ], [ 109.496147, -7.505969 ], [ 109.49485, -7.507504 ], [ 109.492874, -7.507894 ], [ 109.491539, -7.509729 ], [ 109.48941, -7.510492 ], [ 109.486168, -7.510771 ], [ 109.484131, -7.511847 ], [ 109.483063, -7.513807 ], [ 109.483025, -7.516123 ], [ 109.481819, -7.517865 ], [ 109.479752, -7.518227 ], [ 109.477242, -7.518823 ], [ 109.475067, -7.519571 ], [ 109.473144, -7.520252 ], [ 109.469833, -7.521936 ], [ 109.467583, -7.522381 ], [ 109.465988, -7.520546 ], [ 109.462257, -7.519381 ], [ 109.458702, -7.521042 ], [ 109.456444, -7.522918 ], [ 109.453918, -7.523567 ], [ 109.451698, -7.523883 ], [ 109.449272, -7.524505 ], [ 109.445587, -7.524661 ], [ 109.441864, -7.52607 ], [ 109.439522, -7.526506 ], [ 109.437332, -7.527263 ], [ 109.435554, -7.528664 ], [ 109.436699, -7.53195 ], [ 109.435577, -7.535787 ], [ 109.432739, -7.53614 ], [ 109.430504, -7.537157 ], [ 109.427345, -7.537078 ], [ 109.424988, -7.536466 ], [ 109.423004, -7.535149 ], [ 109.421104, -7.534337 ], [ 109.418701, -7.534042 ], [ 109.417152, -7.536357 ], [ 109.416321, -7.538515 ], [ 109.413834, -7.538583 ], [ 109.41098, -7.538763 ], [ 109.408653, -7.539429 ], [ 109.40654, -7.540152 ], [ 109.404335, -7.540591 ], [ 109.402725, -7.538833 ], [ 109.4011, -7.536959 ], [ 109.394424, -7.53475 ], [ 109.392975, -7.531708 ], [ 109.391152, -7.529261 ], [ 109.39003, -7.52721 ], [ 109.389099, -7.524432 ], [ 109.387352, -7.519935 ], [ 109.384903, -7.517289 ], [ 109.382324, -7.516164 ], [ 109.378815, -7.516694 ], [ 109.375114, -7.515966 ], [ 109.373062, -7.514379 ], [ 109.370087, -7.512659 ], [ 109.367111, -7.512394 ], [ 109.364532, -7.511005 ], [ 109.364067, -7.509021 ], [ 109.365059, -7.50578 ], [ 109.365654, -7.503333 ], [ 109.364922, -7.499254 ], [ 109.365875, -7.497447 ], [ 109.364517, -7.495862 ], [ 109.363006, -7.49445 ], [ 109.364113, -7.492579 ], [ 109.363479, -7.490652 ], [ 109.363304, -7.486874 ], [ 109.365746, -7.486735 ], [ 109.369598, -7.485596 ], [ 109.372108, -7.48455 ], [ 109.373192, -7.481185 ], [ 109.372879, -7.478716 ], [ 109.37516, -7.478028 ], [ 109.378014, -7.481283 ], [ 109.380226, -7.482607 ], [ 109.381531, -7.481059 ], [ 109.383484, -7.479438 ], [ 109.385643, -7.478066 ], [ 109.387802, -7.47712 ], [ 109.390549, -7.476371 ], [ 109.39296, -7.475438 ], [ 109.39531, -7.474291 ], [ 109.398331, -7.474545 ], [ 109.400169, -7.475408 ], [ 109.403114, -7.475544 ], [ 109.403595, -7.473202 ], [ 109.402382, -7.470542 ], [ 109.401337, -7.468196 ], [ 109.405212, -7.469115 ], [ 109.407364, -7.470841 ], [ 109.409271, -7.471507 ], [ 109.411705, -7.470435 ], [ 109.413139, -7.471881 ], [ 109.412346, -7.474137 ], [ 109.411651, -7.47623 ], [ 109.412499, -7.478165 ], [ 109.415024, -7.47896 ], [ 109.418358, -7.479039 ], [ 109.419594, -7.477438 ], [ 109.419983, -7.475247 ], [ 109.418678, -7.473482 ], [ 109.4188, -7.470479 ], [ 109.421188, -7.470195 ], [ 109.423431, -7.468975 ], [ 109.424477, -7.46662 ], [ 109.424141, -7.464196 ], [ 109.423729, -7.461746 ], [ 109.422539, -7.459588 ], [ 109.42453, -7.458955 ], [ 109.426949, -7.459138 ], [ 109.426399, -7.455818 ], [ 109.429001, -7.458039 ], [ 109.431137, -7.459025 ], [ 109.433678, -7.457647 ], [ 109.435455, -7.45651 ], [ 109.43692, -7.454955 ], [ 109.437172, -7.45239 ], [ 109.436066, -7.450687 ], [ 109.43792, -7.449169 ], [ 109.440003, -7.448552 ], [ 109.440384, -7.450564 ], [ 109.440407, -7.452887 ], [ 109.442001, -7.454106 ], [ 109.444168, -7.454578 ], [ 109.446251, -7.455642 ], [ 109.448196, -7.454623 ], [ 109.447929, -7.452479 ], [ 109.446938, -7.450062 ], [ 109.44867, -7.448106 ], [ 109.450432, -7.446544 ], [ 109.452431, -7.446822 ], [ 109.453423, -7.448847 ], [ 109.453774, -7.451293 ], [ 109.455612, -7.452563 ], [ 109.457657, -7.452799 ], [ 109.4599, -7.452463 ], [ 109.461258, -7.450948 ], [ 109.461609, -7.448425 ], [ 109.462944, -7.446795 ], [ 109.465233, -7.446051 ], [ 109.466995, -7.447637 ], [ 109.469734, -7.448862 ], [ 109.473641, -7.448196 ], [ 109.472305, -7.444981 ], [ 109.472038, -7.442945 ], [ 109.473869, -7.441735 ], [ 109.475296, -7.44329 ], [ 109.476234, -7.445268 ], [ 109.478218, -7.445796 ], [ 109.4804, -7.445406 ], [ 109.482224, -7.441569 ], [ 109.484367, -7.443859 ], [ 109.485741, -7.445517 ], [ 109.487404, -7.444084 ], [ 109.48864, -7.442191 ], [ 109.49025, -7.443896 ], [ 109.491119, -7.446314 ], [ 109.49266, -7.448257 ], [ 109.494652, -7.449086 ], [ 109.49588, -7.447312 ], [ 109.497932, -7.447479 ], [ 109.499977, -7.449237 ], [ 109.503922, -7.448761 ], [ 109.506104, -7.449314 ], [ 109.507752, -7.448028 ], [ 109.507904, -7.445628 ], [ 109.508011, -7.443268 ], [ 109.508118, -7.440902 ], [ 109.507904, -7.438012 ], [ 109.506836, -7.435073 ], [ 109.506699, -7.432689 ], [ 109.506844, -7.430416 ], [ 109.506828, -7.428278 ], [ 109.505943, -7.426173 ], [ 109.505913, -7.423131 ], [ 109.506988, -7.42137 ], [ 109.508469, -7.419765 ], [ 109.507858, -7.417442 ], [ 109.506485, -7.415689 ], [ 109.504921, -7.414203 ], [ 109.502945, -7.411383 ], [ 109.504151, -7.409336 ], [ 109.50705, -7.40891 ], [ 109.511475, -7.409506 ], [ 109.516411, -7.409165 ], [ 109.520248, -7.408825 ], [ 109.526291, -7.406781 ], [ 109.534981, -7.403885 ], [ 109.540939, -7.402182 ], [ 109.543838, -7.401246 ], [ 109.545883, -7.400223 ], [ 109.547417, -7.398861 ], [ 109.548134, -7.39654 ], [ 109.54602, -7.394637 ], [ 109.544235, -7.393279 ], [ 109.542099, -7.391495 ], [ 109.541031, -7.389774 ], [ 109.540207, -7.387123 ], [ 109.53952, -7.384004 ], [ 109.538612, -7.381937 ], [ 109.537132, -7.379809 ], [ 109.535698, -7.376537 ], [ 109.535316, -7.374546 ], [ 109.534714, -7.371025 ], [ 109.533623, -7.366654 ], [ 109.53289, -7.36374 ], [ 109.531433, -7.359734 ], [ 109.530831, -7.356213 ], [ 109.529007, -7.353056 ], [ 109.525604, -7.349414 ], [ 109.522812, -7.3465 ], [ 109.521477, -7.344436 ], [ 109.520508, -7.341036 ], [ 109.520142, -7.337273 ], [ 109.520752, -7.33011 ], [ 109.521721, -7.326346 ], [ 109.523544, -7.324403 ], [ 109.526215, -7.322946 ], [ 109.52961, -7.322218 ], [ 109.532646, -7.321975 ], [ 109.535927, -7.322825 ], [ 109.539566, -7.32331 ], [ 109.543938, -7.323189 ], [ 109.546852, -7.323675 ], [ 109.5494, -7.324161 ], [ 109.552437, -7.32586 ], [ 109.555473, -7.327681 ], [ 109.5579, -7.328896 ], [ 109.561424, -7.329867 ], [ 109.56543, -7.327196 ], [ 109.566887, -7.324161 ], [ 109.567131, -7.320032 ], [ 109.568832, -7.316147 ], [ 109.570709, -7.311776 ], [ 109.570953, -7.309227 ], [ 109.570343, -7.306434 ], [ 109.570343, -7.303884 ], [ 109.570709, -7.301821 ], [ 109.571922, -7.299878 ], [ 109.576294, -7.296843 ], [ 109.58152, -7.294293 ], [ 109.584068, -7.293322 ], [ 109.587128, -7.292552 ], [ 109.592003, -7.292495 ], [ 109.596459, -7.285635 ], [ 109.598167, -7.280967 ], [ 109.600449, -7.274109 ], [ 109.600731, -7.271574 ], [ 109.600609, -7.268232 ], [ 109.600822, -7.263108 ], [ 109.601044, -7.260573 ], [ 109.60115, -7.258212 ], [ 109.599747, -7.250555 ], [ 109.598015, -7.248888 ], [ 109.594093, -7.246821 ], [ 109.591102, -7.24556 ], [ 109.585571, -7.244821 ], [ 109.581665, -7.245289 ], [ 109.573952, -7.246627 ], [ 109.566826, -7.249577 ], [ 109.562981, -7.252464 ], [ 109.560608, -7.255332 ], [ 109.55603, -7.256681 ], [ 109.552567, -7.255132 ], [ 109.548073, -7.253124 ], [ 109.544617, -7.250885 ], [ 109.54248, -7.248182 ], [ 109.541466, -7.241446 ], [ 109.545845, -7.239364 ], [ 109.550263, -7.233078 ], [ 109.553131, -7.230884 ], [ 109.556122, -7.23013 ], [ 109.560204, -7.229489 ], [ 109.563881, -7.22643 ], [ 109.566948, -7.223015 ], [ 109.57019, -7.220947 ], [ 109.579971, -7.218511 ], [ 109.582169, -7.216302 ], [ 109.586121, -7.212213 ], [ 109.587768, -7.209915 ], [ 109.590416, -7.20801 ], [ 109.593117, -7.207659 ], [ 109.596626, -7.207077 ], [ 109.600998, -7.207242 ], [ 109.603767, -7.208043 ], [ 109.606933, -7.209132 ], [ 109.611481, -7.209527 ], [ 109.615623, -7.205993 ], [ 109.617683, -7.204102 ], [ 109.619751, -7.202259 ], [ 109.624222, -7.198043 ], [ 109.62577, -7.195679 ], [ 109.627258, -7.193199 ], [ 109.628235, -7.190721 ], [ 109.630279, -7.183 ], [ 109.633209, -7.18 ], [ 109.634888, -7.178459 ], [ 109.64228, -7.174454 ], [ 109.648727, -7.174097 ], [ 109.650734, -7.174292 ], [ 109.653389, -7.174549 ], [ 109.659149, -7.175633 ], [ 109.663315, -7.176381 ], [ 109.666985, -7.177038 ], [ 109.6698, -7.176305 ], [ 109.674049, -7.173936 ], [ 109.67733, -7.172548 ], [ 109.680206, -7.172773 ], [ 109.68309, -7.174841 ], [ 109.685745, -7.177889 ], [ 109.686905, -7.180421 ], [ 109.688133, -7.186293 ], [ 109.69194, -7.191355 ], [ 109.695228, -7.192501 ], [ 109.701508, -7.194332 ], [ 109.705482, -7.195592 ], [ 109.711815, -7.197711 ], [ 109.71936, -7.199829 ], [ 109.722916, -7.19974 ], [ 109.72834, -7.1986 ], [ 109.731514, -7.197403 ], [ 109.734558, -7.196046 ], [ 109.73661, -7.195133 ], [ 109.743294, -7.191195 ], [ 109.747299, -7.188836 ], [ 109.750816, -7.187892 ], [ 109.756272, -7.186631 ], [ 109.760002, -7.184436 ], [ 109.761894, -7.182538 ], [ 109.763504, -7.180398 ], [ 109.765633, -7.179184 ], [ 109.769081, -7.178372 ], [ 109.773453, -7.178652 ], [ 109.776909, -7.178761 ], [ 109.780304, -7.178467 ], [ 109.786049, -7.176326 ], [ 109.789101, -7.17465 ], [ 109.791741, -7.17309 ], [ 109.793983, -7.171992 ], [ 109.796226, -7.171009 ], [ 109.798355, -7.170602 ], [ 109.802322, -7.171113 ], [ 109.805557, -7.173526 ], [ 109.809013, -7.175075 ], [ 109.813278, -7.174691 ], [ 109.816712, -7.177175 ], [ 109.826462, -7.178614 ], [ 109.829506, -7.185763 ], [ 109.831238, -7.187142 ], [ 109.833252, -7.188002 ], [ 109.83532, -7.187998 ], [ 109.838776, -7.187359 ], [ 109.841156, -7.186307 ], [ 109.84404, -7.186358 ], [ 109.845703, -7.185203 ], [ 109.847824, -7.182147 ], [ 109.849022, -7.180243 ], [ 109.851036, -7.179318 ], [ 109.854202, -7.179082 ], [ 109.862152, -7.180738 ], [ 109.864853, -7.181425 ], [ 109.870392, -7.183949 ], [ 109.873779, -7.18267 ], [ 109.876373, -7.184111 ], [ 109.882995, -7.185135 ], [ 109.886642, -7.186072 ], [ 109.886627, -7.188124 ], [ 109.892853, -7.189264 ], [ 109.896301, -7.189661 ], [ 109.901085, -7.191438 ], [ 109.906334, -7.194596 ], [ 109.909561, -7.196203 ], [ 109.913246, -7.198154 ], [ 109.913261, -7.201437 ], [ 109.913559, -7.204835 ], [ 109.913796, -7.208635 ], [ 109.913406, -7.212668 ], [ 109.911636, -7.216184 ], [ 109.908989, -7.218262 ], [ 109.906288, -7.218958 ], [ 109.902916, -7.2198 ], [ 109.90094, -7.220257 ], [ 109.893463, -7.221573 ], [ 109.885811, -7.222278 ], [ 109.879829, -7.224477 ], [ 109.876671, -7.226038 ], [ 109.874313, -7.227482 ], [ 109.872429, -7.229382 ], [ 109.869835, -7.229736 ], [ 109.867424, -7.231641 ], [ 109.863297, -7.2381 ], [ 109.862244, -7.239956 ], [ 109.860848, -7.242548 ], [ 109.859863, -7.244499 ], [ 109.858604, -7.247841 ], [ 109.856438, -7.25299 ], [ 109.854683, -7.251875 ], [ 109.852425, -7.25 ], [ 109.850609, -7.251086 ], [ 109.849983, -7.253112 ], [ 109.850403, -7.255107 ], [ 109.849579, -7.257078 ], [ 109.848984, -7.25906 ], [ 109.847916, -7.261331 ], [ 109.847122, -7.263253 ], [ 109.846352, -7.265497 ], [ 109.845284, -7.267518 ], [ 109.845062, -7.269836 ], [ 109.84259, -7.269127 ] ] ] } },
{ "type": "Feature", "properties": { "STATISTIK": "3302", "KABUPATEN": "BANYUMAS", "PROPINSI": "JAWA TENGAH", "LUAS_KM2": "46.6518", "DATA": "BAKOSURTANAL, BPS" }, "geometry": { "type": "Polygon", "coordinates": [ [ [ 109.387886, -7.65813 ], [ 109.386818, -7.660088 ], [ 109.385162, -7.661946 ], [ 109.382553, -7.662418 ], [ 109.381996, -7.66042 ], [ 109.380997, -7.657313 ], [ 109.378449, -7.656203 ], [ 109.375893, -7.657423 ], [ 109.373673, -7.657646 ], [ 109.37162, -7.654871 ], [ 109.370293, -7.65254 ], [ 109.36763, -7.652651 ], [ 109.366295, -7.654205 ], [ 109.364631, -7.656092 ], [ 109.362297, -7.655093 ], [ 109.36219, -7.653095 ], [ 109.360413, -7.651319 ], [ 109.358193, -7.649433 ], [ 109.359192, -7.647657 ], [ 109.361076, -7.645437 ], [ 109.359077, -7.643661 ], [ 109.356865, -7.644993 ], [ 109.355644, -7.643218 ], [ 109.357307, -7.641442 ], [ 109.35675, -7.639111 ], [ 109.353866, -7.64011 ], [ 109.351868, -7.640443 ], [ 109.349091, -7.641109 ], [ 109.345428, -7.642441 ], [ 109.342766, -7.640776 ], [ 109.34066, -7.638001 ], [ 109.338547, -7.636559 ], [ 109.334999, -7.635227 ], [ 109.331764, -7.633246 ], [ 109.327599, -7.632036 ], [ 109.32386, -7.631548 ], [ 109.321396, -7.631314 ], [ 109.317558, -7.630726 ], [ 109.314705, -7.630019 ], [ 109.312065, -7.62944 ], [ 109.310021, -7.629 ], [ 109.307404, -7.628578 ], [ 109.305161, -7.62818 ], [ 109.302956, -7.627793 ], [ 109.300667, -7.627505 ], [ 109.297478, -7.626971 ], [ 109.292053, -7.624463 ], [ 109.289978, -7.62391 ], [ 109.286522, -7.623496 ], [ 109.282517, -7.623357 ], [ 109.278923, -7.622805 ], [ 109.275192, -7.621838 ], [ 109.27243, -7.620732 ], [ 109.270081, -7.619488 ], [ 109.268005, -7.618797 ], [ 109.263862, -7.617692 ], [ 109.262199, -7.615066 ], [ 109.262199, -7.612165 ], [ 109.262894, -7.608295 ], [ 109.263725, -7.604565 ], [ 109.265656, -7.596135 ], [ 109.266449, -7.590964 ], [ 109.262894, -7.590746 ], [ 109.260132, -7.590746 ], [ 109.257645, -7.59047 ], [ 109.2546, -7.590055 ], [ 109.251839, -7.589364 ], [ 109.24942, -7.588377 ], [ 109.247597, -7.587331 ], [ 109.245254, -7.585886 ], [ 109.243492, -7.584612 ], [ 109.241409, -7.583057 ], [ 109.238556, -7.58159 ], [ 109.235779, -7.579143 ], [ 109.233368, -7.577395 ], [ 109.231644, -7.576119 ], [ 109.229874, -7.574891 ], [ 109.227882, -7.573494 ], [ 109.226235, -7.572266 ], [ 109.224053, -7.570796 ], [ 109.222084, -7.569519 ], [ 109.220199, -7.568266 ], [ 109.218155, -7.566908 ], [ 109.21624, -7.565725 ], [ 109.214302, -7.564651 ], [ 109.212532, -7.563685 ], [ 109.210464, -7.562654 ], [ 109.20842, -7.56184 ], [ 109.205803, -7.561002 ], [ 109.202812, -7.5582 ], [ 109.198677, -7.557056 ], [ 109.196266, -7.556406 ], [ 109.190895, -7.555504 ], [ 109.183357, -7.554272 ], [ 109.177818, -7.553769 ], [ 109.175255, -7.553118 ], [ 109.172768, -7.552627 ], [ 109.169098, -7.553328 ], [ 109.169411, -7.555891 ], [ 109.16983, -7.55957 ], [ 109.169739, -7.562211 ], [ 109.169159, -7.56621 ], [ 109.168747, -7.56925 ], [ 109.168167, -7.572849 ], [ 109.167435, -7.575167 ], [ 109.163513, -7.576716 ], [ 109.156753, -7.577763 ], [ 109.154503, -7.577913 ], [ 109.150246, -7.577975 ], [ 109.14711, -7.579402 ], [ 109.142639, -7.578601 ], [ 109.140389, -7.578911 ], [ 109.138466, -7.576899 ], [ 109.135796, -7.577087 ], [ 109.133446, -7.576501 ], [ 109.131325, -7.576257 ], [ 109.129028, -7.576567 ], [ 109.126953, -7.576622 ], [ 109.125008, -7.577103 ], [ 109.122925, -7.577616 ], [ 109.120552, -7.577879 ], [ 109.118515, -7.578125 ], [ 109.11612, -7.577374 ], [ 109.113983, -7.576611 ], [ 109.111656, -7.578092 ], [ 109.109581, -7.578382 ], [ 109.107369, -7.57726 ], [ 109.104546, -7.577283 ], [ 109.10228, -7.577464 ], [ 109.099037, -7.57775 ], [ 109.096382, -7.577854 ], [ 109.093926, -7.577902 ], [ 109.091293, -7.576875 ], [ 109.08944, -7.57593 ], [ 109.087364, -7.575586 ], [ 109.08577, -7.574253 ], [ 109.083672, -7.573438 ], [ 109.081406, -7.573236 ], [ 109.078056, -7.57358 ], [ 109.075089, -7.574018 ], [ 109.072907, -7.573921 ], [ 109.07058, -7.5736 ], [ 109.066528, -7.573267 ], [ 109.064659, -7.571884 ], [ 109.061958, -7.570826 ], [ 109.060608, -7.569311 ], [ 109.059753, -7.567099 ], [ 109.059341, -7.564824 ], [ 109.059097, -7.5618 ], [ 109.059021, -7.559216 ], [ 109.058617, -7.556845 ], [ 109.055962, -7.556334 ], [ 109.053032, -7.557916 ], [ 109.050934, -7.559265 ], [ 109.047508, -7.559916 ], [ 109.044975, -7.55992 ], [ 109.042244, -7.559453 ], [ 109.039642, -7.558217 ], [ 109.037826, -7.557115 ], [ 109.036423, -7.555652 ], [ 109.034058, -7.555099 ], [ 109.031502, -7.554037 ], [ 109.028824, -7.55269 ], [ 109.025772, -7.550221 ], [ 109.02343, -7.54996 ], [ 109.021797, -7.54873 ], [ 109.020058, -7.547578 ], [ 109.01786, -7.54692 ], [ 109.016006, -7.546118 ], [ 109.013992, -7.545829 ], [ 109.012878, -7.544085 ], [ 109.01075, -7.543945 ], [ 109.008735, -7.543726 ], [ 109.006752, -7.54324 ], [ 109.004517, -7.543284 ], [ 109.003425, -7.541456 ], [ 109.003632, -7.539189 ], [ 109.003555, -7.537101 ], [ 109.003967, -7.534686 ], [ 109.004311, -7.532703 ], [ 109.005432, -7.529161 ], [ 109.001595, -7.529318 ], [ 109.000046, -7.526773 ], [ 108.99746, -7.525994 ], [ 108.995377, -7.525588 ], [ 108.993385, -7.525785 ], [ 108.991051, -7.524763 ], [ 108.988991, -7.523906 ], [ 108.986374, -7.524295 ], [ 108.983398, -7.524137 ], [ 108.982643, -7.521594 ], [ 108.980171, -7.519558 ], [ 108.978462, -7.520666 ], [ 108.976433, -7.520178 ], [ 108.974159, -7.519155 ], [ 108.972626, -7.516868 ], [ 108.973396, -7.515 ], [ 108.972244, -7.513033 ], [ 108.970635, -7.511436 ], [ 108.96859, -7.509989 ], [ 108.966141, -7.508222 ], [ 108.964928, -7.506151 ], [ 108.963776, -7.504432 ], [ 108.963196, -7.500005 ], [ 108.961891, -7.497485 ], [ 108.960365, -7.495554 ], [ 108.957916, -7.49493 ], [ 108.958168, -7.492395 ], [ 108.960015, -7.490655 ], [ 108.961754, -7.489614 ], [ 108.96386, -7.488268 ], [ 108.964599, -7.485911 ], [ 108.964218, -7.482849 ], [ 108.963829, -7.48077 ], [ 108.963211, -7.47845 ], [ 108.963852, -7.475829 ], [ 108.964104, -7.473579 ], [ 108.960022, -7.470788 ], [ 108.957901, -7.470368 ], [ 108.955902, -7.470718 ], [ 108.953987, -7.469708 ], [ 108.95182, -7.469087 ], [ 108.949791, -7.468785 ], [ 108.947723, -7.468463 ], [ 108.946068, -7.466589 ], [ 108.943962, -7.466149 ], [ 108.941887, -7.465255 ], [ 108.93985, -7.465063 ], [ 108.935883, -7.46585 ], [ 108.934258, -7.4645 ], [ 108.932053, -7.464478 ], [ 108.930061, -7.463688 ], [ 108.9282, -7.465225 ], [ 108.924942, -7.465024 ], [ 108.922096, -7.46489 ], [ 108.919136, -7.465127 ], [ 108.914665, -7.465827 ], [ 108.912453, -7.466034 ], [ 108.910164, -7.466375 ], [ 108.909386, -7.468666 ], [ 108.908668, -7.47055 ], [ 108.907532, -7.472715 ], [ 108.905762, -7.474039 ], [ 108.904228, -7.47579 ], [ 108.90181, -7.475293 ], [ 108.901527, -7.473107 ], [ 108.899338, -7.47054 ], [ 108.899811, -7.468582 ], [ 108.89769, -7.467588 ], [ 108.897987, -7.465347 ], [ 108.89653, -7.462973 ], [ 108.895164, -7.461291 ], [ 108.895271, -7.458936 ], [ 108.893272, -7.457598 ], [ 108.892342, -7.455727 ], [ 108.891609, -7.453743 ], [ 108.891853, -7.451623 ], [ 108.891357, -7.448463 ], [ 108.894043, -7.448752 ], [ 108.896469, -7.448074 ], [ 108.898949, -7.44753 ], [ 108.901161, -7.447119 ], [ 108.903686, -7.445966 ], [ 108.90593, -7.445762 ], [ 108.908188, -7.445692 ], [ 108.910767, -7.444987 ], [ 108.913505, -7.444992 ], [ 108.915779, -7.443891 ], [ 108.917236, -7.440793 ], [ 108.919166, -7.43959 ], [ 108.921318, -7.43913 ], [ 108.923111, -7.436781 ], [ 108.925201, -7.436021 ], [ 108.92736, -7.435088 ], [ 108.92913, -7.433431 ], [ 108.930908, -7.432018 ], [ 108.931923, -7.429738 ], [ 108.931572, -7.427469 ], [ 108.930924, -7.425378 ], [ 108.930115, -7.423341 ], [ 108.931938, -7.421736 ], [ 108.934082, -7.418108 ], [ 108.93557, -7.416018 ], [ 108.937607, -7.413985 ], [ 108.939095, -7.41246 ], [ 108.938576, -7.410414 ], [ 108.937386, -7.408689 ], [ 108.935669, -7.406736 ], [ 108.935783, -7.404344 ], [ 108.936531, -7.402421 ], [ 108.937782, -7.3999 ], [ 108.938667, -7.397574 ], [ 108.938454, -7.395522 ], [ 108.938759, -7.393265 ], [ 108.93557, -7.390336 ], [ 108.937264, -7.388518 ], [ 108.93869, -7.387082 ], [ 108.940536, -7.385262 ], [ 108.942619, -7.384645 ], [ 108.945488, -7.38421 ], [ 108.947815, -7.382635 ], [ 108.949364, -7.380886 ], [ 108.950363, -7.378238 ], [ 108.951858, -7.373537 ], [ 108.952217, -7.371564 ], [ 108.953438, -7.369739 ], [ 108.953247, -7.367646 ], [ 108.951348, -7.366461 ], [ 108.949654, -7.364996 ], [ 108.950302, -7.362977 ], [ 108.951759, -7.361273 ], [ 108.953423, -7.359762 ], [ 108.955269, -7.358444 ], [ 108.957474, -7.357822 ], [ 108.959457, -7.357163 ], [ 108.960983, -7.355836 ], [ 108.962494, -7.354403 ], [ 108.962051, -7.352368 ], [ 108.961922, -7.350029 ], [ 108.962364, -7.348079 ], [ 108.962051, -7.346062 ], [ 108.963409, -7.344411 ], [ 108.964859, -7.342571 ], [ 108.965591, -7.340554 ], [ 108.966362, -7.338421 ], [ 108.967018, -7.336295 ], [ 108.967911, -7.332423 ], [ 108.970047, -7.332965 ], [ 108.972038, -7.332428 ], [ 108.974838, -7.333167 ], [ 108.97718, -7.3334 ], [ 108.978798, -7.334726 ], [ 108.980843, -7.333482 ], [ 108.983017, -7.333213 ], [ 108.984558, -7.334605 ], [ 108.986473, -7.333769 ], [ 108.989075, -7.334094 ], [ 108.991516, -7.333992 ], [ 108.993599, -7.333832 ], [ 108.996231, -7.334519 ], [ 108.998283, -7.334169 ], [ 109.0, -7.33291 ], [ 109.001579, -7.334302 ], [ 109.004829, -7.335093 ], [ 109.006752, -7.334322 ], [ 109.008934, -7.333819 ], [ 109.011635, -7.33447 ], [ 109.013611, -7.335079 ], [ 109.016083, -7.335196 ], [ 109.018059, -7.334838 ], [ 109.020248, -7.333869 ], [ 109.0224, -7.33286 ], [ 109.024315, -7.331794 ], [ 109.025223, -7.329964 ], [ 109.02549, -7.327886 ], [ 109.027077, -7.326208 ], [ 109.029099, -7.326732 ], [ 109.030197, -7.328708 ], [ 109.030815, -7.331021 ], [ 109.031486, -7.333089 ], [ 109.032669, -7.33555 ], [ 109.033569, -7.337352 ], [ 109.034409, -7.339513 ], [ 109.035858, -7.341764 ], [ 109.036446, -7.343695 ], [ 109.035248, -7.345499 ], [ 109.033432, -7.34649 ], [ 109.031685, -7.347739 ], [ 109.03067, -7.349469 ], [ 109.032432, -7.350865 ], [ 109.035492, -7.351122 ], [ 109.036934, -7.34973 ], [ 109.038475, -7.348053 ], [ 109.040283, -7.346871 ], [ 109.04174, -7.345305 ], [ 109.043106, -7.343766 ], [ 109.04448, -7.342177 ], [ 109.046318, -7.340603 ], [ 109.047951, -7.339262 ], [ 109.050362, -7.338865 ], [ 109.052437, -7.33929 ], [ 109.054535, -7.339443 ], [ 109.057251, -7.340009 ], [ 109.059525, -7.339952 ], [ 109.061607, -7.339838 ], [ 109.063934, -7.339088 ], [ 109.065315, -7.337612 ], [ 109.066437, -7.335826 ], [ 109.066818, -7.333796 ], [ 109.068565, -7.332567 ], [ 109.069404, -7.330745 ], [ 109.070236, -7.328802 ], [ 109.070633, -7.326649 ], [ 109.0709, -7.324536 ], [ 109.07196, -7.322529 ], [ 109.073364, -7.320765 ], [ 109.074005, -7.318605 ], [ 109.07486, -7.316567 ], [ 109.075707, -7.314518 ], [ 109.076645, -7.312724 ], [ 109.078095, -7.31099 ], [ 109.079109, -7.309194 ], [ 109.080345, -7.307522 ], [ 109.081558, -7.305752 ], [ 109.082855, -7.303347 ], [ 109.082886, -7.300978 ], [ 109.084633, -7.297842 ], [ 109.085083, -7.294355 ], [ 109.091141, -7.29494 ], [ 109.093178, -7.294474 ], [ 109.095497, -7.294295 ], [ 109.097862, -7.294767 ], [ 109.0998, -7.294229 ], [ 109.101906, -7.293439 ], [ 109.104378, -7.293824 ], [ 109.106995, -7.29481 ], [ 109.109253, -7.294723 ], [ 109.111359, -7.294785 ], [ 109.113625, -7.294651 ], [ 109.115158, -7.296123 ], [ 109.116036, -7.297953 ], [ 109.120285, -7.297163 ], [ 109.120407, -7.295116 ], [ 109.12072, -7.293028 ], [ 109.120728, -7.290604 ], [ 109.121689, -7.288216 ], [ 109.123558, -7.287176 ], [ 109.125, -7.285773 ], [ 109.126999, -7.285113 ], [ 109.128815, -7.284048 ], [ 109.130921, -7.282923 ], [ 109.132309, -7.281127 ], [ 109.133606, -7.278925 ], [ 109.134804, -7.276593 ], [ 109.136063, -7.274667 ], [ 109.137703, -7.272466 ], [ 109.138924, -7.270881 ], [ 109.140984, -7.269575 ], [ 109.14328, -7.268058 ], [ 109.145546, -7.266996 ], [ 109.148086, -7.26826 ], [ 109.150139, -7.265641 ], [ 109.15303, -7.267206 ], [ 109.156494, -7.267431 ], [ 109.159042, -7.268188 ], [ 109.161087, -7.269689 ], [ 109.163101, -7.27106 ], [ 109.165131, -7.271215 ], [ 109.167687, -7.26806 ], [ 109.171936, -7.266406 ], [ 109.173767, -7.265293 ], [ 109.176178, -7.263599 ], [ 109.179611, -7.263373 ], [ 109.181397, -7.260357 ], [ 109.183517, -7.259165 ], [ 109.185173, -7.257719 ], [ 109.187447, -7.256341 ], [ 109.189781, -7.255408 ], [ 109.19117, -7.253921 ], [ 109.194229, -7.251359 ], [ 109.198097, -7.248365 ], [ 109.200691, -7.2479 ], [ 109.203743, -7.247779 ], [ 109.206284, -7.247372 ], [ 109.210388, -7.245361 ], [ 109.212662, -7.24361 ], [ 109.21624, -7.242177 ], [ 109.220245, -7.240483 ], [ 109.222153, -7.243267 ], [ 109.225464, -7.245326 ], [ 109.227295, -7.247155 ], [ 109.229584, -7.249785 ], [ 109.23111, -7.251383 ], [ 109.232895, -7.252458 ], [ 109.234764, -7.253882 ], [ 109.236221, -7.255664 ], [ 109.23896, -7.257228 ], [ 109.242668, -7.262939 ], [ 109.251808, -7.276349 ], [ 109.258514, -7.284273 ], [ 109.260956, -7.288743 ], [ 109.262375, -7.294432 ], [ 109.264206, -7.302965 ], [ 109.26725, -7.308248 ], [ 109.271111, -7.318001 ], [ 109.272125, -7.321455 ], [ 109.274773, -7.324299 ], [ 109.276192, -7.326737 ], [ 109.280663, -7.333848 ], [ 109.285538, -7.342179 ], [ 109.289192, -7.349087 ], [ 109.291428, -7.354776 ], [ 109.292305, -7.359579 ], [ 109.293762, -7.361349 ], [ 109.295128, -7.363062 ], [ 109.295769, -7.365263 ], [ 109.296898, -7.367118 ], [ 109.297615, -7.37017 ], [ 109.298172, -7.372148 ], [ 109.299988, -7.373129 ], [ 109.300888, -7.375001 ], [ 109.301483, -7.377256 ], [ 109.301414, -7.37939 ], [ 109.301292, -7.381673 ], [ 109.304306, -7.382415 ], [ 109.306114, -7.384432 ], [ 109.305863, -7.386439 ], [ 109.304718, -7.388518 ], [ 109.306442, -7.389945 ], [ 109.307419, -7.392002 ], [ 109.308334, -7.393998 ], [ 109.309349, -7.396373 ], [ 109.310325, -7.398717 ], [ 109.311089, -7.400637 ], [ 109.311402, -7.402631 ], [ 109.311058, -7.404608 ], [ 109.311676, -7.406604 ], [ 109.312546, -7.408872 ], [ 109.313888, -7.410392 ], [ 109.316155, -7.409627 ], [ 109.319359, -7.409337 ], [ 109.31942, -7.411569 ], [ 109.321144, -7.414223 ], [ 109.320839, -7.416583 ], [ 109.320641, -7.419064 ], [ 109.321572, -7.421598 ], [ 109.322433, -7.42377 ], [ 109.323876, -7.425993 ], [ 109.325928, -7.426988 ], [ 109.32827, -7.427203 ], [ 109.33104, -7.428737 ], [ 109.333084, -7.429494 ], [ 109.333603, -7.43179 ], [ 109.333435, -7.433838 ], [ 109.335098, -7.435153 ], [ 109.334885, -7.437278 ], [ 109.331886, -7.437541 ], [ 109.331268, -7.439592 ], [ 109.331322, -7.443055 ], [ 109.332718, -7.444589 ], [ 109.33435, -7.446101 ], [ 109.336517, -7.446693 ], [ 109.339012, -7.448278 ], [ 109.340919, -7.451557 ], [ 109.341095, -7.455429 ], [ 109.340584, -7.457772 ], [ 109.34018, -7.46042 ], [ 109.337837, -7.460114 ], [ 109.335693, -7.458587 ], [ 109.330811, -7.458077 ], [ 109.328156, -7.458179 ], [ 109.326118, -7.45879 ], [ 109.324081, -7.460114 ], [ 109.323982, -7.462661 ], [ 109.324898, -7.465105 ], [ 109.324188, -7.467244 ], [ 109.321541, -7.469383 ], [ 109.320519, -7.471522 ], [ 109.319908, -7.473967 ], [ 109.320114, -7.476513 ], [ 109.320007, -7.479772 ], [ 109.32093, -7.482216 ], [ 109.322349, -7.483643 ], [ 109.325104, -7.48354 ], [ 109.32724, -7.483031 ], [ 109.329384, -7.482522 ], [ 109.331726, -7.483031 ], [ 109.333862, -7.484559 ], [ 109.335693, -7.48568 ], [ 109.33831, -7.486752 ], [ 109.340378, -7.485335 ], [ 109.342476, -7.483259 ], [ 109.341278, -7.480952 ], [ 109.342842, -7.479652 ], [ 109.345711, -7.478776 ], [ 109.345055, -7.481137 ], [ 109.345657, -7.483231 ], [ 109.347702, -7.483901 ], [ 109.349297, -7.482058 ], [ 109.351181, -7.481164 ], [ 109.351806, -7.483708 ], [ 109.352997, -7.485345 ], [ 109.356438, -7.483338 ], [ 109.35807, -7.485814 ], [ 109.361603, -7.485296 ], [ 109.363304, -7.486874 ], [ 109.363479, -7.490652 ], [ 109.364113, -7.492579 ], [ 109.363006, -7.49445 ], [ 109.364517, -7.495862 ], [ 109.365875, -7.497447 ], [ 109.364922, -7.499254 ], [ 109.365654, -7.503333 ], [ 109.365059, -7.50578 ], [ 109.364067, -7.509021 ], [ 109.364532, -7.511005 ], [ 109.367111, -7.512394 ], [ 109.370087, -7.512659 ], [ 109.373062, -7.514379 ], [ 109.375114, -7.515966 ], [ 109.378815, -7.516694 ], [ 109.382324, -7.516164 ], [ 109.384903, -7.517289 ], [ 109.387352, -7.519935 ], [ 109.389099, -7.524432 ], [ 109.39003, -7.52721 ], [ 109.391152, -7.529261 ], [ 109.392975, -7.531708 ], [ 109.394424, -7.53475 ], [ 109.4011, -7.536959 ], [ 109.402725, -7.538833 ], [ 109.404335, -7.540591 ], [ 109.40654, -7.540152 ], [ 109.408653, -7.539429 ], [ 109.41098, -7.538763 ], [ 109.413834, -7.538583 ], [ 109.416321, -7.538515 ], [ 109.417152, -7.536357 ], [ 109.418701, -7.534042 ], [ 109.421104, -7.534337 ], [ 109.423004, -7.535149 ], [ 109.424988, -7.536466 ], [ 109.427345, -7.537078 ], [ 109.430504, -7.537157 ], [ 109.432739, -7.53614 ], [ 109.435577, -7.535787 ], [ 109.43483, -7.538323 ], [ 109.433441, -7.542494 ], [ 109.430397, -7.548403 ], [ 109.429359, -7.551531 ], [ 109.42675, -7.555529 ], [ 109.424316, -7.556397 ], [ 109.418587, -7.558657 ], [ 109.416672, -7.560742 ], [ 109.414238, -7.564913 ], [ 109.413719, -7.566998 ], [ 109.414932, -7.570996 ], [ 109.416321, -7.573603 ], [ 109.418411, -7.576383 ], [ 109.419975, -7.579685 ], [ 109.420669, -7.582118 ], [ 109.420669, -7.584377 ], [ 109.421364, -7.586463 ], [ 109.423446, -7.588375 ], [ 109.425011, -7.589765 ], [ 109.427795, -7.593241 ], [ 109.428665, -7.5955 ], [ 109.430397, -7.59689 ], [ 109.433182, -7.599671 ], [ 109.436485, -7.602278 ], [ 109.438049, -7.605232 ], [ 109.442917, -7.615833 ], [ 109.443955, -7.618961 ], [ 109.44326, -7.622263 ], [ 109.441872, -7.624349 ], [ 109.440033, -7.626413 ], [ 109.439964, -7.62857 ], [ 109.439628, -7.630626 ], [ 109.438263, -7.632534 ], [ 109.436539, -7.633987 ], [ 109.435173, -7.635456 ], [ 109.432709, -7.634899 ], [ 109.430939, -7.63362 ], [ 109.428833, -7.632692 ], [ 109.426407, -7.632761 ], [ 109.42453, -7.634723 ], [ 109.423996, -7.636996 ], [ 109.422081, -7.637576 ], [ 109.419937, -7.638084 ], [ 109.418701, -7.639805 ], [ 109.417862, -7.641711 ], [ 109.416595, -7.643387 ], [ 109.414818, -7.646243 ], [ 109.41053, -7.648509 ], [ 109.407791, -7.650892 ], [ 109.406303, -7.647844 ], [ 109.404617, -7.649688 ], [ 109.400948, -7.649213 ], [ 109.398888, -7.652194 ], [ 109.398102, -7.654046 ], [ 109.39679, -7.656075 ], [ 109.394417, -7.658033 ], [ 109.39257, -7.659333 ], [ 109.390388, -7.65922 ], [ 109.387886, -7.65813 ] ] ] } },
{ "type": "Feature", "properties": { "STATISTIK": "3325", "KABUPATEN": "BATANG", "PROPINSI": "JAWA TENGAH", "LUAS_KM2": "69.909", "DATA": "BAKOSURTANAL, BPS" }, "geometry": { "type": "Polygon", "coordinates": [ [ [ 109.970146, -7.08771 ], [ 109.965767, -7.091684 ], [ 109.963364, -7.096411 ], [ 109.962448, -7.098913 ], [ 109.960739, -7.104249 ], [ 109.958489, -7.109603 ], [ 109.95668, -7.113701 ], [ 109.953758, -7.118948 ], [ 109.951294, -7.122235 ], [ 109.948715, -7.125753 ], [ 109.947975, -7.127712 ], [ 109.947289, -7.130651 ], [ 109.946152, -7.133475 ], [ 109.944084, -7.136474 ], [ 109.941414, -7.139575 ], [ 109.94014, -7.144083 ], [ 109.939522, -7.149959 ], [ 109.93911, -7.153022 ], [ 109.938675, -7.156296 ], [ 109.936913, -7.162289 ], [ 109.93512, -7.166326 ], [ 109.933083, -7.172374 ], [ 109.929596, -7.18004 ], [ 109.928276, -7.182001 ], [ 109.926102, -7.185864 ], [ 109.923691, -7.187654 ], [ 109.920937, -7.190365 ], [ 109.919327, -7.191635 ], [ 109.916862, -7.194462 ], [ 109.91497, -7.195905 ], [ 109.913246, -7.198154 ], [ 109.909561, -7.196203 ], [ 109.906334, -7.194596 ], [ 109.901085, -7.191438 ], [ 109.896301, -7.189661 ], [ 109.892853, -7.189264 ], [ 109.886627, -7.188124 ], [ 109.886642, -7.186072 ], [ 109.882995, -7.185135 ], [ 109.876373, -7.184111 ], [ 109.873779, -7.18267 ], [ 109.870392, -7.183949 ], [ 109.864853, -7.181425 ], [ 109.862152, -7.180738 ], [ 109.854202, -7.179082 ], [ 109.851036, -7.179318 ], [ 109.849022, -7.180243 ], [ 109.847824, -7.182147 ], [ 109.845703, -7.185203 ], [ 109.84404, -7.186358 ], [ 109.841156, -7.186307 ], [ 109.838776, -7.187359 ], [ 109.83532, -7.187998 ], [ 109.833252, -7.188002 ], [ 109.831238, -7.187142 ], [ 109.829506, -7.185763 ], [ 109.826462, -7.178614 ], [ 109.828407, -7.176019 ], [ 109.830177, -7.169565 ], [ 109.829475, -7.16565 ], [ 109.827736, -7.161622 ], [ 109.826439, -7.152755 ], [ 109.825508, -7.14884 ], [ 109.826362, -7.145037 ], [ 109.826233, -7.141179 ], [ 109.825813, -7.133692 ], [ 109.824814, -7.128807 ], [ 109.824402, -7.126806 ], [ 109.82135, -7.124082 ], [ 109.819671, -7.120917 ], [ 109.818626, -7.118212 ], [ 109.817444, -7.116349 ], [ 109.815102, -7.11269 ], [ 109.810944, -7.108839 ], [ 109.809097, -7.106826 ], [ 109.807182, -7.101761 ], [ 109.80677, -7.099631 ], [ 109.803765, -7.093647 ], [ 109.797378, -7.094464 ], [ 109.794899, -7.093317 ], [ 109.790657, -7.092091 ], [ 109.789208, -7.089627 ], [ 109.788307, -7.087163 ], [ 109.788872, -7.08414 ], [ 109.790214, -7.080781 ], [ 109.791779, -7.07619 ], [ 109.792679, -7.072382 ], [ 109.793457, -7.068911 ], [ 109.793236, -7.066783 ], [ 109.791672, -7.064432 ], [ 109.788536, -7.061072 ], [ 109.7826, -7.054801 ], [ 109.780472, -7.052114 ], [ 109.779808, -7.049976 ], [ 109.776978, -7.046296 ], [ 109.774551, -7.043823 ], [ 109.773681, -7.041233 ], [ 109.773216, -7.038585 ], [ 109.772339, -7.036109 ], [ 109.769272, -7.029262 ], [ 109.766564, -7.027366 ], [ 109.764496, -7.028982 ], [ 109.762314, -7.03152 ], [ 109.759735, -7.033713 ], [ 109.757378, -7.034639 ], [ 109.754616, -7.035105 ], [ 109.746956, -7.033506 ], [ 109.744507, -7.030985 ], [ 109.737266, -7.027016 ], [ 109.734733, -7.025983 ], [ 109.731155, -7.02432 ], [ 109.730171, -7.020924 ], [ 109.729843, -7.016911 ], [ 109.729744, -7.012458 ], [ 109.727654, -7.007739 ], [ 109.727509, -7.003866 ], [ 109.72818, -7.00013 ], [ 109.728531, -6.996323 ], [ 109.727776, -6.994306 ], [ 109.726196, -6.990047 ], [ 109.72477, -6.986184 ], [ 109.723434, -6.98005 ], [ 109.726623, -6.977253 ], [ 109.729813, -6.977542 ], [ 109.732536, -6.975451 ], [ 109.733734, -6.97367 ], [ 109.731613, -6.972342 ], [ 109.729469, -6.970305 ], [ 109.728554, -6.967411 ], [ 109.729553, -6.964737 ], [ 109.731293, -6.963172 ], [ 109.732834, -6.96159 ], [ 109.732361, -6.958978 ], [ 109.730148, -6.957353 ], [ 109.728188, -6.955167 ], [ 109.726273, -6.952158 ], [ 109.724838, -6.949359 ], [ 109.722626, -6.949221 ], [ 109.720627, -6.947679 ], [ 109.719437, -6.945181 ], [ 109.71888, -6.942899 ], [ 109.718872, -6.939611 ], [ 109.719147, -6.936754 ], [ 109.717277, -6.935791 ], [ 109.715401, -6.934629 ], [ 109.714096, -6.932428 ], [ 109.714271, -6.929289 ], [ 109.714294, -6.927092 ], [ 109.712875, -6.923996 ], [ 109.712357, -6.921205 ], [ 109.709816, -6.918455 ], [ 109.707947, -6.915193 ], [ 109.710831, -6.914646 ], [ 109.713097, -6.914412 ], [ 109.715286, -6.914646 ], [ 109.718483, -6.915895 ], [ 109.721527, -6.917066 ], [ 109.725395, -6.918146 ], [ 109.727806, -6.916354 ], [ 109.72805, -6.914314 ], [ 109.72731, -6.912028 ], [ 109.727776, -6.909834 ], [ 109.728706, -6.907362 ], [ 109.730431, -6.904334 ], [ 109.73278, -6.902356 ], [ 109.73439, -6.899513 ], [ 109.735375, -6.895929 ], [ 109.734993, -6.892211 ], [ 109.734123, -6.890275 ], [ 109.73452, -6.888099 ], [ 109.735802, -6.885627 ], [ 109.736694, -6.883798 ], [ 109.738228, -6.881029 ], [ 109.739235, -6.877185 ], [ 109.741615, -6.877914 ], [ 109.74221, -6.87799 ], [ 109.743584, -6.878349 ], [ 109.747528, -6.879302 ], [ 109.749711, -6.879377 ], [ 109.750687, -6.879095 ], [ 109.752465, -6.880049 ], [ 109.753426, -6.880678 ], [ 109.755188, -6.881752 ], [ 109.756411, -6.882478 ], [ 109.758636, -6.883387 ], [ 109.76131, -6.884255 ], [ 109.762848, -6.884501 ], [ 109.765198, -6.885106 ], [ 109.769012, -6.886149 ], [ 109.771118, -6.886821 ], [ 109.773308, -6.887347 ], [ 109.775688, -6.887756 ], [ 109.779137, -6.888428 ], [ 109.781685, -6.88895 ], [ 109.785051, -6.889372 ], [ 109.785622, -6.889172 ], [ 109.786005, -6.889155 ], [ 109.787643, -6.889637 ], [ 109.788519, -6.889768 ], [ 109.789149, -6.889762 ], [ 109.790024, -6.889993 ], [ 109.791512, -6.890478 ], [ 109.792122, -6.890306 ], [ 109.792531, -6.89063 ], [ 109.793333, -6.890825 ], [ 109.793853, -6.890565 ], [ 109.794281, -6.890247 ], [ 109.794525, -6.890131 ], [ 109.795284, -6.890391 ], [ 109.796387, -6.891002 ], [ 109.797561, -6.891258 ], [ 109.798515, -6.891822 ], [ 109.798668, -6.891646 ], [ 109.799187, -6.89115 ], [ 109.799512, -6.891345 ], [ 109.799664, -6.892169 ], [ 109.800683, -6.892971 ], [ 109.801333, -6.892993 ], [ 109.80172, -6.893564 ], [ 109.801788, -6.894727 ], [ 109.804321, -6.896814 ], [ 109.806435, -6.898443 ], [ 109.808418, -6.899535 ], [ 109.811363, -6.900872 ], [ 109.813408, -6.901621 ], [ 109.815384, -6.902275 ], [ 109.819046, -6.903465 ], [ 109.820625, -6.903814 ], [ 109.823829, -6.904598 ], [ 109.826019, -6.905014 ], [ 109.82811, -6.905243 ], [ 109.83046, -6.905622 ], [ 109.832794, -6.905969 ], [ 109.835549, -6.906104 ], [ 109.837106, -6.906045 ], [ 109.837784, -6.906082 ], [ 109.838754, -6.906153 ], [ 109.839889, -6.906599 ], [ 109.841594, -6.907519 ], [ 109.842049, -6.907129 ], [ 109.842358, -6.906872 ], [ 109.842789, -6.90692 ], [ 109.844902, -6.907188 ], [ 109.846931, -6.907577 ], [ 109.847795, -6.907887 ], [ 109.848778, -6.908444 ], [ 109.850462, -6.909644 ], [ 109.850852, -6.909687 ], [ 109.851047, -6.90895 ], [ 109.851196, -6.908897 ], [ 109.853493, -6.909649 ], [ 109.855942, -6.910515 ], [ 109.858765, -6.911597 ], [ 109.860916, -6.912606 ], [ 109.863548, -6.913551 ], [ 109.867668, -6.914681 ], [ 109.870575, -6.915047 ], [ 109.875, -6.915801 ], [ 109.877454, -6.916104 ], [ 109.879845, -6.916622 ], [ 109.88192, -6.917002 ], [ 109.884895, -6.917294 ], [ 109.887558, -6.917503 ], [ 109.891083, -6.917915 ], [ 109.89312, -6.917906 ], [ 109.894864, -6.917904 ], [ 109.895576, -6.917971 ], [ 109.898804, -6.918017 ], [ 109.901894, -6.917915 ], [ 109.904167, -6.917917 ], [ 109.907196, -6.917848 ], [ 109.910474, -6.917665 ], [ 109.911102, -6.917232 ], [ 109.911182, -6.916834 ], [ 109.911254, -6.91669 ], [ 109.91185, -6.916664 ], [ 109.913292, -6.916213 ], [ 109.914482, -6.916242 ], [ 109.915381, -6.916051 ], [ 109.915677, -6.915844 ], [ 109.916717, -6.915766 ], [ 109.91922, -6.915201 ], [ 109.92036, -6.914543 ], [ 109.921303, -6.914511 ], [ 109.922181, -6.913936 ], [ 109.923569, -6.913394 ], [ 109.924873, -6.913108 ], [ 109.92578, -6.912874 ], [ 109.926674, -6.912086 ], [ 109.927865, -6.912269 ], [ 109.9281, -6.912397 ], [ 109.928863, -6.912423 ], [ 109.929401, -6.91257 ], [ 109.929987, -6.912874 ], [ 109.930657, -6.913618 ], [ 109.931678, -6.914608 ], [ 109.932388, -6.914839 ], [ 109.933911, -6.915627 ], [ 109.934631, -6.915656 ], [ 109.935407, -6.915129 ], [ 109.93584, -6.915194 ], [ 109.936875, -6.915384 ], [ 109.93777, -6.915281 ], [ 109.937987, -6.915237 ], [ 109.938897, -6.915302 ], [ 109.939735, -6.915564 ], [ 109.940979, -6.91669 ], [ 109.941628, -6.916644 ], [ 109.943748, -6.917147 ], [ 109.944599, -6.917058 ], [ 109.945717, -6.916709 ], [ 109.947028, -6.916885 ], [ 109.947266, -6.916516 ], [ 109.947526, -6.916473 ], [ 109.947846, -6.916738 ], [ 109.947938, -6.916972 ], [ 109.947743, -6.917622 ], [ 109.947786, -6.918034 ], [ 109.947916, -6.918359 ], [ 109.948357, -6.918717 ], [ 109.949477, -6.919291 ], [ 109.950193, -6.91953 ], [ 109.950958, -6.919436 ], [ 109.95273, -6.919248 ], [ 109.954331, -6.919312 ], [ 109.955613, -6.919205 ], [ 109.956329, -6.9194 ], [ 109.957217, -6.919638 ], [ 109.958336, -6.919651 ], [ 109.959971, -6.919357 ], [ 109.96035, -6.919523 ], [ 109.96125, -6.919812 ], [ 109.962372, -6.919708 ], [ 109.963115, -6.919703 ], [ 109.964112, -6.92031 ], [ 109.964371, -6.920818 ], [ 109.964697, -6.921329 ], [ 109.965106, -6.921392 ], [ 109.965803, -6.921373 ], [ 109.96595, -6.922051 ], [ 109.966345, -6.922435 ], [ 109.969162, -6.923082 ], [ 109.969358, -6.923083 ], [ 109.970399, -6.922804 ], [ 109.971954, -6.923101 ], [ 109.973478, -6.923606 ], [ 109.974602, -6.923671 ], [ 109.976014, -6.923628 ], [ 109.977531, -6.922902 ], [ 109.978378, -6.922652 ], [ 109.979158, -6.922652 ], [ 109.979645, -6.923107 ], [ 109.980119, -6.923331 ], [ 109.980156, -6.923519 ], [ 109.980524, -6.923823 ], [ 109.981926, -6.924186 ], [ 109.982497, -6.924191 ], [ 109.982952, -6.924061 ], [ 109.984146, -6.923345 ], [ 109.986572, -6.92376 ], [ 109.987982, -6.923563 ], [ 109.989021, -6.922889 ], [ 109.990996, -6.922934 ], [ 109.992449, -6.922763 ], [ 109.992925, -6.92263 ], [ 109.99363, -6.922719 ], [ 109.996452, -6.922607 ], [ 109.998758, -6.922348 ], [ 110.0, -6.921991 ], [ 110.001294, -6.92185 ], [ 110.003372, -6.921334 ], [ 110.004597, -6.920871 ], [ 110.004958, -6.920549 ], [ 110.005691, -6.920457 ], [ 110.006866, -6.920137 ], [ 110.006965, -6.919792 ], [ 110.008297, -6.919096 ], [ 110.009949, -6.918791 ], [ 110.012077, -6.918071 ], [ 110.013587, -6.917622 ], [ 110.014021, -6.917253 ], [ 110.014931, -6.916873 ], [ 110.015625, -6.916603 ], [ 110.016081, -6.9163 ], [ 110.017075, -6.916038 ], [ 110.018913, -6.915117 ], [ 110.020935, -6.914186 ], [ 110.023821, -6.912809 ], [ 110.026123, -6.911779 ], [ 110.027771, -6.915027 ], [ 110.030151, -6.916218 ], [ 110.032333, -6.916615 ], [ 110.034721, -6.917012 ], [ 110.036903, -6.916615 ], [ 110.039482, -6.916417 ], [ 110.041664, -6.917409 ], [ 110.041466, -6.921182 ], [ 110.038292, -6.923961 ], [ 110.034721, -6.925947 ], [ 110.031738, -6.927535 ], [ 110.030151, -6.929123 ], [ 110.028961, -6.9323 ], [ 110.029358, -6.93508 ], [ 110.031341, -6.938654 ], [ 110.033722, -6.941433 ], [ 110.038094, -6.944412 ], [ 110.041664, -6.946794 ], [ 110.043854, -6.947985 ], [ 110.045242, -6.950368 ], [ 110.046036, -6.952949 ], [ 110.04612, -6.955184 ], [ 110.046234, -6.95831 ], [ 110.047867, -6.960258 ], [ 110.046631, -6.965457 ], [ 110.047028, -6.96923 ], [ 110.047821, -6.971811 ], [ 110.047424, -6.976775 ], [ 110.045242, -6.98015 ], [ 110.044113, -6.982972 ], [ 110.041962, -6.985875 ], [ 110.040199, -6.989621 ], [ 110.037826, -6.990856 ], [ 110.035835, -6.99133 ], [ 110.033325, -6.991937 ], [ 110.030189, -6.992483 ], [ 110.028504, -6.995331 ], [ 110.024963, -6.997758 ], [ 110.02224, -7.000526 ], [ 110.020752, -7.003121 ], [ 110.01651, -7.007563 ], [ 110.012291, -7.012413 ], [ 110.010712, -7.014082 ], [ 110.009048, -7.015812 ], [ 110.007095, -7.01789 ], [ 110.002731, -7.020432 ], [ 110.000549, -7.021299 ], [ 109.996048, -7.022278 ], [ 109.992722, -7.02212 ], [ 109.985535, -7.024724 ], [ 109.980774, -7.027901 ], [ 109.978241, -7.029057 ], [ 109.976288, -7.029924 ], [ 109.973648, -7.032866 ], [ 109.973831, -7.03517 ], [ 109.973373, -7.038454 ], [ 109.973679, -7.041681 ], [ 109.975174, -7.043519 ], [ 109.977539, -7.045415 ], [ 109.979332, -7.048176 ], [ 109.980553, -7.052091 ], [ 109.981438, -7.058482 ], [ 109.980247, -7.065798 ], [ 109.979622, -7.0677 ], [ 109.979401, -7.069889 ], [ 109.978325, -7.075811 ], [ 109.97731, -7.078068 ], [ 109.976151, -7.080665 ], [ 109.973969, -7.083375 ], [ 109.970146, -7.08771 ] ] ] } },
{ "type": "Feature", "properties": { "STATISTIK": "3316", "KABUPATEN": "BLORA", "PROPINSI": "JAWA TENGAH", "LUAS_KM2": "130.458", "DATA": "BAKOSURTANAL, BPS" }, "geometry": { "type": "Polygon", "coordinates": [ [ [ 111.612236, -7.121938 ], [ 111.611702, -7.124993 ], [ 111.609863, -7.125854 ], [ 111.607918, -7.126632 ], [ 111.606163, -7.127668 ], [ 111.607323, -7.129318 ], [ 111.607262, -7.131392 ], [ 111.609238, -7.13217 ], [ 111.608185, -7.134191 ], [ 111.60775, -7.136658 ], [ 111.60994, -7.136036 ], [ 111.609795, -7.138175 ], [ 111.610626, -7.141965 ], [ 111.608597, -7.142102 ], [ 111.606651, -7.143 ], [ 111.606819, -7.145579 ], [ 111.604095, -7.14589 ], [ 111.601273, -7.14464 ], [ 111.599289, -7.144927 ], [ 111.598076, -7.146821 ], [ 111.598106, -7.148925 ], [ 111.598999, -7.151851 ], [ 111.598969, -7.154434 ], [ 111.596252, -7.157086 ], [ 111.593498, -7.158877 ], [ 111.591545, -7.160469 ], [ 111.589592, -7.162226 ], [ 111.588066, -7.16381 ], [ 111.585777, -7.167677 ], [ 111.584373, -7.170783 ], [ 111.583671, -7.17389 ], [ 111.584084, -7.176994 ], [ 111.584984, -7.178996 ], [ 111.586296, -7.181398 ], [ 111.587097, -7.183401 ], [ 111.587303, -7.185504 ], [ 111.58429, -7.185708 ], [ 111.582184, -7.186111 ], [ 111.580017, -7.186854 ], [ 111.575829, -7.188292 ], [ 111.571251, -7.186847 ], [ 111.568985, -7.186106 ], [ 111.566658, -7.186555 ], [ 111.564758, -7.188402 ], [ 111.563896, -7.190575 ], [ 111.565056, -7.193132 ], [ 111.568245, -7.195844 ], [ 111.568848, -7.197947 ], [ 111.568352, -7.202755 ], [ 111.567367, -7.204908 ], [ 111.566391, -7.207001 ], [ 111.563988, -7.207705 ], [ 111.561875, -7.207407 ], [ 111.558869, -7.206209 ], [ 111.556854, -7.203307 ], [ 111.555046, -7.201706 ], [ 111.552338, -7.203012 ], [ 111.550232, -7.204417 ], [ 111.548226, -7.206623 ], [ 111.546524, -7.21003 ], [ 111.544319, -7.212737 ], [ 111.542313, -7.214042 ], [ 111.5392, -7.214746 ], [ 111.53669, -7.215751 ], [ 111.536896, -7.217754 ], [ 111.539009, -7.220757 ], [ 111.541618, -7.222957 ], [ 111.543228, -7.224157 ], [ 111.542328, -7.227163 ], [ 111.539314, -7.227868 ], [ 111.536003, -7.22727 ], [ 111.533394, -7.226873 ], [ 111.531082, -7.226475 ], [ 111.528076, -7.22728 ], [ 111.525467, -7.230288 ], [ 111.523819, -7.234227 ], [ 111.523018, -7.236432 ], [ 111.520309, -7.238038 ], [ 111.517792, -7.238173 ], [ 111.514351, -7.238207 ], [ 111.510025, -7.238249 ], [ 111.508003, -7.243695 ], [ 111.503876, -7.247192 ], [ 111.500061, -7.248783 ], [ 111.495605, -7.248465 ], [ 111.492424, -7.245921 ], [ 111.489563, -7.244013 ], [ 111.486702, -7.244013 ], [ 111.484795, -7.246239 ], [ 111.484474, -7.248783 ], [ 111.487976, -7.25228 ], [ 111.489242, -7.25387 ], [ 111.489563, -7.256096 ], [ 111.487976, -7.258958 ], [ 111.481934, -7.256414 ], [ 111.479706, -7.252598 ], [ 111.479072, -7.250054 ], [ 111.476524, -7.249101 ], [ 111.473984, -7.249736 ], [ 111.470169, -7.252598 ], [ 111.467941, -7.25546 ], [ 111.466988, -7.257368 ], [ 111.46508, -7.259912 ], [ 111.462219, -7.26023 ], [ 111.45713, -7.258004 ], [ 111.455856, -7.25546 ], [ 111.455856, -7.252916 ], [ 111.453316, -7.249736 ], [ 111.448227, -7.251008 ], [ 111.44632, -7.25864 ], [ 111.44632, -7.262456 ], [ 111.446953, -7.264682 ], [ 111.447273, -7.266908 ], [ 111.447273, -7.269452 ], [ 111.445046, -7.270405 ], [ 111.443772, -7.265317 ], [ 111.439644, -7.264364 ], [ 111.43837, -7.26659 ], [ 111.438049, -7.269769 ], [ 111.438049, -7.271995 ], [ 111.437736, -7.282489 ], [ 111.433602, -7.292028 ], [ 111.43042, -7.297116 ], [ 111.42247, -7.304748 ], [ 111.419609, -7.307927 ], [ 111.419609, -7.311425 ], [ 111.423103, -7.313969 ], [ 111.426918, -7.315559 ], [ 111.431053, -7.316831 ], [ 111.435188, -7.316831 ], [ 111.440277, -7.316195 ], [ 111.44632, -7.315559 ], [ 111.450134, -7.315241 ], [ 111.452675, -7.317467 ], [ 111.453316, -7.320329 ], [ 111.451721, -7.324144 ], [ 111.447594, -7.32796 ], [ 111.443459, -7.33114 ], [ 111.441551, -7.333684 ], [ 111.443772, -7.337182 ], [ 111.445046, -7.339407 ], [ 111.445046, -7.342587 ], [ 111.442818, -7.343541 ], [ 111.439957, -7.345131 ], [ 111.43869, -7.347357 ], [ 111.43869, -7.350537 ], [ 111.441231, -7.353717 ], [ 111.445999, -7.354035 ], [ 111.448547, -7.353081 ], [ 111.450455, -7.351491 ], [ 111.453629, -7.349901 ], [ 111.455223, -7.351173 ], [ 111.455544, -7.355307 ], [ 111.455544, -7.358169 ], [ 111.455223, -7.362938 ], [ 111.455544, -7.365482 ], [ 111.458603, -7.368554 ], [ 111.460007, -7.370153 ], [ 111.463181, -7.371095 ], [ 111.464294, -7.373043 ], [ 111.463402, -7.377873 ], [ 111.459328, -7.378372 ], [ 111.455505, -7.376845 ], [ 111.453064, -7.375623 ], [ 111.450623, -7.374249 ], [ 111.447266, -7.3715 ], [ 111.444817, -7.369821 ], [ 111.442375, -7.369058 ], [ 111.436272, -7.367225 ], [ 111.432297, -7.365698 ], [ 111.430008, -7.364324 ], [ 111.427566, -7.361881 ], [ 111.426193, -7.359438 ], [ 111.424973, -7.355773 ], [ 111.423592, -7.352872 ], [ 111.420998, -7.349055 ], [ 111.418861, -7.346612 ], [ 111.416268, -7.345085 ], [ 111.413368, -7.343864 ], [ 111.406952, -7.343101 ], [ 111.399162, -7.342642 ], [ 111.393974, -7.343101 ], [ 111.39077, -7.343406 ], [ 111.387405, -7.343406 ], [ 111.380997, -7.342032 ], [ 111.373512, -7.34081 ], [ 111.367867, -7.338214 ], [ 111.36824, -7.336183 ], [ 111.366394, -7.33375 ], [ 111.362785, -7.331426 ], [ 111.357849, -7.331165 ], [ 111.355331, -7.331835 ], [ 111.351509, -7.333095 ], [ 111.348244, -7.334511 ], [ 111.345932, -7.334984 ], [ 111.345657, -7.332935 ], [ 111.347473, -7.331782 ], [ 111.347488, -7.329659 ], [ 111.345734, -7.328432 ], [ 111.346619, -7.326622 ], [ 111.346542, -7.324478 ], [ 111.345665, -7.32185 ], [ 111.344788, -7.319345 ], [ 111.342628, -7.319271 ], [ 111.340263, -7.318271 ], [ 111.338509, -7.319323 ], [ 111.336273, -7.31936 ], [ 111.334618, -7.320722 ], [ 111.332642, -7.319836 ], [ 111.332962, -7.317766 ], [ 111.331085, -7.316117 ], [ 111.329056, -7.315981 ], [ 111.327103, -7.316612 ], [ 111.325455, -7.315407 ], [ 111.323547, -7.312394 ], [ 111.321815, -7.310101 ], [ 111.319748, -7.309291 ], [ 111.318176, -7.308023 ], [ 111.317207, -7.306064 ], [ 111.315338, -7.304819 ], [ 111.312439, -7.305686 ], [ 111.310524, -7.306278 ], [ 111.308808, -7.305026 ], [ 111.308464, -7.302936 ], [ 111.307098, -7.301271 ], [ 111.305427, -7.302877 ], [ 111.303078, -7.301441 ], [ 111.300392, -7.301871 ], [ 111.298081, -7.300817 ], [ 111.296105, -7.301489 ], [ 111.293823, -7.30026 ], [ 111.293564, -7.298275 ], [ 111.293243, -7.296121 ], [ 111.290245, -7.29347 ], [ 111.288887, -7.291842 ], [ 111.286888, -7.291215 ], [ 111.286408, -7.289156 ], [ 111.283798, -7.288905 ], [ 111.281677, -7.289368 ], [ 111.279671, -7.288679 ], [ 111.277565, -7.288248 ], [ 111.275703, -7.289651 ], [ 111.272896, -7.289622 ], [ 111.270828, -7.289732 ], [ 111.268723, -7.289444 ], [ 111.267212, -7.287856 ], [ 111.265129, -7.287478 ], [ 111.262901, -7.28724 ], [ 111.260857, -7.287718 ], [ 111.258881, -7.28816 ], [ 111.256821, -7.287856 ], [ 111.254837, -7.286915 ], [ 111.254387, -7.284918 ], [ 111.252174, -7.28481 ], [ 111.24852, -7.284053 ], [ 111.248466, -7.286139 ], [ 111.246292, -7.285665 ], [ 111.244156, -7.28551 ], [ 111.243095, -7.283812 ], [ 111.241463, -7.282398 ], [ 111.241501, -7.280386 ], [ 111.241241, -7.278368 ], [ 111.239487, -7.277104 ], [ 111.238586, -7.275313 ], [ 111.237404, -7.273366 ], [ 111.236023, -7.271711 ], [ 111.234726, -7.270132 ], [ 111.232422, -7.26902 ], [ 111.230781, -7.267652 ], [ 111.228714, -7.267718 ], [ 111.227501, -7.266109 ], [ 111.226578, -7.264189 ], [ 111.225021, -7.262919 ], [ 111.223534, -7.260759 ], [ 111.222969, -7.258631 ], [ 111.223892, -7.256844 ], [ 111.222496, -7.255276 ], [ 111.224434, -7.253311 ], [ 111.226105, -7.251456 ], [ 111.228447, -7.249548 ], [ 111.230339, -7.248345 ], [ 111.232773, -7.246837 ], [ 111.2341, -7.244461 ], [ 111.237503, -7.241233 ], [ 111.239197, -7.239937 ], [ 111.241493, -7.239814 ], [ 111.243233, -7.238715 ], [ 111.242867, -7.236337 ], [ 111.242172, -7.234446 ], [ 111.242073, -7.231548 ], [ 111.240715, -7.228272 ], [ 111.239456, -7.225714 ], [ 111.239647, -7.223594 ], [ 111.240379, -7.221549 ], [ 111.241279, -7.219726 ], [ 111.241356, -7.217591 ], [ 111.241928, -7.215548 ], [ 111.242691, -7.21334 ], [ 111.2425, -7.211068 ], [ 111.242752, -7.209075 ], [ 111.244209, -7.207285 ], [ 111.24337, -7.204575 ], [ 111.243355, -7.202058 ], [ 111.243881, -7.199457 ], [ 111.24482, -7.196253 ], [ 111.245415, -7.194108 ], [ 111.245743, -7.188964 ], [ 111.245377, -7.185604 ], [ 111.246063, -7.183612 ], [ 111.246239, -7.180479 ], [ 111.245216, -7.178654 ], [ 111.245422, -7.176238 ], [ 111.246033, -7.174135 ], [ 111.246216, -7.170516 ], [ 111.244476, -7.169476 ], [ 111.24276, -7.168432 ], [ 111.241737, -7.166101 ], [ 111.241501, -7.163847 ], [ 111.241638, -7.161384 ], [ 111.241005, -7.158876 ], [ 111.240921, -7.156874 ], [ 111.240608, -7.154451 ], [ 111.240769, -7.151217 ], [ 111.239945, -7.147941 ], [ 111.238106, -7.141388 ], [ 111.236053, -7.137906 ], [ 111.23114, -7.131557 ], [ 111.226845, -7.1248 ], [ 111.225411, -7.120499 ], [ 111.223152, -7.113332 ], [ 111.219879, -7.10555 ], [ 111.218239, -7.101454 ], [ 111.215988, -7.09572 ], [ 111.214974, -7.092251 ], [ 111.218887, -7.092013 ], [ 111.221337, -7.090564 ], [ 111.221916, -7.088567 ], [ 111.221001, -7.086784 ], [ 111.220779, -7.084744 ], [ 111.21888, -7.083926 ], [ 111.217423, -7.082423 ], [ 111.216438, -7.080544 ], [ 111.21537, -7.078624 ], [ 111.213486, -7.07696 ], [ 111.213188, -7.074868 ], [ 111.214851, -7.073757 ], [ 111.217102, -7.071378 ], [ 111.217423, -7.069304 ], [ 111.21685, -7.066902 ], [ 111.215622, -7.06479 ], [ 111.21553, -7.06257 ], [ 111.21592, -7.059966 ], [ 111.215645, -7.057479 ], [ 111.216629, -7.055665 ], [ 111.218025, -7.053921 ], [ 111.218307, -7.051633 ], [ 111.21875, -7.049638 ], [ 111.218155, -7.047543 ], [ 111.217392, -7.045648 ], [ 111.217064, -7.043565 ], [ 111.217506, -7.041586 ], [ 111.217705, -7.038887 ], [ 111.217705, -7.036869 ], [ 111.217804, -7.034635 ], [ 111.217896, -7.032632 ], [ 111.217949, -7.030288 ], [ 111.216911, -7.028289 ], [ 111.215866, -7.02616 ], [ 111.214668, -7.024024 ], [ 111.213989, -7.022099 ], [ 111.212463, -7.020361 ], [ 111.210304, -7.01977 ], [ 111.208183, -7.019856 ], [ 111.206795, -7.021323 ], [ 111.205292, -7.0199 ], [ 111.203537, -7.018918 ], [ 111.201668, -7.017956 ], [ 111.200577, -7.016115 ], [ 111.199501, -7.013756 ], [ 111.198959, -7.011642 ], [ 111.198196, -7.009793 ], [ 111.19693, -7.00755 ], [ 111.195518, -7.006088 ], [ 111.193626, -7.005142 ], [ 111.191513, -7.003871 ], [ 111.189804, -7.002141 ], [ 111.188881, -6.998846 ], [ 111.187294, -6.997469 ], [ 111.185272, -6.996866 ], [ 111.182037, -6.995991 ], [ 111.180542, -6.994181 ], [ 111.178749, -6.992624 ], [ 111.17659, -6.992131 ], [ 111.174553, -6.991473 ], [ 111.173096, -6.989642 ], [ 111.172249, -6.987615 ], [ 111.171349, -6.985485 ], [ 111.169579, -6.984324 ], [ 111.168022, -6.982928 ], [ 111.166008, -6.982398 ], [ 111.16391, -6.981795 ], [ 111.161926, -6.981061 ], [ 111.15979, -6.981275 ], [ 111.15744, -6.982196 ], [ 111.155518, -6.983418 ], [ 111.153259, -6.983039 ], [ 111.151085, -6.981981 ], [ 111.148918, -6.981239 ], [ 111.146942, -6.980617 ], [ 111.144905, -6.981226 ], [ 111.142486, -6.981491 ], [ 111.140076, -6.98114 ], [ 111.13707, -6.979589 ], [ 111.135338, -6.978356 ], [ 111.133545, -6.977425 ], [ 111.131424, -6.977361 ], [ 111.129364, -6.977572 ], [ 111.127052, -6.977159 ], [ 111.125008, -6.976832 ], [ 111.122826, -6.976562 ], [ 111.120415, -6.976608 ], [ 111.117393, -6.976699 ], [ 111.115479, -6.977344 ], [ 111.11364, -6.978817 ], [ 111.111122, -6.978163 ], [ 111.110405, -6.976273 ], [ 111.110268, -6.973055 ], [ 111.109863, -6.969973 ], [ 111.108757, -6.967611 ], [ 111.106819, -6.963718 ], [ 111.106728, -6.960996 ], [ 111.108192, -6.958948 ], [ 111.108299, -6.956698 ], [ 111.109207, -6.9542 ], [ 111.109634, -6.951951 ], [ 111.109291, -6.949633 ], [ 111.110824, -6.948193 ], [ 111.110558, -6.945807 ], [ 111.111816, -6.944075 ], [ 111.111908, -6.942027 ], [ 111.113121, -6.940294 ], [ 111.113213, -6.937999 ], [ 111.112961, -6.93575 ], [ 111.112465, -6.933364 ], [ 111.112915, -6.931092 ], [ 111.112671, -6.928707 ], [ 111.113136, -6.924789 ], [ 111.11438, -6.920921 ], [ 111.114738, -6.918851 ], [ 111.114967, -6.916781 ], [ 111.116432, -6.914868 ], [ 111.118545, -6.91408 ], [ 111.120247, -6.912999 ], [ 111.122398, -6.913022 ], [ 111.124519, -6.913404 ], [ 111.127426, -6.916896 ], [ 111.129456, -6.917957 ], [ 111.131653, -6.917736 ], [ 111.133819, -6.917844 ], [ 111.136421, -6.918288 ], [ 111.138611, -6.917785 ], [ 111.140732, -6.918025 ], [ 111.14254, -6.917108 ], [ 111.142708, -6.914774 ], [ 111.143524, -6.912519 ], [ 111.143791, -6.910363 ], [ 111.14331, -6.907829 ], [ 111.141777, -6.905639 ], [ 111.140663, -6.902375 ], [ 111.142883, -6.902078 ], [ 111.144913, -6.903776 ], [ 111.146942, -6.90468 ], [ 111.150452, -6.906588 ], [ 111.151726, -6.908243 ], [ 111.153351, -6.909839 ], [ 111.155518, -6.909368 ], [ 111.157913, -6.908508 ], [ 111.160141, -6.907919 ], [ 111.162766, -6.907717 ], [ 111.167709, -6.906346 ], [ 111.170006, -6.905792 ], [ 111.172455, -6.905632 ], [ 111.175049, -6.905655 ], [ 111.177307, -6.904729 ], [ 111.178978, -6.902426 ], [ 111.180603, -6.901119 ], [ 111.182701, -6.899731 ], [ 111.184799, -6.898671 ], [ 111.187264, -6.897603 ], [ 111.19136, -6.898413 ], [ 111.193474, -6.898454 ], [ 111.195496, -6.898407 ], [ 111.197578, -6.898405 ], [ 111.199646, -6.897149 ], [ 111.200539, -6.895244 ], [ 111.201119, -6.893024 ], [ 111.20079, -6.890634 ], [ 111.201202, -6.888523 ], [ 111.202156, -6.8864 ], [ 111.202377, -6.883716 ], [ 111.203209, -6.881428 ], [ 111.203621, -6.879255 ], [ 111.204651, -6.877515 ], [ 111.206665, -6.876309 ], [ 111.208343, -6.875 ], [ 111.210434, -6.873998 ], [ 111.21302, -6.872837 ], [ 111.214981, -6.871969 ], [ 111.216728, -6.873121 ], [ 111.218781, -6.872707 ], [ 111.220962, -6.871997 ], [ 111.222122, -6.87022 ], [ 111.222076, -6.868066 ], [ 111.223442, -6.866415 ], [ 111.223656, -6.864285 ], [ 111.222954, -6.86181 ], [ 111.223473, -6.859266 ], [ 111.222793, -6.857285 ], [ 111.223435, -6.855279 ], [ 111.223671, -6.8529 ], [ 111.225708, -6.849216 ], [ 111.227722, -6.850193 ], [ 111.229668, -6.850678 ], [ 111.231827, -6.850761 ], [ 111.233551, -6.852008 ], [ 111.235245, -6.853167 ], [ 111.235031, -6.855266 ], [ 111.236656, -6.856722 ], [ 111.24028, -6.856181 ], [ 111.242439, -6.859115 ], [ 111.242874, -6.861069 ], [ 111.244835, -6.862691 ], [ 111.248192, -6.861946 ], [ 111.25, -6.860585 ], [ 111.25135, -6.858997 ], [ 111.25399, -6.858161 ], [ 111.255669, -6.856324 ], [ 111.257286, -6.854935 ], [ 111.259323, -6.8535 ], [ 111.26297, -6.852371 ], [ 111.264305, -6.853994 ], [ 111.263336, -6.855775 ], [ 111.265198, -6.857372 ], [ 111.267937, -6.857841 ], [ 111.27063, -6.857995 ], [ 111.273163, -6.858845 ], [ 111.27803, -6.861754 ], [ 111.280342, -6.862939 ], [ 111.28476, -6.865132 ], [ 111.290504, -6.865597 ], [ 111.293938, -6.865395 ], [ 111.297028, -6.865304 ], [ 111.299965, -6.865324 ], [ 111.302299, -6.865546 ], [ 111.305237, -6.865388 ], [ 111.307617, -6.865185 ], [ 111.311249, -6.86516 ], [ 111.313644, -6.865114 ], [ 111.316567, -6.865851 ], [ 111.320106, -6.866722 ], [ 111.322441, -6.86737 ], [ 111.327736, -6.869001 ], [ 111.330086, -6.868999 ], [ 111.331749, -6.870656 ], [ 111.333832, -6.87211 ], [ 111.336235, -6.873004 ], [ 111.337784, -6.874996 ], [ 111.340241, -6.876421 ], [ 111.341858, -6.877696 ], [ 111.342545, -6.879667 ], [ 111.342911, -6.881737 ], [ 111.344696, -6.882815 ], [ 111.346397, -6.884006 ], [ 111.347618, -6.885854 ], [ 111.349693, -6.885726 ], [ 111.351662, -6.886189 ], [ 111.353676, -6.885753 ], [ 111.355781, -6.885274 ], [ 111.357879, -6.885787 ], [ 111.359863, -6.88636 ], [ 111.361542, -6.885087 ], [ 111.363594, -6.884563 ], [ 111.365418, -6.885593 ], [ 111.367241, -6.886546 ], [ 111.369156, -6.887364 ], [ 111.370911, -6.888332 ], [ 111.372826, -6.889196 ], [ 111.374519, -6.890407 ], [ 111.377968, -6.891533 ], [ 111.380066, -6.891144 ], [ 111.381805, -6.890128 ], [ 111.38385, -6.890746 ], [ 111.385185, -6.892242 ], [ 111.387215, -6.892481 ], [ 111.389381, -6.89271 ], [ 111.391464, -6.89248 ], [ 111.393524, -6.892092 ], [ 111.395523, -6.891473 ], [ 111.397423, -6.890718 ], [ 111.399673, -6.891165 ], [ 111.400925, -6.889525 ], [ 111.402344, -6.888002 ], [ 111.404426, -6.888102 ], [ 111.404793, -6.886026 ], [ 111.406464, -6.884758 ], [ 111.40818, -6.885863 ], [ 111.409706, -6.884471 ], [ 111.411613, -6.883592 ], [ 111.413688, -6.883446 ], [ 111.413986, -6.885537 ], [ 111.413269, -6.887718 ], [ 111.413513, -6.889748 ], [ 111.41536, -6.890576 ], [ 111.417412, -6.890591 ], [ 111.419281, -6.891833 ], [ 111.420967, -6.893058 ], [ 111.422745, -6.893997 ], [ 111.424751, -6.894145 ], [ 111.42675, -6.893571 ], [ 111.429886, -6.892535 ], [ 111.432419, -6.891875 ], [ 111.433861, -6.890479 ], [ 111.435608, -6.889419 ], [ 111.4366, -6.887578 ], [ 111.437668, -6.885883 ], [ 111.43972, -6.885431 ], [ 111.441795, -6.884836 ], [ 111.443725, -6.884224 ], [ 111.445938, -6.883042 ], [ 111.447708, -6.881671 ], [ 111.448814, -6.879885 ], [ 111.450081, -6.878281 ], [ 111.451805, -6.87725 ], [ 111.453621, -6.875946 ], [ 111.45636, -6.877687 ], [ 111.458817, -6.878087 ], [ 111.460808, -6.878558 ], [ 111.462822, -6.878641 ], [ 111.463326, -6.880602 ], [ 111.46537, -6.881206 ], [ 111.469597, -6.881922 ], [ 111.471619, -6.882086 ], [ 111.473747, -6.881741 ], [ 111.475761, -6.881905 ], [ 111.477837, -6.882105 ], [ 111.479217, -6.883936 ], [ 111.481354, -6.883882 ], [ 111.483048, -6.882743 ], [ 111.485817, -6.882523 ], [ 111.487511, -6.881397 ], [ 111.489334, -6.882588 ], [ 111.490814, -6.884422 ], [ 111.492188, -6.885988 ], [ 111.493645, -6.887578 ], [ 111.494995, -6.88941 ], [ 111.495903, -6.89136 ], [ 111.496658, -6.894687 ], [ 111.5, -6.893039 ], [ 111.502075, -6.893297 ], [ 111.503799, -6.89172 ], [ 111.505913, -6.891478 ], [ 111.508133, -6.89132 ], [ 111.510292, -6.89152 ], [ 111.512009, -6.890284 ], [ 111.51413, -6.889262 ], [ 111.515953, -6.890138 ], [ 111.518105, -6.890269 ], [ 111.521011, -6.890415 ], [ 111.523087, -6.889748 ], [ 111.525147, -6.889434 ], [ 111.52716, -6.889236 ], [ 111.529228, -6.888951 ], [ 111.532821, -6.888964 ], [ 111.534561, -6.890644 ], [ 111.536163, -6.892604 ], [ 111.53775, -6.894372 ], [ 111.539345, -6.89566 ], [ 111.53965, -6.898064 ], [ 111.53862, -6.900419 ], [ 111.539452, -6.902691 ], [ 111.541214, -6.904034 ], [ 111.542953, -6.902969 ], [ 111.545006, -6.903743 ], [ 111.543899, -6.905593 ], [ 111.54229, -6.907239 ], [ 111.543884, -6.909118 ], [ 111.545853, -6.909902 ], [ 111.548134, -6.91069 ], [ 111.550209, -6.910249 ], [ 111.552566, -6.909613 ], [ 111.554542, -6.910596 ], [ 111.555473, -6.912386 ], [ 111.555588, -6.914501 ], [ 111.557762, -6.914402 ], [ 111.55983, -6.913764 ], [ 111.561623, -6.912488 ], [ 111.563515, -6.913243 ], [ 111.564743, -6.914891 ], [ 111.565643, -6.916751 ], [ 111.567314, -6.918109 ], [ 111.569267, -6.915417 ], [ 111.572197, -6.917246 ], [ 111.575371, -6.917997 ], [ 111.578369, -6.918496 ], [ 111.576775, -6.921048 ], [ 111.575638, -6.924472 ], [ 111.575195, -6.927271 ], [ 111.574677, -6.929628 ], [ 111.573944, -6.932942 ], [ 111.57254, -6.936183 ], [ 111.570999, -6.93854 ], [ 111.569374, -6.940676 ], [ 111.567383, -6.944199 ], [ 111.56617, -6.947341 ], [ 111.566978, -6.950582 ], [ 111.570297, -6.953308 ], [ 111.573982, -6.955075 ], [ 111.578034, -6.957138 ], [ 111.587013, -6.960746 ], [ 111.594269, -6.963951 ], [ 111.60112, -6.96697 ], [ 111.607384, -6.96999 ], [ 111.611359, -6.971905 ], [ 111.614967, -6.974409 ], [ 111.616959, -6.976029 ], [ 111.62001, -6.979086 ], [ 111.621704, -6.981812 ], [ 111.622292, -6.98461 ], [ 111.623604, -6.98837 ], [ 111.625, -6.989907 ], [ 111.626686, -6.990989 ], [ 111.628471, -6.992201 ], [ 111.630669, -6.993054 ], [ 111.632561, -6.993902 ], [ 111.631424, -6.996109 ], [ 111.628364, -6.996149 ], [ 111.62442, -6.995787 ], [ 111.621643, -6.996068 ], [ 111.618141, -6.997762 ], [ 111.615929, -6.999941 ], [ 111.615211, -7.001878 ], [ 111.615463, -7.004102 ], [ 111.615517, -7.006354 ], [ 111.614982, -7.008501 ], [ 111.613808, -7.010277 ], [ 111.613419, -7.012267 ], [ 111.614845, -7.013701 ], [ 111.614937, -7.015896 ], [ 111.614868, -7.018027 ], [ 111.615089, -7.020058 ], [ 111.614197, -7.022041 ], [ 111.613876, -7.024072 ], [ 111.614021, -7.026109 ], [ 111.614693, -7.028024 ], [ 111.615196, -7.030135 ], [ 111.616005, -7.032052 ], [ 111.614258, -7.033184 ], [ 111.613426, -7.035154 ], [ 111.613922, -7.037173 ], [ 111.615982, -7.03705 ], [ 111.616776, -7.038887 ], [ 111.618538, -7.040041 ], [ 111.617607, -7.042211 ], [ 111.618195, -7.044237 ], [ 111.618698, -7.046185 ], [ 111.617424, -7.047883 ], [ 111.620064, -7.050247 ], [ 111.622703, -7.052206 ], [ 111.624901, -7.059227 ], [ 111.627022, -7.059063 ], [ 111.6287, -7.063172 ], [ 111.627968, -7.065048 ], [ 111.628334, -7.067065 ], [ 111.626877, -7.068496 ], [ 111.626701, -7.070529 ], [ 111.626595, -7.073275 ], [ 111.625, -7.075316 ], [ 111.62339, -7.073768 ], [ 111.62204, -7.075415 ], [ 111.6203, -7.074035 ], [ 111.618179, -7.074339 ], [ 111.616112, -7.075637 ], [ 111.614845, -7.077513 ], [ 111.615326, -7.081672 ], [ 111.613159, -7.083143 ], [ 111.613792, -7.086732 ], [ 111.613479, -7.088849 ], [ 111.614929, -7.090618 ], [ 111.614815, -7.092617 ], [ 111.614975, -7.097406 ], [ 111.614311, -7.100097 ], [ 111.615639, -7.101595 ], [ 111.61615, -7.103793 ], [ 111.617157, -7.105594 ], [ 111.618591, -7.107152 ], [ 111.620468, -7.107937 ], [ 111.620438, -7.110091 ], [ 111.618339, -7.110116 ], [ 111.616409, -7.110984 ], [ 111.614113, -7.110564 ], [ 111.612976, -7.112285 ], [ 111.612411, -7.114315 ], [ 111.613983, -7.115637 ], [ 111.615112, -7.117335 ], [ 111.613648, -7.118715 ], [ 111.612236, -7.121938 ] ] ] } },
{ "type": "Feature", "properties": { "STATISTIK": "3309", "KABUPATEN": "BOYOLALI", "PROPINSI": "JAWA TENGAH", "LUAS_KM2": "103.815", "DATA": "BAKOSURTANAL, BPS" }, "geometry": { "type": "Polygon", "coordinates": [ [ [ 110.801811, -7.328213 ], [ 110.801727, -7.331803 ], [ 110.801033, -7.334364 ], [ 110.799278, -7.337985 ], [ 110.798149, -7.34048 ], [ 110.797775, -7.342848 ], [ 110.797546, -7.345365 ], [ 110.79731, -7.347712 ], [ 110.796974, -7.350005 ], [ 110.794899, -7.352106 ], [ 110.79274, -7.352869 ], [ 110.791, -7.353902 ], [ 110.789955, -7.355841 ], [ 110.790131, -7.358391 ], [ 110.789665, -7.360405 ], [ 110.789459, -7.362569 ], [ 110.791565, -7.362581 ], [ 110.792534, -7.364574 ], [ 110.794563, -7.364618 ], [ 110.795128, -7.36659 ], [ 110.7976, -7.367095 ], [ 110.801064, -7.368943 ], [ 110.798653, -7.371177 ], [ 110.796204, -7.372462 ], [ 110.794258, -7.373393 ], [ 110.79232, -7.375 ], [ 110.789154, -7.377326 ], [ 110.788422, -7.379402 ], [ 110.786461, -7.380802 ], [ 110.784988, -7.382161 ], [ 110.783424, -7.383492 ], [ 110.782204, -7.385252 ], [ 110.780403, -7.386544 ], [ 110.778343, -7.386589 ], [ 110.778175, -7.388739 ], [ 110.775162, -7.389937 ], [ 110.773308, -7.393791 ], [ 110.772606, -7.396017 ], [ 110.77214, -7.398598 ], [ 110.772766, -7.400642 ], [ 110.773414, -7.402779 ], [ 110.773422, -7.405029 ], [ 110.772942, -7.407529 ], [ 110.772675, -7.409687 ], [ 110.772797, -7.412762 ], [ 110.7733, -7.415009 ], [ 110.771401, -7.416361 ], [ 110.768967, -7.417268 ], [ 110.769569, -7.419675 ], [ 110.770821, -7.422299 ], [ 110.772613, -7.423946 ], [ 110.773285, -7.42585 ], [ 110.773621, -7.428055 ], [ 110.774864, -7.430007 ], [ 110.777298, -7.431249 ], [ 110.779312, -7.431557 ], [ 110.782158, -7.432551 ], [ 110.781815, -7.434555 ], [ 110.780441, -7.436379 ], [ 110.778305, -7.435683 ], [ 110.775925, -7.435359 ], [ 110.773682, -7.436155 ], [ 110.771843, -7.438135 ], [ 110.77066, -7.440669 ], [ 110.772163, -7.442156 ], [ 110.773461, -7.443782 ], [ 110.77504, -7.44536 ], [ 110.777244, -7.444122 ], [ 110.778625, -7.447053 ], [ 110.78009, -7.451083 ], [ 110.778679, -7.45449 ], [ 110.777244, -7.456993 ], [ 110.775818, -7.459137 ], [ 110.774742, -7.46307 ], [ 110.774742, -7.466288 ], [ 110.775459, -7.470578 ], [ 110.775818, -7.474868 ], [ 110.77832, -7.478443 ], [ 110.77903, -7.480588 ], [ 110.780106, -7.483448 ], [ 110.780258, -7.486122 ], [ 110.776649, -7.486498 ], [ 110.774574, -7.485794 ], [ 110.772278, -7.485846 ], [ 110.770142, -7.485803 ], [ 110.769981, -7.487939 ], [ 110.770286, -7.490242 ], [ 110.769348, -7.492027 ], [ 110.769028, -7.494221 ], [ 110.769798, -7.496162 ], [ 110.768364, -7.497656 ], [ 110.769623, -7.500001 ], [ 110.771782, -7.500562 ], [ 110.773788, -7.500517 ], [ 110.775825, -7.500316 ], [ 110.777359, -7.501711 ], [ 110.779373, -7.501235 ], [ 110.781334, -7.501836 ], [ 110.782616, -7.504018 ], [ 110.782989, -7.507036 ], [ 110.782181, -7.509144 ], [ 110.78167, -7.511422 ], [ 110.779655, -7.511241 ], [ 110.777901, -7.512347 ], [ 110.776909, -7.514706 ], [ 110.775627, -7.516455 ], [ 110.775131, -7.518886 ], [ 110.775154, -7.52107 ], [ 110.774727, -7.523119 ], [ 110.774437, -7.525323 ], [ 110.770744, -7.525959 ], [ 110.768684, -7.525598 ], [ 110.766098, -7.526151 ], [ 110.76413, -7.526648 ], [ 110.761597, -7.5254 ], [ 110.758568, -7.525038 ], [ 110.75618, -7.524593 ], [ 110.753738, -7.524481 ], [ 110.75, -7.523549 ], [ 110.747597, -7.523878 ], [ 110.745941, -7.525299 ], [ 110.744103, -7.526116 ], [ 110.742294, -7.527386 ], [ 110.740173, -7.527155 ], [ 110.737701, -7.528209 ], [ 110.735634, -7.528603 ], [ 110.733261, -7.528637 ], [ 110.731239, -7.528263 ], [ 110.729378, -7.527436 ], [ 110.725845, -7.526216 ], [ 110.724564, -7.528617 ], [ 110.723358, -7.530505 ], [ 110.721352, -7.531035 ], [ 110.719002, -7.53135 ], [ 110.716804, -7.531908 ], [ 110.714516, -7.532086 ], [ 110.712555, -7.532738 ], [ 110.710488, -7.532644 ], [ 110.708961, -7.534689 ], [ 110.708969, -7.537137 ], [ 110.708359, -7.540188 ], [ 110.710396, -7.540773 ], [ 110.712624, -7.541357 ], [ 110.712417, -7.544419 ], [ 110.7118, -7.547613 ], [ 110.710381, -7.549742 ], [ 110.70887, -7.552403 ], [ 110.71273, -7.553997 ], [ 110.712578, -7.556463 ], [ 110.712677, -7.558878 ], [ 110.712326, -7.56155 ], [ 110.711937, -7.563637 ], [ 110.711197, -7.565748 ], [ 110.713364, -7.566529 ], [ 110.714424, -7.564405 ], [ 110.716003, -7.56584 ], [ 110.719833, -7.566917 ], [ 110.718391, -7.570794 ], [ 110.716515, -7.57361 ], [ 110.714638, -7.578438 ], [ 110.715714, -7.58045 ], [ 110.717453, -7.583401 ], [ 110.717857, -7.585412 ], [ 110.716782, -7.587827 ], [ 110.714233, -7.589973 ], [ 110.709007, -7.591582 ], [ 110.706322, -7.593027 ], [ 110.702011, -7.593709 ], [ 110.700302, -7.592528 ], [ 110.697907, -7.592484 ], [ 110.696724, -7.590274 ], [ 110.694527, -7.589744 ], [ 110.692726, -7.588217 ], [ 110.690826, -7.587397 ], [ 110.688164, -7.587512 ], [ 110.685364, -7.588456 ], [ 110.682777, -7.589146 ], [ 110.680809, -7.589946 ], [ 110.678787, -7.589125 ], [ 110.676415, -7.588143 ], [ 110.674004, -7.588264 ], [ 110.672775, -7.586574 ], [ 110.66996, -7.586281 ], [ 110.66787, -7.586941 ], [ 110.665817, -7.587381 ], [ 110.663757, -7.587536 ], [ 110.661758, -7.587984 ], [ 110.659126, -7.588324 ], [ 110.657036, -7.589037 ], [ 110.655075, -7.588184 ], [ 110.653061, -7.587472 ], [ 110.649933, -7.58694 ], [ 110.646813, -7.586947 ], [ 110.644775, -7.58624 ], [ 110.642242, -7.585988 ], [ 110.639603, -7.585722 ], [ 110.637726, -7.58471 ], [ 110.635765, -7.583791 ], [ 110.633262, -7.582692 ], [ 110.631187, -7.582266 ], [ 110.629318, -7.581196 ], [ 110.627243, -7.580991 ], [ 110.625, -7.580764 ], [ 110.624702, -7.578673 ], [ 110.622139, -7.579296 ], [ 110.619964, -7.578568 ], [ 110.617889, -7.577714 ], [ 110.615288, -7.57679 ], [ 110.612701, -7.576189 ], [ 110.610794, -7.575561 ], [ 110.608986, -7.574246 ], [ 110.606544, -7.573525 ], [ 110.604828, -7.572374 ], [ 110.603111, -7.571335 ], [ 110.601379, -7.570314 ], [ 110.59932, -7.569752 ], [ 110.59848, -7.571667 ], [ 110.597351, -7.573427 ], [ 110.59732, -7.57553 ], [ 110.596863, -7.579709 ], [ 110.599098, -7.580328 ], [ 110.599853, -7.582385 ], [ 110.599243, -7.584472 ], [ 110.597755, -7.58602 ], [ 110.597145, -7.588246 ], [ 110.59401, -7.58615 ], [ 110.592018, -7.585217 ], [ 110.589233, -7.584609 ], [ 110.587761, -7.586672 ], [ 110.586029, -7.584815 ], [ 110.584099, -7.584068 ], [ 110.580788, -7.584198 ], [ 110.578308, -7.585341 ], [ 110.576347, -7.584814 ], [ 110.574554, -7.583878 ], [ 110.572411, -7.58507 ], [ 110.571274, -7.58681 ], [ 110.569191, -7.586063 ], [ 110.566101, -7.589 ], [ 110.56488, -7.59063 ], [ 110.563629, -7.592191 ], [ 110.562195, -7.593986 ], [ 110.560196, -7.59411 ], [ 110.558304, -7.595819 ], [ 110.557381, -7.59761 ], [ 110.555351, -7.599132 ], [ 110.553512, -7.601395 ], [ 110.553337, -7.603873 ], [ 110.551033, -7.602735 ], [ 110.54924, -7.601809 ], [ 110.547386, -7.601046 ], [ 110.546249, -7.602759 ], [ 110.544693, -7.604669 ], [ 110.545921, -7.606369 ], [ 110.547722, -7.607297 ], [ 110.549515, -7.608235 ], [ 110.548782, -7.610173 ], [ 110.547058, -7.611571 ], [ 110.545441, -7.613042 ], [ 110.543411, -7.614935 ], [ 110.540802, -7.616129 ], [ 110.539009, -7.617715 ], [ 110.53804, -7.619716 ], [ 110.535972, -7.622268 ], [ 110.530335, -7.620456 ], [ 110.525925, -7.618519 ], [ 110.523323, -7.616278 ], [ 110.519272, -7.608856 ], [ 110.516037, -7.602872 ], [ 110.514526, -7.600604 ], [ 110.512512, -7.597579 ], [ 110.510307, -7.593033 ], [ 110.5065, -7.589066 ], [ 110.504479, -7.588552 ], [ 110.502754, -7.58723 ], [ 110.499527, -7.584206 ], [ 110.497009, -7.58224 ], [ 110.49456, -7.580391 ], [ 110.491852, -7.578438 ], [ 110.487923, -7.575277 ], [ 110.484581, -7.572519 ], [ 110.481697, -7.56976 ], [ 110.478111, -7.565677 ], [ 110.474648, -7.561997 ], [ 110.4702, -7.556822 ], [ 110.466392, -7.553431 ], [ 110.461891, -7.550038 ], [ 110.458031, -7.546938 ], [ 110.455322, -7.545445 ], [ 110.451256, -7.545461 ], [ 110.447495, -7.542873 ], [ 110.44648, -7.539687 ], [ 110.443954, -7.539836 ], [ 110.439834, -7.536878 ], [ 110.437805, -7.535653 ], [ 110.435928, -7.534889 ], [ 110.432922, -7.533224 ], [ 110.429596, -7.531304 ], [ 110.424675, -7.528206 ], [ 110.422524, -7.526854 ], [ 110.420769, -7.525755 ], [ 110.417549, -7.524159 ], [ 110.41584, -7.523095 ], [ 110.413689, -7.521754 ], [ 110.412048, -7.520575 ], [ 110.408951, -7.519117 ], [ 110.405213, -7.51707 ], [ 110.402412, -7.516271 ], [ 110.398666, -7.515274 ], [ 110.394798, -7.514461 ], [ 110.392647, -7.514389 ], [ 110.389137, -7.514637 ], [ 110.387375, -7.513574 ], [ 110.385269, -7.513248 ], [ 110.382912, -7.513614 ], [ 110.379143, -7.513954 ], [ 110.379791, -7.511556 ], [ 110.381394, -7.51015 ], [ 110.38324, -7.509115 ], [ 110.384842, -7.507894 ], [ 110.388474, -7.507092 ], [ 110.390213, -7.50571 ], [ 110.391182, -7.503842 ], [ 110.392441, -7.502122 ], [ 110.397347, -7.499936 ], [ 110.401772, -7.499121 ], [ 110.407074, -7.49963 ], [ 110.410988, -7.498882 ], [ 110.41346, -7.498409 ], [ 110.416038, -7.497138 ], [ 110.420288, -7.493329 ], [ 110.42189, -7.490849 ], [ 110.423553, -7.488657 ], [ 110.424759, -7.486525 ], [ 110.426079, -7.484161 ], [ 110.427391, -7.482373 ], [ 110.430374, -7.477875 ], [ 110.432319, -7.474359 ], [ 110.434036, -7.470842 ], [ 110.43512, -7.467961 ], [ 110.436424, -7.462314 ], [ 110.436821, -7.459952 ], [ 110.437279, -7.457935 ], [ 110.438019, -7.455918 ], [ 110.442207, -7.451246 ], [ 110.441681, -7.447906 ], [ 110.444359, -7.447916 ], [ 110.445358, -7.445596 ], [ 110.445633, -7.44237 ], [ 110.445892, -7.438849 ], [ 110.446579, -7.434499 ], [ 110.447517, -7.431039 ], [ 110.449669, -7.42716 ], [ 110.452888, -7.423939 ], [ 110.456047, -7.421124 ], [ 110.458542, -7.418439 ], [ 110.462052, -7.412374 ], [ 110.463981, -7.410303 ], [ 110.466057, -7.408515 ], [ 110.470467, -7.406641 ], [ 110.475654, -7.405631 ], [ 110.47979, -7.405386 ], [ 110.481758, -7.406946 ], [ 110.48439, -7.408834 ], [ 110.488167, -7.410641 ], [ 110.490791, -7.411544 ], [ 110.49482, -7.412529 ], [ 110.498016, -7.41294 ], [ 110.500595, -7.412205 ], [ 110.501457, -7.410023 ], [ 110.502281, -7.40789 ], [ 110.504288, -7.40702 ], [ 110.506462, -7.406689 ], [ 110.505867, -7.410204 ], [ 110.50692, -7.411941 ], [ 110.508835, -7.412575 ], [ 110.509842, -7.414336 ], [ 110.511963, -7.414922 ], [ 110.514176, -7.414956 ], [ 110.515945, -7.41617 ], [ 110.514305, -7.417969 ], [ 110.51223, -7.418592 ], [ 110.511474, -7.420551 ], [ 110.512489, -7.422306 ], [ 110.512489, -7.424333 ], [ 110.512703, -7.426587 ], [ 110.513069, -7.428697 ], [ 110.514107, -7.430585 ], [ 110.515282, -7.433102 ], [ 110.516106, -7.43514 ], [ 110.516594, -7.437201 ], [ 110.518387, -7.43829 ], [ 110.520554, -7.437869 ], [ 110.522484, -7.436978 ], [ 110.524528, -7.43622 ], [ 110.52697, -7.435648 ], [ 110.528954, -7.434438 ], [ 110.530754, -7.4333 ], [ 110.53305, -7.433384 ], [ 110.535446, -7.433806 ], [ 110.537361, -7.434565 ], [ 110.540382, -7.436602 ], [ 110.542671, -7.437844 ], [ 110.545425, -7.438448 ], [ 110.548347, -7.439052 ], [ 110.552658, -7.440189 ], [ 110.55294, -7.442286 ], [ 110.550964, -7.44294 ], [ 110.549225, -7.444879 ], [ 110.549561, -7.446977 ], [ 110.551598, -7.447337 ], [ 110.554665, -7.448666 ], [ 110.558502, -7.448306 ], [ 110.559204, -7.445949 ], [ 110.560348, -7.443838 ], [ 110.560219, -7.441714 ], [ 110.560768, -7.439652 ], [ 110.561493, -7.437264 ], [ 110.561905, -7.433207 ], [ 110.562897, -7.431428 ], [ 110.563911, -7.42887 ], [ 110.565132, -7.426904 ], [ 110.567078, -7.427492 ], [ 110.567993, -7.429558 ], [ 110.570221, -7.430564 ], [ 110.57148, -7.427346 ], [ 110.575279, -7.42759 ], [ 110.575592, -7.431776 ], [ 110.576698, -7.4355 ], [ 110.57518, -7.43702 ], [ 110.574661, -7.439193 ], [ 110.574516, -7.441498 ], [ 110.570564, -7.442638 ], [ 110.57415, -7.443722 ], [ 110.576523, -7.443475 ], [ 110.577393, -7.445373 ], [ 110.580399, -7.445475 ], [ 110.580658, -7.447906 ], [ 110.580582, -7.449923 ], [ 110.583611, -7.45211 ], [ 110.583267, -7.454172 ], [ 110.5839, -7.456081 ], [ 110.584648, -7.458251 ], [ 110.584854, -7.46036 ], [ 110.584694, -7.462738 ], [ 110.582527, -7.462652 ], [ 110.581528, -7.466681 ], [ 110.582909, -7.468572 ], [ 110.584068, -7.470386 ], [ 110.585694, -7.472095 ], [ 110.587372, -7.473543 ], [ 110.589302, -7.474068 ], [ 110.590752, -7.476008 ], [ 110.59079, -7.478328 ], [ 110.592659, -7.47995 ], [ 110.594368, -7.481875 ], [ 110.595497, -7.483538 ], [ 110.597458, -7.484771 ], [ 110.599571, -7.485096 ], [ 110.601143, -7.48639 ], [ 110.602539, -7.488829 ], [ 110.604775, -7.489559 ], [ 110.606613, -7.488537 ], [ 110.608719, -7.48795 ], [ 110.610779, -7.487996 ], [ 110.612503, -7.489316 ], [ 110.614532, -7.489491 ], [ 110.617012, -7.488492 ], [ 110.619057, -7.488885 ], [ 110.620957, -7.490052 ], [ 110.62262, -7.491339 ], [ 110.624771, -7.491559 ], [ 110.627403, -7.491898 ], [ 110.6297, -7.491088 ], [ 110.632141, -7.490177 ], [ 110.634048, -7.491574 ], [ 110.637024, -7.493758 ], [ 110.639259, -7.494927 ], [ 110.641266, -7.495081 ], [ 110.643417, -7.493504 ], [ 110.645088, -7.49483 ], [ 110.646904, -7.492955 ], [ 110.649414, -7.492601 ], [ 110.651169, -7.493871 ], [ 110.653633, -7.495547 ], [ 110.656075, -7.496108 ], [ 110.658211, -7.496769 ], [ 110.661125, -7.496549 ], [ 110.660477, -7.494538 ], [ 110.659363, -7.492736 ], [ 110.658272, -7.490426 ], [ 110.657936, -7.488244 ], [ 110.656288, -7.486822 ], [ 110.65435, -7.485995 ], [ 110.654221, -7.483651 ], [ 110.656494, -7.482458 ], [ 110.657234, -7.47982 ], [ 110.659424, -7.478503 ], [ 110.661369, -7.474859 ], [ 110.660957, -7.471679 ], [ 110.658356, -7.471601 ], [ 110.655869, -7.472309 ], [ 110.652351, -7.471723 ], [ 110.650551, -7.470656 ], [ 110.648872, -7.469564 ], [ 110.647346, -7.468218 ], [ 110.643989, -7.470346 ], [ 110.64138, -7.470371 ], [ 110.639229, -7.472427 ], [ 110.636848, -7.471494 ], [ 110.634934, -7.469995 ], [ 110.634232, -7.467723 ], [ 110.631172, -7.466042 ], [ 110.629364, -7.464815 ], [ 110.630829, -7.462125 ], [ 110.631706, -7.459122 ], [ 110.632698, -7.457322 ], [ 110.635223, -7.456537 ], [ 110.637512, -7.45555 ], [ 110.638054, -7.451854 ], [ 110.635842, -7.451342 ], [ 110.633797, -7.451594 ], [ 110.631783, -7.452164 ], [ 110.629578, -7.452538 ], [ 110.627579, -7.45293 ], [ 110.62545, -7.45352 ], [ 110.623161, -7.455221 ], [ 110.621323, -7.454136 ], [ 110.621414, -7.452052 ], [ 110.621979, -7.450065 ], [ 110.621231, -7.448011 ], [ 110.619431, -7.446874 ], [ 110.619644, -7.444828 ], [ 110.62101, -7.443311 ], [ 110.623329, -7.44293 ], [ 110.625008, -7.441409 ], [ 110.627029, -7.441336 ], [ 110.63028, -7.441153 ], [ 110.631737, -7.439552 ], [ 110.631325, -7.437428 ], [ 110.631699, -7.43538 ], [ 110.631142, -7.432883 ], [ 110.631256, -7.43035 ], [ 110.631447, -7.427556 ], [ 110.629921, -7.425543 ], [ 110.62809, -7.423828 ], [ 110.628128, -7.421272 ], [ 110.630425, -7.420655 ], [ 110.63211, -7.418441 ], [ 110.633804, -7.416891 ], [ 110.636337, -7.416362 ], [ 110.636352, -7.414298 ], [ 110.635567, -7.41236 ], [ 110.635384, -7.409901 ], [ 110.636284, -7.408001 ], [ 110.638077, -7.406699 ], [ 110.638077, -7.403868 ], [ 110.637367, -7.401967 ], [ 110.635353, -7.401295 ], [ 110.63472, -7.398724 ], [ 110.635322, -7.396377 ], [ 110.635322, -7.394254 ], [ 110.635025, -7.392093 ], [ 110.634727, -7.389559 ], [ 110.633049, -7.388179 ], [ 110.630058, -7.387544 ], [ 110.629097, -7.384326 ], [ 110.627228, -7.383555 ], [ 110.624779, -7.382502 ], [ 110.623017, -7.381404 ], [ 110.623787, -7.379514 ], [ 110.625191, -7.377773 ], [ 110.630607, -7.374168 ], [ 110.632286, -7.372192 ], [ 110.634804, -7.370949 ], [ 110.635033, -7.366275 ], [ 110.633759, -7.364445 ], [ 110.635842, -7.361754 ], [ 110.635597, -7.359305 ], [ 110.636437, -7.357486 ], [ 110.636146, -7.354736 ], [ 110.635345, -7.352143 ], [ 110.634232, -7.34945 ], [ 110.635239, -7.347674 ], [ 110.635727, -7.345669 ], [ 110.634453, -7.343692 ], [ 110.633782, -7.341756 ], [ 110.632286, -7.339479 ], [ 110.632759, -7.337188 ], [ 110.634758, -7.336602 ], [ 110.637298, -7.335602 ], [ 110.638176, -7.333053 ], [ 110.639671, -7.328806 ], [ 110.636345, -7.327852 ], [ 110.633827, -7.328165 ], [ 110.631561, -7.32739 ], [ 110.629494, -7.327374 ], [ 110.627167, -7.328117 ], [ 110.625, -7.329347 ], [ 110.623161, -7.330434 ], [ 110.621117, -7.330583 ], [ 110.619263, -7.331667 ], [ 110.617203, -7.332821 ], [ 110.614807, -7.333585 ], [ 110.612381, -7.335479 ], [ 110.610573, -7.334176 ], [ 110.607323, -7.332985 ], [ 110.60511, -7.328833 ], [ 110.60321, -7.326966 ], [ 110.601715, -7.325555 ], [ 110.599541, -7.323465 ], [ 110.598045, -7.321339 ], [ 110.599884, -7.320176 ], [ 110.602699, -7.317541 ], [ 110.59932, -7.315481 ], [ 110.599487, -7.313244 ], [ 110.599365, -7.31116 ], [ 110.59993, -7.308377 ], [ 110.60051, -7.306015 ], [ 110.60173, -7.304043 ], [ 110.602646, -7.302204 ], [ 110.603127, -7.300016 ], [ 110.602432, -7.297806 ], [ 110.601868, -7.295665 ], [ 110.601578, -7.293442 ], [ 110.601959, -7.291042 ], [ 110.604996, -7.289356 ], [ 110.607139, -7.288884 ], [ 110.609344, -7.288102 ], [ 110.610192, -7.286068 ], [ 110.612946, -7.283273 ], [ 110.615662, -7.285276 ], [ 110.617371, -7.286326 ], [ 110.619423, -7.285341 ], [ 110.622223, -7.285351 ], [ 110.624122, -7.284234 ], [ 110.624542, -7.281692 ], [ 110.624733, -7.279492 ], [ 110.624603, -7.27704 ], [ 110.625122, -7.273252 ], [ 110.625, -7.271156 ], [ 110.626068, -7.269255 ], [ 110.628738, -7.26761 ], [ 110.630607, -7.26595 ], [ 110.632912, -7.265392 ], [ 110.634994, -7.265217 ], [ 110.636345, -7.263498 ], [ 110.635475, -7.261669 ], [ 110.634934, -7.259587 ], [ 110.633911, -7.257459 ], [ 110.633942, -7.254881 ], [ 110.632958, -7.252712 ], [ 110.631187, -7.251153 ], [ 110.629532, -7.248609 ], [ 110.628235, -7.246706 ], [ 110.627175, -7.24432 ], [ 110.627037, -7.242281 ], [ 110.626289, -7.239748 ], [ 110.625999, -7.237397 ], [ 110.626183, -7.235238 ], [ 110.626045, -7.232926 ], [ 110.625656, -7.228933 ], [ 110.625923, -7.226899 ], [ 110.62722, -7.223091 ], [ 110.627411, -7.220869 ], [ 110.629967, -7.219512 ], [ 110.632584, -7.219261 ], [ 110.635109, -7.219175 ], [ 110.637184, -7.219337 ], [ 110.641647, -7.219107 ], [ 110.643723, -7.219013 ], [ 110.645286, -7.220548 ], [ 110.646965, -7.221858 ], [ 110.648506, -7.223234 ], [ 110.650558, -7.223366 ], [ 110.652611, -7.224966 ], [ 110.654549, -7.225547 ], [ 110.656395, -7.226354 ], [ 110.658157, -7.225322 ], [ 110.660584, -7.224921 ], [ 110.662186, -7.223628 ], [ 110.666267, -7.226913 ], [ 110.668343, -7.231621 ], [ 110.669876, -7.23295 ], [ 110.671829, -7.234059 ], [ 110.672241, -7.23603 ], [ 110.673851, -7.237368 ], [ 110.675934, -7.237694 ], [ 110.677834, -7.238812 ], [ 110.679527, -7.240162 ], [ 110.681618, -7.240826 ], [ 110.683563, -7.241548 ], [ 110.685615, -7.24146 ], [ 110.687683, -7.241305 ], [ 110.691773, -7.24115 ], [ 110.692024, -7.239157 ], [ 110.692368, -7.236855 ], [ 110.693474, -7.234831 ], [ 110.693451, -7.232808 ], [ 110.694641, -7.230752 ], [ 110.693077, -7.229238 ], [ 110.693916, -7.227412 ], [ 110.694176, -7.225305 ], [ 110.695908, -7.223695 ], [ 110.697647, -7.222535 ], [ 110.698082, -7.220476 ], [ 110.70018, -7.219507 ], [ 110.702019, -7.218155 ], [ 110.70401, -7.217168 ], [ 110.705696, -7.215842 ], [ 110.705444, -7.213744 ], [ 110.704025, -7.212153 ], [ 110.704307, -7.210167 ], [ 110.703163, -7.208038 ], [ 110.701012, -7.208106 ], [ 110.699173, -7.207247 ], [ 110.697166, -7.2078 ], [ 110.695419, -7.206491 ], [ 110.693169, -7.205509 ], [ 110.69352, -7.203474 ], [ 110.692879, -7.201248 ], [ 110.693047, -7.199154 ], [ 110.691284, -7.198155 ], [ 110.691719, -7.19619 ], [ 110.690727, -7.194415 ], [ 110.689667, -7.192396 ], [ 110.690247, -7.190299 ], [ 110.691208, -7.188364 ], [ 110.692856, -7.187116 ], [ 110.695374, -7.186679 ], [ 110.696586, -7.184614 ], [ 110.701111, -7.185445 ], [ 110.704086, -7.185118 ], [ 110.705116, -7.18318 ], [ 110.706741, -7.180784 ], [ 110.708168, -7.178855 ], [ 110.710548, -7.177374 ], [ 110.712555, -7.176181 ], [ 110.714768, -7.17333 ], [ 110.716415, -7.171496 ], [ 110.718552, -7.169683 ], [ 110.720123, -7.1684 ], [ 110.722832, -7.165932 ], [ 110.724678, -7.163432 ], [ 110.72686, -7.159061 ], [ 110.727867, -7.157052 ], [ 110.727798, -7.154836 ], [ 110.727905, -7.15279 ], [ 110.729675, -7.151105 ], [ 110.731537, -7.148686 ], [ 110.733208, -7.146751 ], [ 110.735817, -7.143227 ], [ 110.739494, -7.141328 ], [ 110.741615, -7.140994 ], [ 110.742363, -7.139133 ], [ 110.744514, -7.139776 ], [ 110.746162, -7.141352 ], [ 110.747604, -7.143381 ], [ 110.74865, -7.14527 ], [ 110.749199, -7.147308 ], [ 110.749405, -7.149319 ], [ 110.747711, -7.150718 ], [ 110.747543, -7.152835 ], [ 110.745827, -7.154053 ], [ 110.743775, -7.155089 ], [ 110.743302, -7.157085 ], [ 110.744148, -7.159285 ], [ 110.743507, -7.161254 ], [ 110.743728, -7.163574 ], [ 110.745453, -7.164732 ], [ 110.747208, -7.166555 ], [ 110.749481, -7.166846 ], [ 110.753319, -7.167331 ], [ 110.755448, -7.168438 ], [ 110.757828, -7.170361 ], [ 110.759094, -7.172539 ], [ 110.760841, -7.175607 ], [ 110.763084, -7.175264 ], [ 110.765213, -7.174978 ], [ 110.767853, -7.176699 ], [ 110.76828, -7.178705 ], [ 110.766441, -7.180338 ], [ 110.764229, -7.179993 ], [ 110.761299, -7.179361 ], [ 110.760063, -7.181194 ], [ 110.759491, -7.18363 ], [ 110.760094, -7.185579 ], [ 110.761383, -7.187213 ], [ 110.763451, -7.186813 ], [ 110.765839, -7.186986 ], [ 110.768219, -7.186471 ], [ 110.770577, -7.186444 ], [ 110.773414, -7.186846 ], [ 110.775368, -7.186188 ], [ 110.776749, -7.187708 ], [ 110.776543, -7.190974 ], [ 110.778755, -7.190889 ], [ 110.779991, -7.188913 ], [ 110.782265, -7.189946 ], [ 110.783897, -7.191465 ], [ 110.785507, -7.193873 ], [ 110.784813, -7.19671 ], [ 110.782974, -7.199173 ], [ 110.781502, -7.202698 ], [ 110.781494, -7.205071 ], [ 110.78125, -7.207161 ], [ 110.780952, -7.209767 ], [ 110.780418, -7.212766 ], [ 110.779426, -7.214846 ], [ 110.777985, -7.216409 ], [ 110.777298, -7.218411 ], [ 110.776962, -7.220488 ], [ 110.77713, -7.222768 ], [ 110.775093, -7.223297 ], [ 110.773018, -7.223656 ], [ 110.772369, -7.225632 ], [ 110.770439, -7.226956 ], [ 110.771362, -7.228812 ], [ 110.77066, -7.231055 ], [ 110.77092, -7.233287 ], [ 110.771866, -7.235542 ], [ 110.770508, -7.237515 ], [ 110.768868, -7.239323 ], [ 110.767929, -7.241601 ], [ 110.768158, -7.244337 ], [ 110.770759, -7.244385 ], [ 110.772835, -7.244633 ], [ 110.775414, -7.2442 ], [ 110.777687, -7.2448 ], [ 110.779816, -7.244918 ], [ 110.781891, -7.245002 ], [ 110.783806, -7.243887 ], [ 110.78714, -7.2439 ], [ 110.789047, -7.242879 ], [ 110.791588, -7.241295 ], [ 110.794159, -7.240016 ], [ 110.79631, -7.238102 ], [ 110.798004, -7.236823 ], [ 110.799584, -7.235461 ], [ 110.801903, -7.234053 ], [ 110.803459, -7.232445 ], [ 110.805252, -7.230978 ], [ 110.808044, -7.228801 ], [ 110.807968, -7.226621 ], [ 110.808701, -7.224097 ], [ 110.809547, -7.222277 ], [ 110.812164, -7.221026 ], [ 110.814339, -7.218701 ], [ 110.816345, -7.216682 ], [ 110.817398, -7.220328 ], [ 110.818497, -7.222424 ], [ 110.819901, -7.224951 ], [ 110.820465, -7.227274 ], [ 110.821831, -7.228837 ], [ 110.824074, -7.229298 ], [ 110.826302, -7.23064 ], [ 110.829376, -7.230141 ], [ 110.831383, -7.229421 ], [ 110.831421, -7.233595 ], [ 110.829826, -7.23599 ], [ 110.828644, -7.2382 ], [ 110.830788, -7.242585 ], [ 110.830971, -7.245421 ], [ 110.831375, -7.247522 ], [ 110.830948, -7.249986 ], [ 110.832192, -7.253744 ], [ 110.833633, -7.255959 ], [ 110.834762, -7.258018 ], [ 110.836708, -7.260078 ], [ 110.838226, -7.261867 ], [ 110.835892, -7.262565 ], [ 110.833, -7.262766 ], [ 110.829918, -7.264153 ], [ 110.827667, -7.264902 ], [ 110.823715, -7.265126 ], [ 110.819924, -7.264862 ], [ 110.816391, -7.263923 ], [ 110.812515, -7.262834 ], [ 110.810562, -7.262383 ], [ 110.807892, -7.262157 ], [ 110.804245, -7.26253 ], [ 110.802368, -7.263542 ], [ 110.800598, -7.265229 ], [ 110.798981, -7.267816 ], [ 110.798195, -7.269691 ], [ 110.796989, -7.272578 ], [ 110.794357, -7.275035 ], [ 110.793457, -7.276863 ], [ 110.79319, -7.279316 ], [ 110.793137, -7.281403 ], [ 110.793861, -7.283316 ], [ 110.793632, -7.285577 ], [ 110.79351, -7.287807 ], [ 110.793228, -7.28988 ], [ 110.794373, -7.292093 ], [ 110.793839, -7.295033 ], [ 110.794449, -7.29727 ], [ 110.795242, -7.299288 ], [ 110.796188, -7.301139 ], [ 110.796516, -7.303342 ], [ 110.796875, -7.306087 ], [ 110.797188, -7.308219 ], [ 110.797462, -7.310362 ], [ 110.798027, -7.312499 ], [ 110.799156, -7.314445 ], [ 110.800079, -7.316285 ], [ 110.801514, -7.317894 ], [ 110.801498, -7.320048 ], [ 110.802292, -7.322097 ], [ 110.801888, -7.324134 ], [ 110.801811, -7.328213 ] ] ] } },
{ "type": "Feature", "properties": { "STATISTIK": "3329", "KABUPATEN": "BREBES", "PROPINSI": "JAWA TENGAH", "LUAS_KM2": "95.6061", "DATA": "BAKOSURTANAL, BPS" }, "geometry": { "type": "MultiPolygon", "coordinates": [ [ [ [ 108.728943, -7.114163 ], [ 108.732246, -7.112611 ], [ 108.734955, -7.112805 ], [ 108.736702, -7.114357 ], [ 108.738838, -7.115132 ], [ 108.740967, -7.115908 ], [ 108.743103, -7.115326 ], [ 108.744652, -7.113581 ], [ 108.746399, -7.11203 ], [ 108.748337, -7.111448 ], [ 108.750664, -7.111254 ], [ 108.752991, -7.111835 ], [ 108.754936, -7.112999 ], [ 108.760559, -7.114939 ], [ 108.763275, -7.114551 ], [ 108.765793, -7.113775 ], [ 108.770447, -7.110672 ], [ 108.772774, -7.108733 ], [ 108.777428, -7.105242 ], [ 108.778206, -7.103302 ], [ 108.778984, -7.100587 ], [ 108.779365, -7.098454 ], [ 108.781113, -7.094188 ], [ 108.781311, -7.091861 ], [ 108.780724, -7.089727 ], [ 108.779365, -7.086625 ], [ 108.778206, -7.084491 ], [ 108.777527, -7.081485 ], [ 108.777329, -7.079352 ], [ 108.777718, -7.075473 ], [ 108.779076, -7.073922 ], [ 108.782959, -7.070043 ], [ 108.784119, -7.066746 ], [ 108.784698, -7.063256 ], [ 108.786255, -7.058795 ], [ 108.786835, -7.052783 ], [ 108.784897, -7.051038 ], [ 108.782959, -7.050262 ], [ 108.781403, -7.048711 ], [ 108.780632, -7.046577 ], [ 108.780243, -7.042505 ], [ 108.780823, -7.039984 ], [ 108.784119, -7.035329 ], [ 108.788193, -7.031257 ], [ 108.793625, -7.027378 ], [ 108.796532, -7.025245 ], [ 108.7975, -7.022918 ], [ 108.79789, -7.020397 ], [ 108.796341, -7.0171 ], [ 108.795753, -7.014578 ], [ 108.795563, -7.012057 ], [ 108.79731, -7.008179 ], [ 108.798668, -7.006433 ], [ 108.79847, -7.0043 ], [ 108.796532, -7.002943 ], [ 108.794785, -7.001779 ], [ 108.7911, -6.99887 ], [ 108.789162, -6.997125 ], [ 108.785477, -6.994991 ], [ 108.78315, -6.99441 ], [ 108.780243, -6.993052 ], [ 108.776558, -6.991307 ], [ 108.772293, -6.990143 ], [ 108.768608, -6.989368 ], [ 108.766281, -6.988204 ], [ 108.763565, -6.985295 ], [ 108.760834, -6.982505 ], [ 108.760055, -6.978828 ], [ 108.760445, -6.975731 ], [ 108.761993, -6.971473 ], [ 108.762382, -6.967795 ], [ 108.762382, -6.964505 ], [ 108.761803, -6.961408 ], [ 108.761414, -6.958505 ], [ 108.761025, -6.956182 ], [ 108.761604, -6.951731 ], [ 108.762962, -6.945925 ], [ 108.763542, -6.943408 ], [ 108.763542, -6.940506 ], [ 108.763954, -6.937485 ], [ 108.761849, -6.935959 ], [ 108.760231, -6.932915 ], [ 108.758781, -6.930331 ], [ 108.757668, -6.928498 ], [ 108.755821, -6.925449 ], [ 108.754951, -6.922403 ], [ 108.755402, -6.919527 ], [ 108.754929, -6.91625 ], [ 108.754974, -6.913489 ], [ 108.756989, -6.912909 ], [ 108.760498, -6.912728 ], [ 108.762733, -6.910882 ], [ 108.762436, -6.908064 ], [ 108.756737, -6.907101 ], [ 108.759033, -6.905427 ], [ 108.761101, -6.905422 ], [ 108.763405, -6.905647 ], [ 108.765243, -6.904377 ], [ 108.766739, -6.902533 ], [ 108.766724, -6.898852 ], [ 108.765045, -6.897188 ], [ 108.766655, -6.895516 ], [ 108.769066, -6.894361 ], [ 108.770554, -6.892344 ], [ 108.772736, -6.891361 ], [ 108.774872, -6.891241 ], [ 108.777107, -6.889567 ], [ 108.777504, -6.887553 ], [ 108.777489, -6.88347 ], [ 108.779732, -6.882774 ], [ 108.78186, -6.883344 ], [ 108.784454, -6.883396 ], [ 108.78595, -6.882011 ], [ 108.785934, -6.879424 ], [ 108.787079, -6.87758 ], [ 108.789391, -6.879933 ], [ 108.79129, -6.878663 ], [ 108.793358, -6.877738 ], [ 108.795334, -6.875985 ], [ 108.797371, -6.872667 ], [ 108.798332, -6.869444 ], [ 108.799476, -6.86714 ], [ 108.801773, -6.865755 ], [ 108.804069, -6.863621 ], [ 108.805672, -6.860569 ], [ 108.807388, -6.857172 ], [ 108.808876, -6.855155 ], [ 108.809898, -6.848127 ], [ 108.812523, -6.845887 ], [ 108.813896, -6.84272 ], [ 108.815269, -6.840991 ], [ 108.817101, -6.837709 ], [ 108.818932, -6.834484 ], [ 108.820542, -6.832984 ], [ 108.824616, -6.829293 ], [ 108.826378, -6.824976 ], [ 108.826485, -6.82279 ], [ 108.826363, -6.82072 ], [ 108.826134, -6.817255 ], [ 108.825874, -6.813417 ], [ 108.825852, -6.807723 ], [ 108.826309, -6.805249 ], [ 108.827736, -6.802255 ], [ 108.829918, -6.800007 ], [ 108.830483, -6.797417 ], [ 108.829781, -6.795406 ], [ 108.827988, -6.792707 ], [ 108.826828, -6.79087 ], [ 108.826416, -6.788225 ], [ 108.82698, -6.785981 ], [ 108.828186, -6.783505 ], [ 108.82898, -6.780685 ], [ 108.828796, -6.777522 ], [ 108.828834, -6.773381 ], [ 108.82888, -6.76901 ], [ 108.827347, -6.760214 ], [ 108.826874, -6.756822 ], [ 108.827156, -6.754693 ], [ 108.828047, -6.752199 ], [ 108.828134, -6.752396 ], [ 108.828725, -6.752811 ], [ 108.829119, -6.752855 ], [ 108.831055, -6.752365 ], [ 108.83124, -6.752374 ], [ 108.831459, -6.752527 ], [ 108.831344, -6.753185 ], [ 108.831262, -6.753511 ], [ 108.831459, -6.75408 ], [ 108.831568, -6.754933 ], [ 108.832268, -6.755813 ], [ 108.833565, -6.757723 ], [ 108.834237, -6.758455 ], [ 108.834128, -6.759461 ], [ 108.833977, -6.760154 ], [ 108.832575, -6.76143 ], [ 108.832817, -6.761883 ], [ 108.833078, -6.762261 ], [ 108.832771, -6.763136 ], [ 108.832161, -6.764391 ], [ 108.832925, -6.765761 ], [ 108.832946, -6.765979 ], [ 108.832893, -6.766583 ], [ 108.832815, -6.767117 ], [ 108.832963, -6.767574 ], [ 108.833122, -6.767773 ], [ 108.833297, -6.768079 ], [ 108.833038, -6.768626 ], [ 108.833362, -6.769676 ], [ 108.834215, -6.770333 ], [ 108.83509, -6.770289 ], [ 108.835449, -6.77035 ], [ 108.837753, -6.770947 ], [ 108.838333, -6.76862 ], [ 108.838547, -6.768386 ], [ 108.840752, -6.768949 ], [ 108.840909, -6.768036 ], [ 108.841543, -6.768058 ], [ 108.841981, -6.768014 ], [ 108.841957, -6.766707 ], [ 108.843249, -6.766592 ], [ 108.843053, -6.765039 ], [ 108.843109, -6.764768 ], [ 108.843446, -6.764558 ], [ 108.844452, -6.76458 ], [ 108.845032, -6.765495 ], [ 108.84559, -6.766023 ], [ 108.845677, -6.766242 ], [ 108.846245, -6.76749 ], [ 108.847473, -6.769406 ], [ 108.848213, -6.772838 ], [ 108.847952, -6.773286 ], [ 108.847659, -6.773408 ], [ 108.847012, -6.774073 ], [ 108.846115, -6.774861 ], [ 108.845123, -6.774939 ], [ 108.844649, -6.775298 ], [ 108.844584, -6.775626 ], [ 108.844693, -6.775889 ], [ 108.845634, -6.776676 ], [ 108.845657, -6.776999 ], [ 108.845218, -6.777901 ], [ 108.846137, -6.778404 ], [ 108.847061, -6.779102 ], [ 108.847121, -6.779367 ], [ 108.846443, -6.779804 ], [ 108.846399, -6.780548 ], [ 108.847084, -6.782594 ], [ 108.846815, -6.782888 ], [ 108.846181, -6.783085 ], [ 108.845787, -6.783545 ], [ 108.845721, -6.784835 ], [ 108.846399, -6.786673 ], [ 108.847549, -6.788409 ], [ 108.848151, -6.789075 ], [ 108.848696, -6.789451 ], [ 108.84993, -6.791044 ], [ 108.851746, -6.792828 ], [ 108.852502, -6.794001 ], [ 108.853073, -6.794626 ], [ 108.854165, -6.795094 ], [ 108.854821, -6.795029 ], [ 108.855805, -6.795029 ], [ 108.85609, -6.79481 ], [ 108.856746, -6.794766 ], [ 108.857358, -6.794897 ], [ 108.857971, -6.795094 ], [ 108.858658, -6.795682 ], [ 108.860642, -6.797536 ], [ 108.863419, -6.799707 ], [ 108.864052, -6.800169 ], [ 108.864195, -6.800976 ], [ 108.864624, -6.801678 ], [ 108.865714, -6.802575 ], [ 108.865769, -6.803255 ], [ 108.866436, -6.803953 ], [ 108.866798, -6.804671 ], [ 108.867267, -6.8059 ], [ 108.867355, -6.807256 ], [ 108.868011, -6.808219 ], [ 108.869194, -6.808726 ], [ 108.870505, -6.809247 ], [ 108.871117, -6.80905 ], [ 108.871752, -6.808131 ], [ 108.872627, -6.807572 ], [ 108.873392, -6.806666 ], [ 108.873895, -6.80636 ], [ 108.874428, -6.806447 ], [ 108.876862, -6.807481 ], [ 108.878073, -6.807759 ], [ 108.879013, -6.808216 ], [ 108.879758, -6.808634 ], [ 108.880989, -6.808919 ], [ 108.883072, -6.809635 ], [ 108.885025, -6.81071 ], [ 108.887238, -6.811717 ], [ 108.889503, -6.812009 ], [ 108.891769, -6.812408 ], [ 108.893845, -6.812147 ], [ 108.894807, -6.812047 ], [ 108.896042, -6.812282 ], [ 108.898819, -6.812685 ], [ 108.900932, -6.812944 ], [ 108.903015, -6.813032 ], [ 108.903338, -6.812944 ], [ 108.904454, -6.8136 ], [ 108.904823, -6.81389 ], [ 108.905679, -6.814759 ], [ 108.906291, -6.814672 ], [ 108.906597, -6.814278 ], [ 108.907219, -6.814001 ], [ 108.908129, -6.813687 ], [ 108.909828, -6.813926 ], [ 108.911344, -6.814059 ], [ 108.911873, -6.814209 ], [ 108.912985, -6.814519 ], [ 108.913803, -6.814932 ], [ 108.914756, -6.815437 ], [ 108.915971, -6.815712 ], [ 108.916988, -6.816334 ], [ 108.917755, -6.816354 ], [ 108.918169, -6.816465 ], [ 108.918891, -6.816859 ], [ 108.919579, -6.817382 ], [ 108.921557, -6.81876 ], [ 108.921581, -6.818719 ], [ 108.921953, -6.81909 ], [ 108.923447, -6.820164 ], [ 108.925217, -6.821201 ], [ 108.927467, -6.822723 ], [ 108.928275, -6.823268 ], [ 108.928825, -6.824194 ], [ 108.929565, -6.825434 ], [ 108.930528, -6.82515 ], [ 108.931404, -6.82567 ], [ 108.93322, -6.826961 ], [ 108.935219, -6.828275 ], [ 108.93639, -6.828846 ], [ 108.937002, -6.828443 ], [ 108.937331, -6.828387 ], [ 108.937698, -6.828509 ], [ 108.938206, -6.828671 ], [ 108.938884, -6.828518 ], [ 108.940437, -6.828956 ], [ 108.941728, -6.829415 ], [ 108.942741, -6.829498 ], [ 108.945282, -6.829953 ], [ 108.947284, -6.830574 ], [ 108.947984, -6.830793 ], [ 108.949384, -6.830924 ], [ 108.950172, -6.830752 ], [ 108.951834, -6.83029 ], [ 108.953667, -6.830119 ], [ 108.955246, -6.830268 ], [ 108.955757, -6.829915 ], [ 108.957871, -6.828715 ], [ 108.959183, -6.828168 ], [ 108.959687, -6.828212 ], [ 108.961845, -6.826612 ], [ 108.963951, -6.825477 ], [ 108.964936, -6.825237 ], [ 108.965483, -6.825215 ], [ 108.965986, -6.824996 ], [ 108.966293, -6.82434 ], [ 108.966774, -6.823695 ], [ 108.967933, -6.822787 ], [ 108.968826, -6.822273 ], [ 108.969377, -6.822 ], [ 108.970733, -6.82119 ], [ 108.971171, -6.821256 ], [ 108.971733, -6.820594 ], [ 108.972789, -6.8199 ], [ 108.973846, -6.819644 ], [ 108.974145, -6.818544 ], [ 108.974539, -6.817712 ], [ 108.974145, -6.817144 ], [ 108.974213, -6.816833 ], [ 108.974808, -6.814813 ], [ 108.974182, -6.812491 ], [ 108.973358, -6.810537 ], [ 108.973336, -6.810363 ], [ 108.972811, -6.809925 ], [ 108.972658, -6.809509 ], [ 108.972111, -6.80846 ], [ 108.97082, -6.807081 ], [ 108.969596, -6.806731 ], [ 108.969027, -6.806447 ], [ 108.968874, -6.806272 ], [ 108.968742, -6.805506 ], [ 108.968852, -6.805288 ], [ 108.969618, -6.805441 ], [ 108.970077, -6.805266 ], [ 108.97047, -6.805244 ], [ 108.97082, -6.805528 ], [ 108.971739, -6.80555 ], [ 108.972724, -6.806228 ], [ 108.97329, -6.806241 ], [ 108.975348, -6.806272 ], [ 108.975594, -6.806436 ], [ 108.978043, -6.806306 ], [ 108.979658, -6.806403 ], [ 108.980248, -6.806272 ], [ 108.980817, -6.806075 ], [ 108.981613, -6.806684 ], [ 108.981736, -6.806775 ], [ 108.982129, -6.807344 ], [ 108.982501, -6.807431 ], [ 108.983002, -6.808173 ], [ 108.985321, -6.808417 ], [ 108.986045, -6.808284 ], [ 108.987503, -6.808495 ], [ 108.988604, -6.808503 ], [ 108.98972, -6.808831 ], [ 108.990223, -6.808569 ], [ 108.990814, -6.808438 ], [ 108.991623, -6.808547 ], [ 108.992542, -6.808984 ], [ 108.99276, -6.808984 ], [ 108.992695, -6.808525 ], [ 108.992454, -6.808197 ], [ 108.991081, -6.808006 ], [ 108.990868, -6.807976 ], [ 108.990485, -6.807278 ], [ 108.990332, -6.806666 ], [ 108.990617, -6.806491 ], [ 108.992004, -6.806306 ], [ 108.994051, -6.805835 ], [ 108.994003, -6.805468 ], [ 108.992979, -6.803778 ], [ 108.992897, -6.803479 ], [ 108.993395, -6.802532 ], [ 108.993999, -6.801555 ], [ 108.994007, -6.801197 ], [ 108.99417, -6.801259 ], [ 108.994454, -6.800762 ], [ 108.994904, -6.798769 ], [ 108.99497, -6.797719 ], [ 108.99581, -6.797815 ], [ 108.996042, -6.797872 ], [ 108.996445, -6.797147 ], [ 108.997288, -6.797479 ], [ 108.997791, -6.797872 ], [ 108.997993, -6.798863 ], [ 108.998207, -6.799119 ], [ 109.000395, -6.799469 ], [ 109.000748, -6.799332 ], [ 109.001051, -6.797719 ], [ 109.001991, -6.797441 ], [ 109.002254, -6.797041 ], [ 109.002556, -6.796956 ], [ 109.003873, -6.796975 ], [ 109.004502, -6.797706 ], [ 109.005535, -6.797675 ], [ 109.006523, -6.797221 ], [ 109.007591, -6.796407 ], [ 109.008269, -6.794985 ], [ 109.008072, -6.794701 ], [ 109.008255, -6.793411 ], [ 109.01033, -6.792445 ], [ 109.012229, -6.792426 ], [ 109.0126, -6.792207 ], [ 109.012711, -6.791975 ], [ 109.013489, -6.788625 ], [ 109.013804, -6.787154 ], [ 109.013774, -6.786739 ], [ 109.013358, -6.785847 ], [ 109.013901, -6.785175 ], [ 109.015269, -6.784004 ], [ 109.016056, -6.783851 ], [ 109.016406, -6.783851 ], [ 109.016785, -6.78438 ], [ 109.018988, -6.785098 ], [ 109.019556, -6.785098 ], [ 109.019819, -6.784923 ], [ 109.020065, -6.784447 ], [ 109.020716, -6.781992 ], [ 109.021088, -6.781576 ], [ 109.021831, -6.782188 ], [ 109.022383, -6.782229 ], [ 109.02275, -6.782123 ], [ 109.023166, -6.781707 ], [ 109.023363, -6.780329 ], [ 109.023669, -6.78022 ], [ 109.023953, -6.780285 ], [ 109.024106, -6.780635 ], [ 109.023603, -6.781248 ], [ 109.023363, -6.781882 ], [ 109.023166, -6.782692 ], [ 109.0238, -6.783479 ], [ 109.024237, -6.783763 ], [ 109.024938, -6.784004 ], [ 109.025025, -6.784376 ], [ 109.025244, -6.784748 ], [ 109.025572, -6.784791 ], [ 109.026491, -6.785054 ], [ 109.02765, -6.785841 ], [ 109.028131, -6.785316 ], [ 109.026841, -6.784616 ], [ 109.026505, -6.784141 ], [ 109.026733, -6.783721 ], [ 109.02835, -6.783851 ], [ 109.028602, -6.782837 ], [ 109.030078, -6.782495 ], [ 109.030231, -6.781226 ], [ 109.02993, -6.781156 ], [ 109.028781, -6.780895 ], [ 109.028459, -6.78046 ], [ 109.028389, -6.779965 ], [ 109.02835, -6.779695 ], [ 109.028542, -6.779481 ], [ 109.029444, -6.77882 ], [ 109.029404, -6.777673 ], [ 109.031563, -6.77509 ], [ 109.033145, -6.776076 ], [ 109.03373, -6.776127 ], [ 109.033433, -6.772767 ], [ 109.033628, -6.77262 ], [ 109.034363, -6.773648 ], [ 109.035291, -6.773621 ], [ 109.03557, -6.772838 ], [ 109.034962, -6.770307 ], [ 109.034943, -6.769817 ], [ 109.035041, -6.768993 ], [ 109.035178, -6.768502 ], [ 109.035374, -6.768365 ], [ 109.035649, -6.768228 ], [ 109.035982, -6.768247 ], [ 109.036375, -6.768208 ], [ 109.037277, -6.768345 ], [ 109.038219, -6.768659 ], [ 109.03865, -6.768738 ], [ 109.038984, -6.768914 ], [ 109.040945, -6.76915 ], [ 109.042181, -6.769405 ], [ 109.043417, -6.769248 ], [ 109.044182, -6.76915 ], [ 109.045438, -6.769189 ], [ 109.04736, -6.770032 ], [ 109.046772, -6.770405 ], [ 109.046183, -6.770935 ], [ 109.045261, -6.770817 ], [ 109.044634, -6.770621 ], [ 109.043613, -6.770346 ], [ 109.042633, -6.770131 ], [ 109.042319, -6.770229 ], [ 109.041593, -6.770405 ], [ 109.04018, -6.77017 ], [ 109.038984, -6.769777 ], [ 109.038336, -6.769542 ], [ 109.036924, -6.769248 ], [ 109.0361, -6.769169 ], [ 109.035485, -6.769421 ], [ 109.035276, -6.769915 ], [ 109.035453, -6.771053 ], [ 109.035783, -6.771885 ], [ 109.03656, -6.773584 ], [ 109.037022, -6.774466 ], [ 109.037316, -6.774418 ], [ 109.037937, -6.774334 ], [ 109.038231, -6.775429 ], [ 109.038329, -6.776782 ], [ 109.037056, -6.776782 ], [ 109.036903, -6.777383 ], [ 109.036339, -6.779442 ], [ 109.036796, -6.779908 ], [ 109.038391, -6.780737 ], [ 109.039455, -6.78158 ], [ 109.040169, -6.78168 ], [ 109.04063, -6.781042 ], [ 109.041123, -6.779584 ], [ 109.041364, -6.778153 ], [ 109.042458, -6.7779 ], [ 109.04298, -6.778104 ], [ 109.043862, -6.778838 ], [ 109.044212, -6.780481 ], [ 109.045233, -6.78256 ], [ 109.045587, -6.782391 ], [ 109.045944, -6.782886 ], [ 109.046702, -6.783049 ], [ 109.046898, -6.782755 ], [ 109.047093, -6.782462 ], [ 109.049884, -6.781384 ], [ 109.050276, -6.781091 ], [ 109.050227, -6.780454 ], [ 109.050521, -6.780111 ], [ 109.050751, -6.780746 ], [ 109.0515, -6.780993 ], [ 109.052969, -6.780111 ], [ 109.053856, -6.778767 ], [ 109.054193, -6.777761 ], [ 109.055319, -6.777859 ], [ 109.055939, -6.776713 ], [ 109.056837, -6.775264 ], [ 109.057175, -6.774995 ], [ 109.057914, -6.77497 ], [ 109.058723, -6.773665 ], [ 109.059294, -6.77335 ], [ 109.0594, -6.772604 ], [ 109.059054, -6.772125 ], [ 109.059006, -6.771492 ], [ 109.059321, -6.770795 ], [ 109.060465, -6.770715 ], [ 109.060883, -6.76997 ], [ 109.061237, -6.768639 ], [ 109.059826, -6.768586 ], [ 109.059826, -6.768266 ], [ 109.060234, -6.767717 ], [ 109.060811, -6.767202 ], [ 109.061974, -6.766438 ], [ 109.062713, -6.765422 ], [ 109.063056, -6.765667 ], [ 109.063599, -6.767765 ], [ 109.063738, -6.768399 ], [ 109.063141, -6.770949 ], [ 109.062807, -6.772365 ], [ 109.062279, -6.773385 ], [ 109.061689, -6.774521 ], [ 109.061592, -6.776439 ], [ 109.061423, -6.777102 ], [ 109.060811, -6.778007 ], [ 109.060704, -6.778992 ], [ 109.061234, -6.780067 ], [ 109.061184, -6.781254 ], [ 109.061607, -6.782293 ], [ 109.062461, -6.782904 ], [ 109.063259, -6.783117 ], [ 109.063366, -6.78333 ], [ 109.063324, -6.783488 ], [ 109.062967, -6.783676 ], [ 109.062759, -6.785416 ], [ 109.062701, -6.787695 ], [ 109.062996, -6.788565 ], [ 109.063419, -6.789717 ], [ 109.064995, -6.78965 ], [ 109.065655, -6.789717 ], [ 109.066437, -6.791182 ], [ 109.067677, -6.790888 ], [ 109.068543, -6.790526 ], [ 109.06954, -6.790276 ], [ 109.070252, -6.789452 ], [ 109.071084, -6.789398 ], [ 109.072365, -6.789394 ], [ 109.07276, -6.789318 ], [ 109.073346, -6.788946 ], [ 109.073958, -6.789265 ], [ 109.07441, -6.790042 ], [ 109.07489, -6.791288 ], [ 109.075081, -6.792674 ], [ 109.075316, -6.794242 ], [ 109.075279, -6.796158 ], [ 109.075209, -6.797169 ], [ 109.075897, -6.799951 ], [ 109.076477, -6.802024 ], [ 109.076859, -6.803503 ], [ 109.076775, -6.805345 ], [ 109.076393, -6.808198 ], [ 109.077461, -6.809962 ], [ 109.078392, -6.812852 ], [ 109.078882, -6.81391 ], [ 109.079376, -6.814674 ], [ 109.080627, -6.816605 ], [ 109.080933, -6.818601 ], [ 109.082169, -6.820296 ], [ 109.082821, -6.821255 ], [ 109.082767, -6.821495 ], [ 109.082318, -6.821031 ], [ 109.081676, -6.820643 ], [ 109.081729, -6.821069 ], [ 109.08258, -6.822328 ], [ 109.083809, -6.82439 ], [ 109.084284, -6.824742 ], [ 109.08471, -6.824715 ], [ 109.08503, -6.824901 ], [ 109.085163, -6.824981 ], [ 109.085274, -6.825956 ], [ 109.086998, -6.827742 ], [ 109.08918, -6.829593 ], [ 109.090881, -6.831398 ], [ 109.092537, -6.832776 ], [ 109.094177, -6.834185 ], [ 109.095802, -6.835496 ], [ 109.098053, -6.837118 ], [ 109.100647, -6.838192 ], [ 109.102165, -6.839544 ], [ 109.100403, -6.841372 ], [ 109.098923, -6.842838 ], [ 109.09848, -6.845135 ], [ 109.098892, -6.847605 ], [ 109.098938, -6.849632 ], [ 109.099854, -6.85184 ], [ 109.100289, -6.854654 ], [ 109.100624, -6.856724 ], [ 109.098206, -6.859354 ], [ 109.097687, -6.861556 ], [ 109.096069, -6.863653 ], [ 109.09388, -6.86381 ], [ 109.091888, -6.864127 ], [ 109.089775, -6.863672 ], [ 109.087372, -6.862349 ], [ 109.085449, -6.861243 ], [ 109.084038, -6.859639 ], [ 109.081871, -6.859124 ], [ 109.081253, -6.861161 ], [ 109.081452, -6.863208 ], [ 109.080872, -6.865187 ], [ 109.080773, -6.867198 ], [ 109.081032, -6.869227 ], [ 109.081276, -6.871457 ], [ 109.079323, -6.872817 ], [ 109.07737, -6.873499 ], [ 109.07592, -6.875 ], [ 109.075302, -6.878605 ], [ 109.074997, -6.8809 ], [ 109.076416, -6.883596 ], [ 109.078117, -6.88735 ], [ 109.076088, -6.889683 ], [ 109.074639, -6.891085 ], [ 109.073181, -6.892609 ], [ 109.073112, -6.894646 ], [ 109.073089, -6.8971 ], [ 109.073166, -6.899344 ], [ 109.073891, -6.901305 ], [ 109.075065, -6.903055 ], [ 109.077087, -6.906011 ], [ 109.075653, -6.909044 ], [ 109.074982, -6.911032 ], [ 109.074585, -6.913127 ], [ 109.075607, -6.914896 ], [ 109.075668, -6.917218 ], [ 109.076035, -6.920539 ], [ 109.077927, -6.921564 ], [ 109.079918, -6.921281 ], [ 109.081039, -6.92306 ], [ 109.081856, -6.925007 ], [ 109.08226, -6.926999 ], [ 109.081947, -6.928989 ], [ 109.081604, -6.930981 ], [ 109.080551, -6.932811 ], [ 109.078835, -6.933938 ], [ 109.078079, -6.93585 ], [ 109.07827, -6.937853 ], [ 109.077957, -6.939899 ], [ 109.077919, -6.942035 ], [ 109.077736, -6.944056 ], [ 109.077339, -6.946109 ], [ 109.076691, -6.948082 ], [ 109.075989, -6.949968 ], [ 109.075096, -6.951884 ], [ 109.075462, -6.953994 ], [ 109.077553, -6.956913 ], [ 109.076866, -6.95998 ], [ 109.076859, -6.962246 ], [ 109.075615, -6.963878 ], [ 109.074905, -6.965769 ], [ 109.0737, -6.967371 ], [ 109.072449, -6.968999 ], [ 109.071335, -6.970769 ], [ 109.07122, -6.973858 ], [ 109.071564, -6.976008 ], [ 109.07132, -6.978228 ], [ 109.071365, -6.980229 ], [ 109.072334, -6.981999 ], [ 109.073006, -6.983959 ], [ 109.073471, -6.986136 ], [ 109.074082, -6.988053 ], [ 109.073738, -6.990057 ], [ 109.074249, -6.991994 ], [ 109.072121, -6.99401 ], [ 109.067978, -6.994054 ], [ 109.068886, -6.990323 ], [ 109.069237, -6.988288 ], [ 109.069183, -6.986216 ], [ 109.068764, -6.984021 ], [ 109.067749, -6.982134 ], [ 109.066811, -6.980349 ], [ 109.066666, -6.97825 ], [ 109.065773, -6.975186 ], [ 109.063278, -6.976271 ], [ 109.061401, -6.977172 ], [ 109.058334, -6.97722 ], [ 109.05362, -6.975456 ], [ 109.048119, -6.978424 ], [ 109.048416, -6.980515 ], [ 109.047439, -6.982372 ], [ 109.046524, -6.98423 ], [ 109.045555, -6.986094 ], [ 109.04232, -6.985348 ], [ 109.039581, -6.98574 ], [ 109.037209, -6.985412 ], [ 109.0354, -6.984379 ], [ 109.03344, -6.983789 ], [ 109.033066, -6.985819 ], [ 109.030777, -6.987182 ], [ 109.02932, -6.988584 ], [ 109.029236, -6.990676 ], [ 109.027077, -6.99167 ], [ 109.028847, -6.99308 ], [ 109.029625, -6.997718 ], [ 109.029396, -6.99993 ], [ 109.027146, -7.003493 ], [ 109.024895, -7.009535 ], [ 109.02417, -7.011457 ], [ 109.023254, -7.013425 ], [ 109.02227, -7.015797 ], [ 109.021278, -7.017981 ], [ 109.020577, -7.019979 ], [ 109.019821, -7.022024 ], [ 109.018929, -7.024278 ], [ 109.021256, -7.027744 ], [ 109.021461, -7.029818 ], [ 109.022262, -7.031702 ], [ 109.023461, -7.033332 ], [ 109.024269, -7.035453 ], [ 109.02581, -7.036969 ], [ 109.025947, -7.038986 ], [ 109.025551, -7.041027 ], [ 109.0252, -7.043007 ], [ 109.023659, -7.044772 ], [ 109.021507, -7.04514 ], [ 109.019997, -7.046671 ], [ 109.017944, -7.048305 ], [ 109.015739, -7.047586 ], [ 109.014526, -7.045952 ], [ 109.012558, -7.045362 ], [ 109.010307, -7.045094 ], [ 109.008209, -7.044286 ], [ 109.006554, -7.042335 ], [ 109.004753, -7.041069 ], [ 109.002815, -7.042285 ], [ 109.001663, -7.043948 ], [ 108.999359, -7.048474 ], [ 108.99688, -7.050821 ], [ 108.994118, -7.053184 ], [ 108.991989, -7.05474 ], [ 108.988647, -7.056702 ], [ 108.986389, -7.058651 ], [ 108.98352, -7.058955 ], [ 108.980354, -7.059076 ], [ 108.977585, -7.058679 ], [ 108.974304, -7.058282 ], [ 108.971016, -7.058921 ], [ 108.969467, -7.060534 ], [ 108.968781, -7.063066 ], [ 108.969589, -7.066169 ], [ 108.971268, -7.069099 ], [ 108.974037, -7.071796 ], [ 108.976349, -7.074552 ], [ 108.977158, -7.077886 ], [ 108.977799, -7.08145 ], [ 108.977516, -7.084153 ], [ 108.976829, -7.086857 ], [ 108.975739, -7.090425 ], [ 108.974304, -7.09336 ], [ 108.973381, -7.095662 ], [ 108.972465, -7.097676 ], [ 108.971954, -7.100265 ], [ 108.972534, -7.102851 ], [ 108.974205, -7.104343 ], [ 108.976685, -7.104856 ], [ 108.978813, -7.104622 ], [ 108.981468, -7.104272 ], [ 108.98481, -7.104841 ], [ 108.986542, -7.10731 ], [ 108.985046, -7.109268 ], [ 108.981766, -7.110425 ], [ 108.981018, -7.113071 ], [ 108.980164, -7.116523 ], [ 108.978722, -7.118135 ], [ 108.976418, -7.1186 ], [ 108.972504, -7.119068 ], [ 108.968529, -7.120858 ], [ 108.96582, -7.122704 ], [ 108.963112, -7.123456 ], [ 108.959709, -7.12214 ], [ 108.955277, -7.121688 ], [ 108.953491, -7.124107 ], [ 108.953529, -7.126583 ], [ 108.95517, -7.130199 ], [ 108.955528, -7.134914 ], [ 108.955528, -7.137214 ], [ 108.957207, -7.138994 ], [ 108.960594, -7.137255 ], [ 108.963768, -7.137601 ], [ 108.966659, -7.14047 ], [ 108.967812, -7.142999 ], [ 108.971069, -7.143672 ], [ 108.974327, -7.142699 ], [ 108.979393, -7.140734 ], [ 108.981873, -7.139809 ], [ 108.98394, -7.138022 ], [ 108.989243, -7.135252 ], [ 108.993935, -7.134644 ], [ 108.996094, -7.134606 ], [ 108.998916, -7.134716 ], [ 109.001106, -7.134367 ], [ 109.00341, -7.133212 ], [ 109.005661, -7.132345 ], [ 109.008713, -7.132339 ], [ 109.011482, -7.134002 ], [ 109.015923, -7.135996 ], [ 109.018806, -7.1368 ], [ 109.020767, -7.137261 ], [ 109.023705, -7.138234 ], [ 109.026711, -7.140585 ], [ 109.031647, -7.14137 ], [ 109.0336, -7.140722 ], [ 109.03569, -7.140595 ], [ 109.037766, -7.140942 ], [ 109.040215, -7.142136 ], [ 109.04229, -7.143553 ], [ 109.043572, -7.145254 ], [ 109.044701, -7.147516 ], [ 109.046058, -7.149634 ], [ 109.047936, -7.150487 ], [ 109.050316, -7.150795 ], [ 109.052933, -7.150747 ], [ 109.055778, -7.150311 ], [ 109.057877, -7.149352 ], [ 109.05909, -7.147512 ], [ 109.059845, -7.145278 ], [ 109.060356, -7.14272 ], [ 109.059746, -7.140431 ], [ 109.057602, -7.138241 ], [ 109.057617, -7.135097 ], [ 109.058716, -7.133167 ], [ 109.059448, -7.13059 ], [ 109.060646, -7.128825 ], [ 109.062523, -7.127866 ], [ 109.064575, -7.127433 ], [ 109.066902, -7.127661 ], [ 109.069336, -7.126995 ], [ 109.0728, -7.128569 ], [ 109.074875, -7.129734 ], [ 109.07637, -7.131155 ], [ 109.078316, -7.132332 ], [ 109.08036, -7.13353 ], [ 109.082428, -7.135199 ], [ 109.082962, -7.137302 ], [ 109.083153, -7.139866 ], [ 109.083534, -7.142274 ], [ 109.083992, -7.14473 ], [ 109.084289, -7.14709 ], [ 109.083702, -7.149531 ], [ 109.082565, -7.152238 ], [ 109.081955, -7.154193 ], [ 109.080643, -7.156148 ], [ 109.078651, -7.157979 ], [ 109.077133, -7.159466 ], [ 109.075188, -7.161002 ], [ 109.073402, -7.162815 ], [ 109.071747, -7.164718 ], [ 109.069992, -7.166692 ], [ 109.068512, -7.168083 ], [ 109.066132, -7.169957 ], [ 109.064415, -7.172105 ], [ 109.063347, -7.17386 ], [ 109.06179, -7.176222 ], [ 109.060493, -7.178315 ], [ 109.059463, -7.180112 ], [ 109.057991, -7.182404 ], [ 109.056984, -7.184194 ], [ 109.056282, -7.186264 ], [ 109.056808, -7.18821 ], [ 109.058441, -7.192273 ], [ 109.060562, -7.192839 ], [ 109.06205, -7.194186 ], [ 109.064072, -7.194795 ], [ 109.066032, -7.195754 ], [ 109.068047, -7.196199 ], [ 109.069916, -7.197134 ], [ 109.071846, -7.198221 ], [ 109.073311, -7.199803 ], [ 109.074783, -7.201237 ], [ 109.077095, -7.201403 ], [ 109.079048, -7.200462 ], [ 109.080803, -7.199036 ], [ 109.08284, -7.198324 ], [ 109.085098, -7.198678 ], [ 109.087341, -7.198609 ], [ 109.089294, -7.199429 ], [ 109.090576, -7.201104 ], [ 109.09256, -7.202374 ], [ 109.093483, -7.204248 ], [ 109.094391, -7.206326 ], [ 109.095405, -7.208271 ], [ 109.097397, -7.20884 ], [ 109.099365, -7.209645 ], [ 109.101509, -7.210665 ], [ 109.103638, -7.210659 ], [ 109.105682, -7.211041 ], [ 109.107742, -7.211727 ], [ 109.109406, -7.213033 ], [ 109.110916, -7.214487 ], [ 109.112709, -7.215668 ], [ 109.114807, -7.216127 ], [ 109.116989, -7.215801 ], [ 109.118027, -7.217576 ], [ 109.119446, -7.219234 ], [ 109.121002, -7.220848 ], [ 109.122826, -7.221756 ], [ 109.125191, -7.222971 ], [ 109.131844, -7.224742 ], [ 109.134209, -7.226924 ], [ 109.137039, -7.228643 ], [ 109.139061, -7.230077 ], [ 109.141312, -7.23266 ], [ 109.142982, -7.234785 ], [ 109.146103, -7.237251 ], [ 109.150429, -7.239543 ], [ 109.153481, -7.24086 ], [ 109.15625, -7.241315 ], [ 109.160683, -7.239753 ], [ 109.164543, -7.237331 ], [ 109.168114, -7.235139 ], [ 109.172203, -7.234096 ], [ 109.174851, -7.233976 ], [ 109.180153, -7.234656 ], [ 109.183792, -7.237639 ], [ 109.186623, -7.241141 ], [ 109.188644, -7.243898 ], [ 109.19043, -7.246482 ], [ 109.194229, -7.251359 ], [ 109.19117, -7.253921 ], [ 109.189781, -7.255408 ], [ 109.187447, -7.256341 ], [ 109.185173, -7.257719 ], [ 109.183517, -7.259165 ], [ 109.181397, -7.260357 ], [ 109.179611, -7.263373 ], [ 109.176178, -7.263599 ], [ 109.173767, -7.265293 ], [ 109.171936, -7.266406 ], [ 109.167687, -7.26806 ], [ 109.165131, -7.271215 ], [ 109.163101, -7.27106 ], [ 109.161087, -7.269689 ], [ 109.159042, -7.268188 ], [ 109.156494, -7.267431 ], [ 109.15303, -7.267206 ], [ 109.150139, -7.265641 ], [ 109.148086, -7.26826 ], [ 109.145546, -7.266996 ], [ 109.14328, -7.268058 ], [ 109.140984, -7.269575 ], [ 109.138924, -7.270881 ], [ 109.137703, -7.272466 ], [ 109.136063, -7.274667 ], [ 109.134804, -7.276593 ], [ 109.133606, -7.278925 ], [ 109.132309, -7.281127 ], [ 109.130921, -7.282923 ], [ 109.128815, -7.284048 ], [ 109.126999, -7.285113 ], [ 109.125, -7.285773 ], [ 109.123558, -7.287176 ], [ 109.121689, -7.288216 ], [ 109.120728, -7.290604 ], [ 109.12072, -7.293028 ], [ 109.120407, -7.295116 ], [ 109.120285, -7.297163 ], [ 109.116036, -7.297953 ], [ 109.115158, -7.296123 ], [ 109.113625, -7.294651 ], [ 109.111359, -7.294785 ], [ 109.109253, -7.294723 ], [ 109.106995, -7.29481 ], [ 109.104378, -7.293824 ], [ 109.101906, -7.293439 ], [ 109.0998, -7.294229 ], [ 109.097862, -7.294767 ], [ 109.095497, -7.294295 ], [ 109.093178, -7.294474 ], [ 109.091141, -7.29494 ], [ 109.085083, -7.294355 ], [ 109.084633, -7.297842 ], [ 109.082886, -7.300978 ], [ 109.082855, -7.303347 ], [ 109.081558, -7.305752 ], [ 109.080345, -7.307522 ], [ 109.079109, -7.309194 ], [ 109.078095, -7.31099 ], [ 109.076645, -7.312724 ], [ 109.075707, -7.314518 ], [ 109.07486, -7.316567 ], [ 109.074005, -7.318605 ], [ 109.073364, -7.320765 ], [ 109.07196, -7.322529 ], [ 109.0709, -7.324536 ], [ 109.070633, -7.326649 ], [ 109.070236, -7.328802 ], [ 109.069404, -7.330745 ], [ 109.068565, -7.332567 ], [ 109.066818, -7.333796 ], [ 109.066437, -7.335826 ], [ 109.065315, -7.337612 ], [ 109.063934, -7.339088 ], [ 109.061607, -7.339838 ], [ 109.059525, -7.339952 ], [ 109.057251, -7.340009 ], [ 109.054535, -7.339443 ], [ 109.052437, -7.33929 ], [ 109.050362, -7.338865 ], [ 109.047951, -7.339262 ], [ 109.046318, -7.340603 ], [ 109.04448, -7.342177 ], [ 109.043106, -7.343766 ], [ 109.04174, -7.345305 ], [ 109.040283, -7.346871 ], [ 109.038475, -7.348053 ], [ 109.036934, -7.34973 ], [ 109.035492, -7.351122 ], [ 109.032432, -7.350865 ], [ 109.03067, -7.349469 ], [ 109.031685, -7.347739 ], [ 109.033432, -7.34649 ], [ 109.035248, -7.345499 ], [ 109.036446, -7.343695 ], [ 109.035858, -7.341764 ], [ 109.034409, -7.339513 ], [ 109.033569, -7.337352 ], [ 109.032669, -7.33555 ], [ 109.031486, -7.333089 ], [ 109.030815, -7.331021 ], [ 109.030197, -7.328708 ], [ 109.029099, -7.326732 ], [ 109.027077, -7.326208 ], [ 109.02549, -7.327886 ], [ 109.025223, -7.329964 ], [ 109.024315, -7.331794 ], [ 109.0224, -7.33286 ], [ 109.020248, -7.333869 ], [ 109.018059, -7.334838 ], [ 109.016083, -7.335196 ], [ 109.013611, -7.335079 ], [ 109.011635, -7.33447 ], [ 109.008934, -7.333819 ], [ 109.006752, -7.334322 ], [ 109.004829, -7.335093 ], [ 109.001579, -7.334302 ], [ 109.0, -7.33291 ], [ 108.998283, -7.334169 ], [ 108.996231, -7.334519 ], [ 108.993599, -7.333832 ], [ 108.991516, -7.333992 ], [ 108.989075, -7.334094 ], [ 108.986473, -7.333769 ], [ 108.984558, -7.334605 ], [ 108.983017, -7.333213 ], [ 108.980843, -7.333482 ], [ 108.978798, -7.334726 ], [ 108.97718, -7.3334 ], [ 108.974838, -7.333167 ], [ 108.972038, -7.332428 ], [ 108.970047, -7.332965 ], [ 108.967911, -7.332423 ], [ 108.965073, -7.332397 ], [ 108.963173, -7.333277 ], [ 108.960938, -7.33297 ], [ 108.959259, -7.331719 ], [ 108.957344, -7.330954 ], [ 108.955109, -7.330901 ], [ 108.953087, -7.331953 ], [ 108.951301, -7.330748 ], [ 108.952309, -7.328883 ], [ 108.95224, -7.326851 ], [ 108.951668, -7.324613 ], [ 108.949341, -7.324696 ], [ 108.949554, -7.322481 ], [ 108.950668, -7.320619 ], [ 108.951614, -7.318651 ], [ 108.951141, -7.316319 ], [ 108.948669, -7.31565 ], [ 108.946808, -7.316474 ], [ 108.944717, -7.31681 ], [ 108.942871, -7.317585 ], [ 108.940857, -7.31601 ], [ 108.938667, -7.315924 ], [ 108.936775, -7.317524 ], [ 108.935036, -7.318655 ], [ 108.93264, -7.318911 ], [ 108.930527, -7.318531 ], [ 108.928513, -7.317949 ], [ 108.927269, -7.316266 ], [ 108.925644, -7.314791 ], [ 108.92337, -7.313227 ], [ 108.921356, -7.312247 ], [ 108.920296, -7.31037 ], [ 108.920479, -7.307784 ], [ 108.919472, -7.305792 ], [ 108.917946, -7.304262 ], [ 108.914284, -7.304018 ], [ 108.913017, -7.29892 ], [ 108.912758, -7.296697 ], [ 108.913078, -7.294548 ], [ 108.913635, -7.2926 ], [ 108.91246, -7.290666 ], [ 108.910797, -7.289338 ], [ 108.909058, -7.288184 ], [ 108.906967, -7.287399 ], [ 108.904838, -7.287648 ], [ 108.902969, -7.286881 ], [ 108.900696, -7.286643 ], [ 108.898407, -7.286146 ], [ 108.896118, -7.285463 ], [ 108.894043, -7.28412 ], [ 108.892204, -7.282579 ], [ 108.892548, -7.280375 ], [ 108.893379, -7.278273 ], [ 108.893227, -7.275938 ], [ 108.891144, -7.275749 ], [ 108.88884, -7.275026 ], [ 108.886978, -7.275792 ], [ 108.884849, -7.275399 ], [ 108.883819, -7.273244 ], [ 108.88192, -7.272553 ], [ 108.879845, -7.272775 ], [ 108.8778, -7.273239 ], [ 108.874702, -7.272676 ], [ 108.872375, -7.271759 ], [ 108.870193, -7.27216 ], [ 108.867584, -7.272648 ], [ 108.865562, -7.271527 ], [ 108.863976, -7.2697 ], [ 108.862289, -7.267877 ], [ 108.862633, -7.265713 ], [ 108.862038, -7.26378 ], [ 108.860123, -7.263016 ], [ 108.858376, -7.26191 ], [ 108.85627, -7.260805 ], [ 108.855415, -7.258813 ], [ 108.854866, -7.256684 ], [ 108.85421, -7.254538 ], [ 108.853142, -7.252358 ], [ 108.855064, -7.251311 ], [ 108.857185, -7.248547 ], [ 108.85788, -7.246658 ], [ 108.859955, -7.246365 ], [ 108.861984, -7.246409 ], [ 108.863739, -7.245233 ], [ 108.862862, -7.243421 ], [ 108.861046, -7.242343 ], [ 108.859268, -7.241174 ], [ 108.857315, -7.240543 ], [ 108.855377, -7.241188 ], [ 108.853348, -7.24015 ], [ 108.851502, -7.23887 ], [ 108.849426, -7.238185 ], [ 108.847397, -7.237641 ], [ 108.845451, -7.237081 ], [ 108.843178, -7.236656 ], [ 108.840973, -7.236636 ], [ 108.838722, -7.236266 ], [ 108.836861, -7.234536 ], [ 108.834854, -7.234647 ], [ 108.83287, -7.233839 ], [ 108.831383, -7.23213 ], [ 108.829323, -7.232468 ], [ 108.828132, -7.234262 ], [ 108.826119, -7.234937 ], [ 108.824158, -7.234087 ], [ 108.82309, -7.232389 ], [ 108.820915, -7.232443 ], [ 108.819023, -7.231757 ], [ 108.818329, -7.22982 ], [ 108.819046, -7.227839 ], [ 108.820892, -7.226866 ], [ 108.820793, -7.22486 ], [ 108.821365, -7.222528 ], [ 108.821106, -7.220197 ], [ 108.820404, -7.21817 ], [ 108.819992, -7.216167 ], [ 108.818794, -7.214165 ], [ 108.817161, -7.212793 ], [ 108.814972, -7.21142 ], [ 108.813072, -7.208338 ], [ 108.811066, -7.20456 ], [ 108.808861, -7.205564 ], [ 108.806809, -7.205585 ], [ 108.804901, -7.206231 ], [ 108.802757, -7.206104 ], [ 108.80072, -7.209 ], [ 108.799309, -7.210497 ], [ 108.797142, -7.211543 ], [ 108.794296, -7.212525 ], [ 108.791664, -7.213453 ], [ 108.789902, -7.21164 ], [ 108.787178, -7.20947 ], [ 108.78508, -7.20942 ], [ 108.78289, -7.2086 ], [ 108.781456, -7.206924 ], [ 108.779747, -7.205477 ], [ 108.777931, -7.204207 ], [ 108.776154, -7.203063 ], [ 108.774918, -7.201047 ], [ 108.774895, -7.199039 ], [ 108.772919, -7.198406 ], [ 108.770493, -7.198679 ], [ 108.768509, -7.199083 ], [ 108.766327, -7.199179 ], [ 108.764298, -7.199481 ], [ 108.762245, -7.199153 ], [ 108.760315, -7.198149 ], [ 108.75721, -7.196045 ], [ 108.755486, -7.194773 ], [ 108.752014, -7.194346 ], [ 108.749802, -7.193109 ], [ 108.747459, -7.196471 ], [ 108.745026, -7.197236 ], [ 108.742401, -7.19776 ], [ 108.740227, -7.197134 ], [ 108.737572, -7.195769 ], [ 108.735634, -7.194933 ], [ 108.73317, -7.194938 ], [ 108.730759, -7.194303 ], [ 108.728767, -7.194023 ], [ 108.726204, -7.194179 ], [ 108.723724, -7.193653 ], [ 108.722229, -7.192192 ], [ 108.721314, -7.189131 ], [ 108.721871, -7.186764 ], [ 108.722137, -7.184613 ], [ 108.72168, -7.181844 ], [ 108.719811, -7.180447 ], [ 108.718529, -7.178905 ], [ 108.717842, -7.176938 ], [ 108.716484, -7.174949 ], [ 108.71518, -7.172417 ], [ 108.713142, -7.171228 ], [ 108.711357, -7.17027 ], [ 108.709519, -7.169391 ], [ 108.708573, -7.167587 ], [ 108.707756, -7.165627 ], [ 108.705956, -7.164277 ], [ 108.704018, -7.165306 ], [ 108.702408, -7.166871 ], [ 108.700409, -7.167161 ], [ 108.698395, -7.166585 ], [ 108.696762, -7.165034 ], [ 108.695534, -7.162438 ], [ 108.694214, -7.160868 ], [ 108.694153, -7.158484 ], [ 108.694374, -7.156478 ], [ 108.694206, -7.154098 ], [ 108.69355, -7.151301 ], [ 108.696266, -7.151301 ], [ 108.698204, -7.150137 ], [ 108.701889, -7.146646 ], [ 108.709038, -7.140225 ], [ 108.712555, -7.136562 ], [ 108.715859, -7.132683 ], [ 108.717598, -7.129775 ], [ 108.719154, -7.127835 ], [ 108.721283, -7.12609 ], [ 108.723999, -7.125314 ], [ 108.725556, -7.123181 ], [ 108.725716, -7.119348 ], [ 108.726234, -7.116878 ], [ 108.728943, -7.114163 ] ] ], [ [ [ 109.102249, -6.839619 ], [ 109.102089, -6.839672 ], [ 109.102165, -6.839544 ], [ 109.102249, -6.839619 ] ] ] ] } },
{ "type": "Feature", "properties": { "STATISTIK": "3301", "KABUPATEN": "CILACAP", "PROPINSI": "JAWA TENGAH", "LUAS_KM2": "167.987", "DATA": "BAKOSURTANAL, BPS" }, "geometry": { "type": "MultiPolygon", "coordinates": [ [ [ [ 108.619415, -7.139873 ], [ 108.622475, -7.138986 ], [ 108.62558, -7.137047 ], [ 108.628296, -7.137241 ], [ 108.632561, -7.13821 ], [ 108.635086, -7.138017 ], [ 108.64061, -7.137532 ], [ 108.643127, -7.137532 ], [ 108.645844, -7.138308 ], [ 108.649971, -7.139996 ], [ 108.650696, -7.142186 ], [ 108.653023, -7.144125 ], [ 108.654381, -7.146841 ], [ 108.65593, -7.149556 ], [ 108.658646, -7.15324 ], [ 108.660973, -7.154016 ], [ 108.665238, -7.154016 ], [ 108.669121, -7.154985 ], [ 108.67125, -7.154985 ], [ 108.675903, -7.154985 ], [ 108.678429, -7.154404 ], [ 108.680168, -7.153046 ], [ 108.682503, -7.150719 ], [ 108.685989, -7.149943 ], [ 108.690063, -7.150525 ], [ 108.69355, -7.151301 ], [ 108.694206, -7.154098 ], [ 108.694374, -7.156478 ], [ 108.694153, -7.158484 ], [ 108.694214, -7.160868 ], [ 108.695534, -7.162438 ], [ 108.696762, -7.165034 ], [ 108.698395, -7.166585 ], [ 108.700409, -7.167161 ], [ 108.702408, -7.166871 ], [ 108.704018, -7.165306 ], [ 108.705956, -7.164277 ], [ 108.707756, -7.165627 ], [ 108.708573, -7.167587 ], [ 108.709519, -7.169391 ], [ 108.711357, -7.17027 ], [ 108.713142, -7.171228 ], [ 108.71518, -7.172417 ], [ 108.716484, -7.174949 ], [ 108.717842, -7.176938 ], [ 108.718529, -7.178905 ], [ 108.719811, -7.180447 ], [ 108.72168, -7.181844 ], [ 108.722137, -7.184613 ], [ 108.721871, -7.186764 ], [ 108.721314, -7.189131 ], [ 108.722229, -7.192192 ], [ 108.723724, -7.193653 ], [ 108.726204, -7.194179 ], [ 108.728767, -7.194023 ], [ 108.730759, -7.194303 ], [ 108.73317, -7.194938 ], [ 108.735634, -7.194933 ], [ 108.737572, -7.195769 ], [ 108.740227, -7.197134 ], [ 108.742401, -7.19776 ], [ 108.745026, -7.197236 ], [ 108.747459, -7.196471 ], [ 108.749802, -7.193109 ], [ 108.752014, -7.194346 ], [ 108.755486, -7.194773 ], [ 108.75721, -7.196045 ], [ 108.760315, -7.198149 ], [ 108.762245, -7.199153 ], [ 108.764298, -7.199481 ], [ 108.766327, -7.199179 ], [ 108.768509, -7.199083 ], [ 108.770493, -7.198679 ], [ 108.772919, -7.198406 ], [ 108.774895, -7.199039 ], [ 108.774918, -7.201047 ], [ 108.776154, -7.203063 ], [ 108.777931, -7.204207 ], [ 108.779747, -7.205477 ], [ 108.781456, -7.206924 ], [ 108.78289, -7.2086 ], [ 108.78508, -7.20942 ], [ 108.787178, -7.20947 ], [ 108.789902, -7.21164 ], [ 108.791664, -7.213453 ], [ 108.794296, -7.212525 ], [ 108.797142, -7.211543 ], [ 108.799309, -7.210497 ], [ 108.80072, -7.209 ], [ 108.802757, -7.206104 ], [ 108.804901, -7.206231 ], [ 108.806809, -7.205585 ], [ 108.808861, -7.205564 ], [ 108.811066, -7.20456 ], [ 108.813072, -7.208338 ], [ 108.814972, -7.21142 ], [ 108.817161, -7.212793 ], [ 108.818794, -7.214165 ], [ 108.819992, -7.216167 ], [ 108.820404, -7.21817 ], [ 108.821106, -7.220197 ], [ 108.821365, -7.222528 ], [ 108.820793, -7.22486 ], [ 108.820892, -7.226866 ], [ 108.819046, -7.227839 ], [ 108.818329, -7.22982 ], [ 108.819023, -7.231757 ], [ 108.820915, -7.232443 ], [ 108.82309, -7.232389 ], [ 108.824158, -7.234087 ], [ 108.826119, -7.234937 ], [ 108.828132, -7.234262 ], [ 108.829323, -7.232468 ], [ 108.831383, -7.23213 ], [ 108.83287, -7.233839 ], [ 108.834854, -7.234647 ], [ 108.836861, -7.234536 ], [ 108.838722, -7.236266 ], [ 108.840973, -7.236636 ], [ 108.843178, -7.236656 ], [ 108.845451, -7.237081 ], [ 108.847397, -7.237641 ], [ 108.849426, -7.238185 ], [ 108.851502, -7.23887 ], [ 108.853348, -7.24015 ], [ 108.855377, -7.241188 ], [ 108.857315, -7.240543 ], [ 108.859268, -7.241174 ], [ 108.861046, -7.242343 ], [ 108.862862, -7.243421 ], [ 108.863739, -7.245233 ], [ 108.861984, -7.246409 ], [ 108.859955, -7.246365 ], [ 108.85788, -7.246658 ], [ 108.857185, -7.248547 ], [ 108.855064, -7.251311 ], [ 108.853142, -7.252358 ], [ 108.85421, -7.254538 ], [ 108.854866, -7.256684 ], [ 108.855415, -7.258813 ], [ 108.85627, -7.260805 ], [ 108.858376, -7.26191 ], [ 108.860123, -7.263016 ], [ 108.862038, -7.26378 ], [ 108.862633, -7.265713 ], [ 108.862289, -7.267877 ], [ 108.863976, -7.2697 ], [ 108.865562, -7.271527 ], [ 108.867584, -7.272648 ], [ 108.870193, -7.27216 ], [ 108.872375, -7.271759 ], [ 108.874702, -7.272676 ], [ 108.8778, -7.273239 ], [ 108.879845, -7.272775 ], [ 108.88192, -7.272553 ], [ 108.883819, -7.273244 ], [ 108.884849, -7.275399 ], [ 108.886978, -7.275792 ], [ 108.88884, -7.275026 ], [ 108.891144, -7.275749 ], [ 108.893227, -7.275938 ], [ 108.893379, -7.278273 ], [ 108.892548, -7.280375 ], [ 108.892204, -7.282579 ], [ 108.894043, -7.28412 ], [ 108.896118, -7.285463 ], [ 108.898407, -7.286146 ], [ 108.900696, -7.286643 ], [ 108.902969, -7.286881 ], [ 108.904838, -7.287648 ], [ 108.906967, -7.287399 ], [ 108.909058, -7.288184 ], [ 108.910797, -7.289338 ], [ 108.91246, -7.290666 ], [ 108.913635, -7.2926 ], [ 108.913078, -7.294548 ], [ 108.912758, -7.296697 ], [ 108.913017, -7.29892 ], [ 108.914284, -7.304018 ], [ 108.917946, -7.304262 ], [ 108.919472, -7.305792 ], [ 108.920479, -7.307784 ], [ 108.920296, -7.31037 ], [ 108.921356, -7.312247 ], [ 108.92337, -7.313227 ], [ 108.925644, -7.314791 ], [ 108.927269, -7.316266 ], [ 108.928513, -7.317949 ], [ 108.930527, -7.318531 ], [ 108.93264, -7.318911 ], [ 108.935036, -7.318655 ], [ 108.936775, -7.317524 ], [ 108.938667, -7.315924 ], [ 108.940857, -7.31601 ], [ 108.942871, -7.317585 ], [ 108.944717, -7.31681 ], [ 108.946808, -7.316474 ], [ 108.948669, -7.31565 ], [ 108.951141, -7.316319 ], [ 108.951614, -7.318651 ], [ 108.950668, -7.320619 ], [ 108.949554, -7.322481 ], [ 108.949341, -7.324696 ], [ 108.951668, -7.324613 ], [ 108.95224, -7.326851 ], [ 108.952309, -7.328883 ], [ 108.951301, -7.330748 ], [ 108.953087, -7.331953 ], [ 108.955109, -7.330901 ], [ 108.957344, -7.330954 ], [ 108.959259, -7.331719 ], [ 108.960938, -7.33297 ], [ 108.963173, -7.333277 ], [ 108.965073, -7.332397 ], [ 108.967911, -7.332423 ], [ 108.967018, -7.336295 ], [ 108.966362, -7.338421 ], [ 108.965591, -7.340554 ], [ 108.964859, -7.342571 ], [ 108.963409, -7.344411 ], [ 108.962051, -7.346062 ], [ 108.962364, -7.348079 ], [ 108.961922, -7.350029 ], [ 108.962051, -7.352368 ], [ 108.962494, -7.354403 ], [ 108.960983, -7.355836 ], [ 108.959457, -7.357163 ], [ 108.957474, -7.357822 ], [ 108.955269, -7.358444 ], [ 108.953423, -7.359762 ], [ 108.951759, -7.361273 ], [ 108.950302, -7.362977 ], [ 108.949654, -7.364996 ], [ 108.951348, -7.366461 ], [ 108.953247, -7.367646 ], [ 108.953438, -7.369739 ], [ 108.952217, -7.371564 ], [ 108.951858, -7.373537 ], [ 108.950363, -7.378238 ], [ 108.949364, -7.380886 ], [ 108.947815, -7.382635 ], [ 108.945488, -7.38421 ], [ 108.942619, -7.384645 ], [ 108.940536, -7.385262 ], [ 108.93869, -7.387082 ], [ 108.937264, -7.388518 ], [ 108.93557, -7.390336 ], [ 108.938759, -7.393265 ], [ 108.938454, -7.395522 ], [ 108.938667, -7.397574 ], [ 108.937782, -7.3999 ], [ 108.936531, -7.402421 ], [ 108.935783, -7.404344 ], [ 108.935669, -7.406736 ], [ 108.937386, -7.408689 ], [ 108.938576, -7.410414 ], [ 108.939095, -7.41246 ], [ 108.937607, -7.413985 ], [ 108.93557, -7.416018 ], [ 108.934082, -7.418108 ], [ 108.931938, -7.421736 ], [ 108.930115, -7.423341 ], [ 108.930924, -7.425378 ], [ 108.931572, -7.427469 ], [ 108.931923, -7.429738 ], [ 108.930908, -7.432018 ], [ 108.92913, -7.433431 ], [ 108.92736, -7.435088 ], [ 108.925201, -7.436021 ], [ 108.923111, -7.436781 ], [ 108.921318, -7.43913 ], [ 108.919166, -7.43959 ], [ 108.917236, -7.440793 ], [ 108.915779, -7.443891 ], [ 108.913505, -7.444992 ], [ 108.910767, -7.444987 ], [ 108.908188, -7.445692 ], [ 108.90593, -7.445762 ], [ 108.903686, -7.445966 ], [ 108.901161, -7.447119 ], [ 108.898949, -7.44753 ], [ 108.896469, -7.448074 ], [ 108.894043, -7.448752 ], [ 108.891357, -7.448463 ], [ 108.891853, -7.451623 ], [ 108.891609, -7.453743 ], [ 108.892342, -7.455727 ], [ 108.893272, -7.457598 ], [ 108.895271, -7.458936 ], [ 108.895164, -7.461291 ], [ 108.89653, -7.462973 ], [ 108.897987, -7.465347 ], [ 108.89769, -7.467588 ], [ 108.899811, -7.468582 ], [ 108.899338, -7.47054 ], [ 108.901527, -7.473107 ], [ 108.90181, -7.475293 ], [ 108.904228, -7.47579 ], [ 108.905762, -7.474039 ], [ 108.907532, -7.472715 ], [ 108.908668, -7.47055 ], [ 108.909386, -7.468666 ], [ 108.910164, -7.466375 ], [ 108.912453, -7.466034 ], [ 108.914665, -7.465827 ], [ 108.919136, -7.465127 ], [ 108.922096, -7.46489 ], [ 108.924942, -7.465024 ], [ 108.9282, -7.465225 ], [ 108.930061, -7.463688 ], [ 108.932053, -7.464478 ], [ 108.934258, -7.4645 ], [ 108.935883, -7.46585 ], [ 108.93985, -7.465063 ], [ 108.941887, -7.465255 ], [ 108.943962, -7.466149 ], [ 108.946068, -7.466589 ], [ 108.947723, -7.468463 ], [ 108.949791, -7.468785 ], [ 108.95182, -7.469087 ], [ 108.953987, -7.469708 ], [ 108.955902, -7.470718 ], [ 108.957901, -7.470368 ], [ 108.960022, -7.470788 ], [ 108.964104, -7.473579 ], [ 108.963852, -7.475829 ], [ 108.963211, -7.47845 ], [ 108.963829, -7.48077 ], [ 108.964218, -7.482849 ], [ 108.964599, -7.485911 ], [ 108.96386, -7.488268 ], [ 108.961754, -7.489614 ], [ 108.960015, -7.490655 ], [ 108.958168, -7.492395 ], [ 108.957916, -7.49493 ], [ 108.960365, -7.495554 ], [ 108.961891, -7.497485 ], [ 108.963196, -7.500005 ], [ 108.963776, -7.504432 ], [ 108.964928, -7.506151 ], [ 108.966141, -7.508222 ], [ 108.96859, -7.509989 ], [ 108.970635, -7.511436 ], [ 108.972244, -7.513033 ], [ 108.973396, -7.515 ], [ 108.972626, -7.516868 ], [ 108.974159, -7.519155 ], [ 108.976433, -7.520178 ], [ 108.978462, -7.520666 ], [ 108.980171, -7.519558 ], [ 108.982643, -7.521594 ], [ 108.983398, -7.524137 ], [ 108.986374, -7.524295 ], [ 108.988991, -7.523906 ], [ 108.991051, -7.524763 ], [ 108.993385, -7.525785 ], [ 108.995377, -7.525588 ], [ 108.99746, -7.525994 ], [ 109.000046, -7.526773 ], [ 109.001595, -7.529318 ], [ 109.005432, -7.529161 ], [ 109.004311, -7.532703 ], [ 109.003967, -7.534686 ], [ 109.003555, -7.537101 ], [ 109.003632, -7.539189 ], [ 109.003425, -7.541456 ], [ 109.004517, -7.543284 ], [ 109.006752, -7.54324 ], [ 109.008735, -7.543726 ], [ 109.01075, -7.543945 ], [ 109.012878, -7.544085 ], [ 109.013992, -7.545829 ], [ 109.016006, -7.546118 ], [ 109.01786, -7.54692 ], [ 109.020058, -7.547578 ], [ 109.021797, -7.54873 ], [ 109.02343, -7.54996 ], [ 109.025772, -7.550221 ], [ 109.028824, -7.55269 ], [ 109.031502, -7.554037 ], [ 109.034058, -7.555099 ], [ 109.036423, -7.555652 ], [ 109.037826, -7.557115 ], [ 109.039642, -7.558217 ], [ 109.042244, -7.559453 ], [ 109.044975, -7.55992 ], [ 109.047508, -7.559916 ], [ 109.050934, -7.559265 ], [ 109.053032, -7.557916 ], [ 109.055962, -7.556334 ], [ 109.058617, -7.556845 ], [ 109.059021, -7.559216 ], [ 109.059097, -7.5618 ], [ 109.059341, -7.564824 ], [ 109.059753, -7.567099 ], [ 109.060608, -7.569311 ], [ 109.061958, -7.570826 ], [ 109.064659, -7.571884 ], [ 109.066528, -7.573267 ], [ 109.07058, -7.5736 ], [ 109.072907, -7.573921 ], [ 109.075089, -7.574018 ], [ 109.078056, -7.57358 ], [ 109.081406, -7.573236 ], [ 109.083672, -7.573438 ], [ 109.08577, -7.574253 ], [ 109.087364, -7.575586 ], [ 109.08944, -7.57593 ], [ 109.091293, -7.576875 ], [ 109.093926, -7.577902 ], [ 109.096382, -7.577854 ], [ 109.099037, -7.57775 ], [ 109.10228, -7.577464 ], [ 109.104546, -7.577283 ], [ 109.107369, -7.57726 ], [ 109.109581, -7.578382 ], [ 109.111656, -7.578092 ], [ 109.113983, -7.576611 ], [ 109.11612, -7.577374 ], [ 109.118515, -7.578125 ], [ 109.120552, -7.577879 ], [ 109.122925, -7.577616 ], [ 109.125008, -7.577103 ], [ 109.126953, -7.576622 ], [ 109.129028, -7.576567 ], [ 109.131325, -7.576257 ], [ 109.133446, -7.576501 ], [ 109.135796, -7.577087 ], [ 109.138466, -7.576899 ], [ 109.140389, -7.578911 ], [ 109.142639, -7.578601 ], [ 109.14711, -7.579402 ], [ 109.150246, -7.577975 ], [ 109.154503, -7.577913 ], [ 109.156753, -7.577763 ], [ 109.163513, -7.576716 ], [ 109.167435, -7.575167 ], [ 109.168167, -7.572849 ], [ 109.168747, -7.56925 ], [ 109.169159, -7.56621 ], [ 109.169739, -7.562211 ], [ 109.16983, -7.55957 ], [ 109.169411, -7.555891 ], [ 109.169098, -7.553328 ], [ 109.172768, -7.552627 ], [ 109.175255, -7.553118 ], [ 109.177818, -7.553769 ], [ 109.183357, -7.554272 ], [ 109.190895, -7.555504 ], [ 109.196266, -7.556406 ], [ 109.198677, -7.557056 ], [ 109.202812, -7.5582 ], [ 109.205803, -7.561002 ], [ 109.20842, -7.56184 ], [ 109.210464, -7.562654 ], [ 109.212532, -7.563685 ], [ 109.214302, -7.564651 ], [ 109.21624, -7.565725 ], [ 109.218155, -7.566908 ], [ 109.220199, -7.568266 ], [ 109.222084, -7.569519 ], [ 109.224053, -7.570796 ], [ 109.226235, -7.572266 ], [ 109.227882, -7.573494 ], [ 109.229874, -7.574891 ], [ 109.231644, -7.576119 ], [ 109.233368, -7.577395 ], [ 109.235779, -7.579143 ], [ 109.238556, -7.58159 ], [ 109.241409, -7.583057 ], [ 109.243492, -7.584612 ], [ 109.245254, -7.585886 ], [ 109.247597, -7.587331 ], [ 109.24942, -7.588377 ], [ 109.251839, -7.589364 ], [ 109.2546, -7.590055 ], [ 109.257645, -7.59047 ], [ 109.260132, -7.590746 ], [ 109.262894, -7.590746 ], [ 109.266449, -7.590964 ], [ 109.265656, -7.596135 ], [ 109.263725, -7.604565 ], [ 109.262894, -7.608295 ], [ 109.262199, -7.612165 ], [ 109.262199, -7.615066 ], [ 109.263862, -7.617692 ], [ 109.268005, -7.618797 ], [ 109.270081, -7.619488 ], [ 109.27243, -7.620732 ], [ 109.275192, -7.621838 ], [ 109.278923, -7.622805 ], [ 109.282517, -7.623357 ], [ 109.286522, -7.623496 ], [ 109.289978, -7.62391 ], [ 109.292053, -7.624463 ], [ 109.297478, -7.626971 ], [ 109.300667, -7.627505 ], [ 109.302956, -7.627793 ], [ 109.305161, -7.62818 ], [ 109.307404, -7.628578 ], [ 109.310021, -7.629 ], [ 109.312065, -7.62944 ], [ 109.314705, -7.630019 ], [ 109.317558, -7.630726 ], [ 109.321396, -7.631314 ], [ 109.32386, -7.631548 ], [ 109.327599, -7.632036 ], [ 109.331764, -7.633246 ], [ 109.334999, -7.635227 ], [ 109.338547, -7.636559 ], [ 109.34066, -7.638001 ], [ 109.342766, -7.640776 ], [ 109.345428, -7.642441 ], [ 109.349091, -7.641109 ], [ 109.351868, -7.640443 ], [ 109.353866, -7.64011 ], [ 109.35675, -7.639111 ], [ 109.357307, -7.641442 ], [ 109.355644, -7.643218 ], [ 109.356865, -7.644993 ], [ 109.359077, -7.643661 ], [ 109.361076, -7.645437 ], [ 109.359192, -7.647657 ], [ 109.358193, -7.649433 ], [ 109.360413, -7.651319 ], [ 109.36219, -7.653095 ], [ 109.362297, -7.655093 ], [ 109.364631, -7.656092 ], [ 109.366295, -7.654205 ], [ 109.36763, -7.652651 ], [ 109.370293, -7.65254 ], [ 109.37162, -7.654871 ], [ 109.373673, -7.657646 ], [ 109.375893, -7.657423 ], [ 109.378449, -7.656203 ], [ 109.380997, -7.657313 ], [ 109.381996, -7.66042 ], [ 109.382553, -7.662418 ], [ 109.383308, -7.666182 ], [ 109.384277, -7.668293 ], [ 109.385223, -7.670298 ], [ 109.387558, -7.669095 ], [ 109.390007, -7.668765 ], [ 109.391838, -7.670006 ], [ 109.391709, -7.672008 ], [ 109.38942, -7.672517 ], [ 109.387306, -7.672529 ], [ 109.386948, -7.674677 ], [ 109.387245, -7.676877 ], [ 109.387428, -7.679137 ], [ 109.386635, -7.681259 ], [ 109.384376, -7.682692 ], [ 109.382469, -7.684346 ], [ 109.380631, -7.685597 ], [ 109.380989, -7.687736 ], [ 109.38282, -7.689318 ], [ 109.384369, -7.690853 ], [ 109.385651, -7.688916 ], [ 109.387192, -7.687395 ], [ 109.38903, -7.68916 ], [ 109.390854, -7.690889 ], [ 109.392563, -7.692703 ], [ 109.394096, -7.694114 ], [ 109.39534, -7.695779 ], [ 109.395454, -7.69799 ], [ 109.393722, -7.699609 ], [ 109.391701, -7.700261 ], [ 109.390587, -7.702101 ], [ 109.38987, -7.704211 ], [ 109.389015, -7.706516 ], [ 109.389198, -7.708741 ], [ 109.388687, -7.710827 ], [ 109.387817, -7.713095 ], [ 109.387436, -7.715267 ], [ 109.38739, -7.717624 ], [ 109.387962, -7.719617 ], [ 109.390472, -7.720213 ], [ 109.392738, -7.72016 ], [ 109.394165, -7.721839 ], [ 109.393349, -7.723668 ], [ 109.391747, -7.725046 ], [ 109.389214, -7.723561 ], [ 109.387413, -7.722342 ], [ 109.385056, -7.720877 ], [ 109.383087, -7.719816 ], [ 109.380356, -7.718853 ], [ 109.377464, -7.717865 ], [ 109.375, -7.717264 ], [ 109.372223, -7.716441 ], [ 109.368195, -7.715156 ], [ 109.365723, -7.714649 ], [ 109.363724, -7.714131 ], [ 109.361534, -7.713616 ], [ 109.359337, -7.713093 ], [ 109.356834, -7.712483 ], [ 109.353424, -7.711711 ], [ 109.349419, -7.710886 ], [ 109.347412, -7.710438 ], [ 109.345329, -7.710034 ], [ 109.343262, -7.709622 ], [ 109.340401, -7.70887 ], [ 109.338127, -7.708349 ], [ 109.334946, -7.707819 ], [ 109.331337, -7.707134 ], [ 109.328682, -7.706532 ], [ 109.32621, -7.705979 ], [ 109.323158, -7.705526 ], [ 109.320664, -7.705095 ], [ 109.318115, -7.704795 ], [ 109.314133, -7.704044 ], [ 109.310669, -7.703639 ], [ 109.306511, -7.70296 ], [ 109.30365, -7.70256 ], [ 109.301445, -7.702242 ], [ 109.299225, -7.702079 ], [ 109.296616, -7.701652 ], [ 109.29438, -7.70142 ], [ 109.292175, -7.701075 ], [ 109.289985, -7.700789 ], [ 109.287636, -7.700529 ], [ 109.284073, -7.700179 ], [ 109.280067, -7.699824 ], [ 109.277832, -7.699616 ], [ 109.27475, -7.699285 ], [ 109.272507, -7.699119 ], [ 109.270256, -7.698899 ], [ 109.267494, -7.698716 ], [ 109.263664, -7.69837 ], [ 109.259949, -7.698193 ], [ 109.258376, -7.698208 ], [ 109.256951, -7.698102 ], [ 109.251877, -7.697699 ], [ 109.249458, -7.69729 ], [ 109.246109, -7.69692 ], [ 109.244049, -7.696267 ], [ 109.243042, -7.696175 ], [ 109.241168, -7.696545 ], [ 109.240749, -7.696545 ], [ 109.240746, -7.696571 ], [ 109.240456, -7.696519 ], [ 109.238609, -7.696362 ], [ 109.236412, -7.696113 ], [ 109.234169, -7.696011 ], [ 109.231964, -7.69596 ], [ 109.229736, -7.695777 ], [ 109.227097, -7.695697 ], [ 109.224304, -7.695241 ], [ 109.220726, -7.695065 ], [ 109.217628, -7.694909 ], [ 109.215393, -7.694654 ], [ 109.21225, -7.694527 ], [ 109.208809, -7.694287 ], [ 109.206619, -7.69404 ], [ 109.204338, -7.694036 ], [ 109.202141, -7.694054 ], [ 109.200088, -7.693873 ], [ 109.196953, -7.693661 ], [ 109.193558, -7.69353 ], [ 109.19133, -7.6935 ], [ 109.189285, -7.692963 ], [ 109.186409, -7.692928 ], [ 109.183441, -7.692594 ], [ 109.181007, -7.692442 ], [ 109.178139, -7.69243 ], [ 109.176245, -7.692349 ], [ 109.17543, -7.69222 ], [ 109.174503, -7.691557 ], [ 109.17379, -7.690818 ], [ 109.172497, -7.691187 ], [ 109.171623, -7.691892 ], [ 109.168159, -7.691677 ], [ 109.165955, -7.691548 ], [ 109.162964, -7.691588 ], [ 109.16024, -7.691292 ], [ 109.15802, -7.691211 ], [ 109.15535, -7.691132 ], [ 109.153145, -7.691021 ], [ 109.150879, -7.69087 ], [ 109.147758, -7.690755 ], [ 109.144814, -7.690519 ], [ 109.142166, -7.690232 ], [ 109.137993, -7.690059 ], [ 109.134049, -7.689684 ], [ 109.131882, -7.689405 ], [ 109.129814, -7.689597 ], [ 109.127358, -7.689214 ], [ 109.125, -7.688898 ], [ 109.121971, -7.688805 ], [ 109.119713, -7.688593 ], [ 109.117638, -7.688462 ], [ 109.115043, -7.68801 ], [ 109.113037, -7.688067 ], [ 109.111875, -7.687888 ], [ 109.110962, -7.687457 ], [ 109.108467, -7.685109 ], [ 109.105774, -7.687629 ], [ 109.104512, -7.68773 ], [ 109.102539, -7.687544 ], [ 109.099838, -7.686957 ], [ 109.097603, -7.687066 ], [ 109.095383, -7.687155 ], [ 109.091698, -7.687377 ], [ 109.08947, -7.687606 ], [ 109.087387, -7.687935 ], [ 109.084938, -7.688437 ], [ 109.082756, -7.688868 ], [ 109.078636, -7.689859 ], [ 109.076652, -7.690442 ], [ 109.074188, -7.691101 ], [ 109.072657, -7.691557 ], [ 109.072651, -7.691532 ], [ 109.070358, -7.692335 ], [ 109.068276, -7.692922 ], [ 109.066124, -7.693599 ], [ 109.063842, -7.694249 ], [ 109.06371, -7.694302 ], [ 109.063667, -7.694246 ], [ 109.063683, -7.694354 ], [ 109.061348, -7.695283 ], [ 109.059433, -7.696024 ], [ 109.056847, -7.697242 ], [ 109.054733, -7.698285 ], [ 109.052856, -7.699241 ], [ 109.050934, -7.700359 ], [ 109.049042, -7.701571 ], [ 109.045425, -7.703821 ], [ 109.043587, -7.705274 ], [ 109.041748, -7.70664 ], [ 109.038918, -7.709268 ], [ 109.037117, -7.710764 ], [ 109.035187, -7.712387 ], [ 109.033203, -7.714181 ], [ 109.030838, -7.71684 ], [ 109.029404, -7.718576 ], [ 109.028069, -7.720388 ], [ 109.026337, -7.723088 ], [ 109.025078, -7.72562 ], [ 109.024859, -7.726067 ], [ 109.024822, -7.72647 ], [ 109.024377, -7.72705 ], [ 109.024113, -7.72723 ], [ 109.023445, -7.728954 ], [ 109.023438, -7.729477 ], [ 109.02269, -7.731113 ], [ 109.022424, -7.731453 ], [ 109.021706, -7.734141 ], [ 109.021088, -7.736514 ], [ 109.020439, -7.739885 ], [ 109.020073, -7.742359 ], [ 109.019935, -7.745207 ], [ 109.019974, -7.747488 ], [ 109.020294, -7.75 ], [ 109.020613, -7.751553 ], [ 109.020599, -7.752101 ], [ 109.018166, -7.75228 ], [ 109.017868, -7.752377 ], [ 109.017424, -7.752313 ], [ 109.017171, -7.751975 ], [ 109.01715, -7.751786 ], [ 109.016826, -7.751468 ], [ 109.016357, -7.751184 ], [ 109.016031, -7.751004 ], [ 109.015816, -7.750628 ], [ 109.014722, -7.749505 ], [ 109.014279, -7.7475 ], [ 109.014303, -7.746523 ], [ 109.014198, -7.746067 ], [ 109.013202, -7.74524 ], [ 109.013023, -7.74539 ], [ 109.012375, -7.745017 ], [ 109.012041, -7.744797 ], [ 109.011999, -7.744544 ], [ 109.011374, -7.744464 ], [ 109.010422, -7.743937 ], [ 109.009697, -7.743551 ], [ 109.009897, -7.742871 ], [ 109.010056, -7.742221 ], [ 109.009338, -7.741735 ], [ 109.008536, -7.741904 ], [ 109.007118, -7.741655 ], [ 109.005897, -7.741757 ], [ 109.004841, -7.741661 ], [ 109.003764, -7.741883 ], [ 109.003532, -7.741665 ], [ 109.0033, -7.741588 ], [ 109.001228, -7.742046 ], [ 109.000914, -7.742221 ], [ 109.000154, -7.743762 ], [ 109.0, -7.743705 ], [ 108.9981, -7.742636 ], [ 108.996261, -7.741138 ], [ 108.994415, -7.739495 ], [ 108.993957, -7.739086 ], [ 108.994131, -7.738597 ], [ 108.994009, -7.738209 ], [ 108.993274, -7.738534 ], [ 108.992546, -7.73792 ], [ 108.991947, -7.736818 ], [ 108.992088, -7.736521 ], [ 108.991913, -7.735714 ], [ 108.992153, -7.73455 ], [ 108.991898, -7.733538 ], [ 108.99339, -7.731096 ], [ 108.996659, -7.728019 ], [ 108.996895, -7.727797 ], [ 108.996628, -7.727739 ], [ 108.997617, -7.724395 ], [ 108.996277, -7.723158 ], [ 108.993905, -7.719859 ], [ 108.990105, -7.713903 ], [ 108.990105, -7.70855 ], [ 108.990189, -7.705062 ], [ 108.991157, -7.700683 ], [ 108.99173, -7.698087 ], [ 108.992821, -7.692572 ], [ 108.994202, -7.689165 ], [ 108.996636, -7.685515 ], [ 108.998093, -7.683325 ], [ 108.999558, -7.681784 ], [ 109.000931, -7.679594 ], [ 109.001259, -7.677566 ], [ 109.003166, -7.672781 ], [ 109.003731, -7.67059 ], [ 109.004784, -7.66694 ], [ 109.005821, -7.663402 ], [ 109.004806, -7.660606 ], [ 109.004982, -7.658085 ], [ 109.006844, -7.655666 ], [ 109.005196, -7.654438 ], [ 109.002792, -7.653372 ], [ 109.0, -7.650099 ], [ 109.000175, -7.654165 ], [ 108.999245, -7.656753 ], [ 108.996864, -7.659755 ], [ 108.99469, -7.661826 ], [ 108.993347, -7.663585 ], [ 108.991898, -7.666795 ], [ 108.991844, -7.672074 ], [ 108.991745, -7.674455 ], [ 108.991554, -7.677704 ], [ 108.990806, -7.681598 ], [ 108.990501, -7.684704 ], [ 108.990082, -7.687189 ], [ 108.989052, -7.689052 ], [ 108.988014, -7.691433 ], [ 108.986466, -7.69371 ], [ 108.984802, -7.697023 ], [ 108.984757, -7.701164 ], [ 108.984856, -7.705615 ], [ 108.985153, -7.707939 ], [ 108.985481, -7.710481 ], [ 108.986618, -7.714622 ], [ 108.98703, -7.718866 ], [ 108.986931, -7.723111 ], [ 108.985687, -7.725285 ], [ 108.982788, -7.726113 ], [ 108.97937, -7.725182 ], [ 108.976059, -7.722904 ], [ 108.972023, -7.720316 ], [ 108.968605, -7.717003 ], [ 108.967179, -7.715254 ], [ 108.965393, -7.713069 ], [ 108.965126, -7.710441 ], [ 108.963623, -7.704972 ], [ 108.962196, -7.701426 ], [ 108.96225, -7.698233 ], [ 108.960747, -7.693907 ], [ 108.961273, -7.690353 ], [ 108.96154, -7.687814 ], [ 108.960533, -7.684888 ], [ 108.958122, -7.681955 ], [ 108.957497, -7.67992 ], [ 108.955078, -7.679146 ], [ 108.954079, -7.675838 ], [ 108.953194, -7.673929 ], [ 108.953842, -7.671265 ], [ 108.953728, -7.668724 ], [ 108.954407, -7.666338 ], [ 108.956017, -7.664879 ], [ 108.956764, -7.66297 ], [ 108.956512, -7.659005 ], [ 108.955086, -7.657052 ], [ 108.953728, -7.655014 ], [ 108.954964, -7.653259 ], [ 108.952271, -7.651992 ], [ 108.950493, -7.6533 ], [ 108.948768, -7.65479 ], [ 108.946961, -7.656059 ], [ 108.94474, -7.656004 ], [ 108.942612, -7.657039 ], [ 108.938957, -7.657274 ], [ 108.935967, -7.65734 ], [ 108.933174, -7.65754 ], [ 108.930809, -7.657795 ], [ 108.928475, -7.65793 ], [ 108.926453, -7.658106 ], [ 108.924301, -7.658223 ], [ 108.92199, -7.657732 ], [ 108.919571, -7.657677 ], [ 108.917526, -7.657614 ], [ 108.915894, -7.6597 ], [ 108.915749, -7.662221 ], [ 108.915703, -7.664536 ], [ 108.915596, -7.666994 ], [ 108.917488, -7.669175 ], [ 108.914459, -7.670002 ], [ 108.908829, -7.670258 ], [ 108.903191, -7.670514 ], [ 108.897049, -7.673075 ], [ 108.892952, -7.675636 ], [ 108.889877, -7.678709 ], [ 108.886032, -7.682038 ], [ 108.881935, -7.68255 ], [ 108.878868, -7.681782 ], [ 108.875794, -7.679733 ], [ 108.872719, -7.676148 ], [ 108.871696, -7.671794 ], [ 108.871437, -7.665904 ], [ 108.870666, -7.654891 ], [ 108.869904, -7.650537 ], [ 108.8676, -7.644647 ], [ 108.866058, -7.637476 ], [ 108.864525, -7.630817 ], [ 108.864265, -7.622878 ], [ 108.863243, -7.617244 ], [ 108.861702, -7.612378 ], [ 108.859253, -7.60944 ], [ 108.856964, -7.607308 ], [ 108.84922, -7.602959 ], [ 108.846993, -7.600669 ], [ 108.844727, -7.598331 ], [ 108.841728, -7.597524 ], [ 108.837631, -7.595219 ], [ 108.833534, -7.593938 ], [ 108.828415, -7.593938 ], [ 108.824486, -7.596493 ], [ 108.821754, -7.597268 ], [ 108.820923, -7.601496 ], [ 108.819199, -7.605227 ], [ 108.818619, -7.607205 ], [ 108.817962, -7.609122 ], [ 108.817512, -7.61109 ], [ 108.817169, -7.61365 ], [ 108.816208, -7.61859 ], [ 108.815361, -7.624189 ], [ 108.813911, -7.628833 ], [ 108.811516, -7.634216 ], [ 108.809799, -7.638013 ], [ 108.808479, -7.640914 ], [ 108.806259, -7.645082 ], [ 108.804298, -7.648298 ], [ 108.802116, -7.652131 ], [ 108.798767, -7.656186 ], [ 108.796517, -7.658157 ], [ 108.794022, -7.659679 ], [ 108.79023, -7.659832 ], [ 108.786575, -7.659241 ], [ 108.784477, -7.658866 ], [ 108.781258, -7.657843 ], [ 108.776871, -7.656307 ], [ 108.773102, -7.654257 ], [ 108.76918, -7.652687 ], [ 108.766228, -7.652779 ], [ 108.763718, -7.649945 ], [ 108.761238, -7.648914 ], [ 108.760429, -7.646904 ], [ 108.759384, -7.644778 ], [ 108.756851, -7.643978 ], [ 108.754997, -7.640761 ], [ 108.753731, -7.638693 ], [ 108.751595, -7.637662 ], [ 108.749634, -7.636228 ], [ 108.748131, -7.633873 ], [ 108.748459, -7.630998 ], [ 108.749146, -7.627718 ], [ 108.74781, -7.624961 ], [ 108.745445, -7.624275 ], [ 108.742622, -7.623418 ], [ 108.741005, -7.621408 ], [ 108.739502, -7.618709 ], [ 108.737999, -7.617044 ], [ 108.735413, -7.617739 ], [ 108.733452, -7.616133 ], [ 108.735229, -7.613599 ], [ 108.736435, -7.611469 ], [ 108.737762, -7.609224 ], [ 108.738732, -7.605887 ], [ 108.740288, -7.602721 ], [ 108.741776, -7.599268 ], [ 108.742287, -7.595702 ], [ 108.743843, -7.592881 ], [ 108.745972, -7.592705 ], [ 108.748855, -7.593101 ], [ 108.749252, -7.589995 ], [ 108.749825, -7.586544 ], [ 108.749817, -7.583611 ], [ 108.749123, -7.580393 ], [ 108.748886, -7.578265 ], [ 108.748543, -7.575908 ], [ 108.748764, -7.57332 ], [ 108.748589, -7.571078 ], [ 108.749328, -7.567569 ], [ 108.753235, -7.561961 ], [ 108.753235, -7.559085 ], [ 108.751557, -7.556209 ], [ 108.750839, -7.554292 ], [ 108.750595, -7.551416 ], [ 108.74868, -7.5483 ], [ 108.746521, -7.546622 ], [ 108.744125, -7.544466 ], [ 108.743172, -7.541829 ], [ 108.742928, -7.538713 ], [ 108.742691, -7.534399 ], [ 108.741974, -7.532242 ], [ 108.740051, -7.529367 ], [ 108.738373, -7.525532 ], [ 108.736458, -7.521457 ], [ 108.735741, -7.517623 ], [ 108.734779, -7.511152 ], [ 108.733826, -7.507077 ], [ 108.731903, -7.503962 ], [ 108.729744, -7.500846 ], [ 108.726395, -7.49797 ], [ 108.723518, -7.494615 ], [ 108.719444, -7.490061 ], [ 108.717285, -7.486226 ], [ 108.716568, -7.48311 ], [ 108.717522, -7.480474 ], [ 108.718483, -7.477838 ], [ 108.718437, -7.473677 ], [ 108.716568, -7.471127 ], [ 108.714821, -7.469676 ], [ 108.713318, -7.4673 ], [ 108.712502, -7.464867 ], [ 108.711228, -7.462839 ], [ 108.708847, -7.461414 ], [ 108.707321, -7.459967 ], [ 108.705147, -7.458356 ], [ 108.703499, -7.457093 ], [ 108.701653, -7.455449 ], [ 108.699654, -7.453643 ], [ 108.698044, -7.452277 ], [ 108.696236, -7.449971 ], [ 108.69593, -7.446661 ], [ 108.695663, -7.443424 ], [ 108.695748, -7.441401 ], [ 108.696838, -7.439141 ], [ 108.698982, -7.439437 ], [ 108.701347, -7.439758 ], [ 108.703552, -7.44003 ], [ 108.705559, -7.439811 ], [ 108.706604, -7.437285 ], [ 108.708679, -7.437644 ], [ 108.711212, -7.438786 ], [ 108.714867, -7.440018 ], [ 108.717323, -7.441077 ], [ 108.718696, -7.44311 ], [ 108.720909, -7.443665 ], [ 108.721489, -7.441071 ], [ 108.721558, -7.438634 ], [ 108.721001, -7.435875 ], [ 108.722008, -7.433037 ], [ 108.723457, -7.431507 ], [ 108.721588, -7.430095 ], [ 108.719376, -7.429973 ], [ 108.718811, -7.427853 ], [ 108.717026, -7.426318 ], [ 108.714226, -7.426771 ], [ 108.711945, -7.426292 ], [ 108.709953, -7.424423 ], [ 108.708359, -7.422618 ], [ 108.707421, -7.420706 ], [ 108.706505, -7.418647 ], [ 108.704849, -7.417223 ], [ 108.702148, -7.416188 ], [ 108.700264, -7.415489 ], [ 108.699432, -7.413097 ], [ 108.701034, -7.411014 ], [ 108.700737, -7.408563 ], [ 108.699906, -7.406627 ], [ 108.699211, -7.404458 ], [ 108.698174, -7.402109 ], [ 108.696869, -7.399843 ], [ 108.694405, -7.399178 ], [ 108.692169, -7.399751 ], [ 108.688896, -7.400503 ], [ 108.687088, -7.399547 ], [ 108.686333, -7.397143 ], [ 108.686752, -7.394868 ], [ 108.689102, -7.393773 ], [ 108.688377, -7.391838 ], [ 108.686493, -7.390314 ], [ 108.684608, -7.386896 ], [ 108.684257, -7.384568 ], [ 108.684906, -7.381963 ], [ 108.684944, -7.379379 ], [ 108.682854, -7.378199 ], [ 108.680199, -7.377348 ], [ 108.677864, -7.376733 ], [ 108.67968, -7.374657 ], [ 108.682175, -7.372818 ], [ 108.683349, -7.371035 ], [ 108.682808, -7.369043 ], [ 108.68055, -7.368388 ], [ 108.678223, -7.367688 ], [ 108.677017, -7.366 ], [ 108.67675, -7.363092 ], [ 108.677231, -7.361079 ], [ 108.676773, -7.358614 ], [ 108.675331, -7.357181 ], [ 108.673057, -7.357481 ], [ 108.670693, -7.357391 ], [ 108.668777, -7.35615 ], [ 108.667732, -7.353995 ], [ 108.665855, -7.35291 ], [ 108.663315, -7.352786 ], [ 108.660438, -7.35171 ], [ 108.659408, -7.349746 ], [ 108.661194, -7.348389 ], [ 108.664566, -7.347978 ], [ 108.664032, -7.345934 ], [ 108.662788, -7.344215 ], [ 108.661758, -7.342062 ], [ 108.659691, -7.340857 ], [ 108.657326, -7.339858 ], [ 108.654777, -7.339499 ], [ 108.652901, -7.341052 ], [ 108.650208, -7.340899 ], [ 108.649071, -7.339034 ], [ 108.647469, -7.336958 ], [ 108.646225, -7.338776 ], [ 108.646469, -7.341571 ], [ 108.646393, -7.343819 ], [ 108.644585, -7.345665 ], [ 108.642319, -7.344797 ], [ 108.64032, -7.344021 ], [ 108.638344, -7.342784 ], [ 108.636337, -7.342104 ], [ 108.634186, -7.34327 ], [ 108.631546, -7.343981 ], [ 108.629478, -7.34435 ], [ 108.627144, -7.345642 ], [ 108.625, -7.345758 ], [ 108.622307, -7.345833 ], [ 108.620033, -7.345606 ], [ 108.617851, -7.345551 ], [ 108.617729, -7.347816 ], [ 108.617432, -7.350167 ], [ 108.615128, -7.348428 ], [ 108.615685, -7.345841 ], [ 108.61422, -7.344129 ], [ 108.608963, -7.345094 ], [ 108.605575, -7.346802 ], [ 108.603165, -7.348084 ], [ 108.601471, -7.349218 ], [ 108.599754, -7.350482 ], [ 108.596306, -7.349363 ], [ 108.592026, -7.348067 ], [ 108.592209, -7.345975 ], [ 108.590706, -7.344521 ], [ 108.58847, -7.345135 ], [ 108.583389, -7.348776 ], [ 108.583038, -7.346379 ], [ 108.582054, -7.344625 ], [ 108.581047, -7.342376 ], [ 108.579887, -7.340212 ], [ 108.577492, -7.339551 ], [ 108.575577, -7.33829 ], [ 108.575821, -7.335917 ], [ 108.57441, -7.333795 ], [ 108.571709, -7.332939 ], [ 108.569588, -7.332561 ], [ 108.566437, -7.332263 ], [ 108.565453, -7.334307 ], [ 108.563538, -7.335786 ], [ 108.562798, -7.333301 ], [ 108.560906, -7.334045 ], [ 108.558617, -7.333882 ], [ 108.559319, -7.331598 ], [ 108.559616, -7.329183 ], [ 108.559357, -7.325492 ], [ 108.559975, -7.323358 ], [ 108.561775, -7.322052 ], [ 108.563469, -7.320724 ], [ 108.562531, -7.318561 ], [ 108.562996, -7.316492 ], [ 108.562859, -7.314225 ], [ 108.560944, -7.313243 ], [ 108.55938, -7.310429 ], [ 108.559608, -7.307841 ], [ 108.561569, -7.307089 ], [ 108.562485, -7.304903 ], [ 108.560814, -7.303698 ], [ 108.559197, -7.302206 ], [ 108.558678, -7.300022 ], [ 108.55809, -7.296688 ], [ 108.557106, -7.294562 ], [ 108.555542, -7.287779 ], [ 108.556457, -7.28312 ], [ 108.558724, -7.281037 ], [ 108.560577, -7.279741 ], [ 108.562889, -7.278261 ], [ 108.565109, -7.27715 ], [ 108.567146, -7.2753 ], [ 108.568344, -7.273585 ], [ 108.569069, -7.26946 ], [ 108.569404, -7.267455 ], [ 108.571076, -7.266234 ], [ 108.570114, -7.263726 ], [ 108.568894, -7.261626 ], [ 108.570564, -7.260038 ], [ 108.572235, -7.257532 ], [ 108.572975, -7.255033 ], [ 108.574737, -7.252905 ], [ 108.576767, -7.251702 ], [ 108.579361, -7.250777 ], [ 108.581215, -7.248556 ], [ 108.581719, -7.245549 ], [ 108.582741, -7.243143 ], [ 108.581909, -7.240921 ], [ 108.580055, -7.239071 ], [ 108.579872, -7.236665 ], [ 108.580429, -7.234722 ], [ 108.581535, -7.232686 ], [ 108.583847, -7.230372 ], [ 108.584686, -7.227781 ], [ 108.584129, -7.225561 ], [ 108.583755, -7.22297 ], [ 108.584587, -7.220563 ], [ 108.584587, -7.217325 ], [ 108.583199, -7.215474 ], [ 108.581352, -7.213161 ], [ 108.581719, -7.210662 ], [ 108.581535, -7.207886 ], [ 108.580238, -7.20622 ], [ 108.577652, -7.204832 ], [ 108.574135, -7.204092 ], [ 108.571175, -7.201963 ], [ 108.568581, -7.199095 ], [ 108.566269, -7.197337 ], [ 108.564507, -7.195856 ], [ 108.563034, -7.193966 ], [ 108.56633, -7.193384 ], [ 108.566918, -7.190281 ], [ 108.566719, -7.18776 ], [ 108.566719, -7.185045 ], [ 108.566719, -7.181748 ], [ 108.565659, -7.178161 ], [ 108.565071, -7.175057 ], [ 108.564682, -7.172343 ], [ 108.565537, -7.167538 ], [ 108.568176, -7.164779 ], [ 108.570312, -7.164197 ], [ 108.57225, -7.163616 ], [ 108.574966, -7.16284 ], [ 108.577675, -7.16187 ], [ 108.580391, -7.160707 ], [ 108.582527, -7.158573 ], [ 108.584465, -7.15644 ], [ 108.586021, -7.155083 ], [ 108.588928, -7.152755 ], [ 108.591057, -7.152368 ], [ 108.594162, -7.151979 ], [ 108.597847, -7.151979 ], [ 108.600563, -7.151786 ], [ 108.603859, -7.150816 ], [ 108.606384, -7.149265 ], [ 108.609871, -7.146162 ], [ 108.613556, -7.141895 ], [ 108.615692, -7.141314 ], [ 108.619415, -7.139873 ] ] ], [ [ [ 108.805572, -7.681068 ], [ 108.807579, -7.683027 ], [ 108.80973, -7.682974 ], [ 108.811745, -7.683852 ], [ 108.814934, -7.68435 ], [ 108.817192, -7.684273 ], [ 108.818359, -7.685931 ], [ 108.820129, -7.687118 ], [ 108.82267, -7.686198 ], [ 108.82486, -7.687624 ], [ 108.825638, -7.689471 ], [ 108.827667, -7.689338 ], [ 108.829628, -7.68893 ], [ 108.831329, -7.689983 ], [ 108.833946, -7.692741 ], [ 108.83593, -7.693155 ], [ 108.83799, -7.693737 ], [ 108.839737, -7.694716 ], [ 108.843368, -7.697031 ], [ 108.845444, -7.698311 ], [ 108.847534, -7.698939 ], [ 108.849388, -7.701941 ], [ 108.850784, -7.703691 ], [ 108.852348, -7.705205 ], [ 108.855003, -7.706767 ], [ 108.857826, -7.70744 ], [ 108.862678, -7.709155 ], [ 108.868286, -7.710918 ], [ 108.873413, -7.711559 ], [ 108.878387, -7.711079 ], [ 108.884316, -7.710277 ], [ 108.891373, -7.708995 ], [ 108.897621, -7.707873 ], [ 108.90419, -7.706751 ], [ 108.912529, -7.706751 ], [ 108.917106, -7.707181 ], [ 108.922943, -7.707392 ], [ 108.925888, -7.707793 ], [ 108.93, -7.708353 ], [ 108.93689, -7.710277 ], [ 108.942985, -7.712682 ], [ 108.951721, -7.716368 ], [ 108.953644, -7.71749 ], [ 108.960159, -7.720956 ], [ 108.962738, -7.722503 ], [ 108.965141, -7.724221 ], [ 108.967293, -7.725854 ], [ 108.969269, -7.727314 ], [ 108.971153, -7.729033 ], [ 108.973389, -7.730923 ], [ 108.974938, -7.732555 ], [ 108.976829, -7.734188 ], [ 108.981847, -7.737598 ], [ 108.982382, -7.739473 ], [ 108.982819, -7.740058 ], [ 108.98523, -7.741998 ], [ 108.986229, -7.742589 ], [ 108.987144, -7.742715 ], [ 108.98885, -7.742378 ], [ 108.989515, -7.742638 ], [ 108.98988, -7.742175 ], [ 108.990784, -7.742276 ], [ 108.992169, -7.742857 ], [ 108.992339, -7.743344 ], [ 108.992081, -7.743968 ], [ 108.992729, -7.745048 ], [ 108.992802, -7.745437 ], [ 108.993393, -7.745588 ], [ 108.993776, -7.746411 ], [ 108.994698, -7.747235 ], [ 108.995845, -7.747531 ], [ 108.996758, -7.748158 ], [ 108.999267, -7.75 ], [ 108.99957, -7.750063 ], [ 109.001274, -7.749941 ], [ 109.002388, -7.750354 ], [ 109.002892, -7.750411 ], [ 109.003389, -7.750379 ], [ 109.003854, -7.750209 ], [ 109.004147, -7.750331 ], [ 109.004814, -7.751022 ], [ 109.007934, -7.752684 ], [ 109.010116, -7.75296 ], [ 109.0121, -7.754219 ], [ 109.013105, -7.754834 ], [ 109.013702, -7.755581 ], [ 109.015976, -7.758441 ], [ 109.017937, -7.760672 ], [ 109.01834, -7.760799 ], [ 109.019167, -7.760653 ], [ 109.020065, -7.761175 ], [ 109.020287, -7.76131 ], [ 109.020701, -7.761213 ], [ 109.020682, -7.761692 ], [ 109.020802, -7.761792 ], [ 109.022468, -7.763188 ], [ 109.023111, -7.76372 ], [ 109.024307, -7.764273 ], [ 109.026497, -7.765276 ], [ 109.027742, -7.765677 ], [ 109.028272, -7.765692 ], [ 109.028458, -7.765908 ], [ 109.030098, -7.76613 ], [ 109.030449, -7.766273 ], [ 109.03134, -7.766422 ], [ 109.031903, -7.766056 ], [ 109.032631, -7.765948 ], [ 109.032825, -7.765814 ], [ 109.033263, -7.766106 ], [ 109.034869, -7.765643 ], [ 109.035162, -7.765376 ], [ 109.035039, -7.764961 ], [ 109.035195, -7.764641 ], [ 109.035429, -7.764207 ], [ 109.035965, -7.764249 ], [ 109.036174, -7.763736 ], [ 109.035989, -7.763477 ], [ 109.035965, -7.76316 ], [ 109.036479, -7.762991 ], [ 109.036744, -7.762746 ], [ 109.036759, -7.762305 ], [ 109.036768, -7.761602 ], [ 109.037961, -7.761237 ], [ 109.038468, -7.761263 ], [ 109.039495, -7.760628 ], [ 109.039784, -7.760811 ], [ 109.040128, -7.760896 ], [ 109.04081, -7.760459 ], [ 109.041248, -7.76002 ], [ 109.041759, -7.760263 ], [ 109.042416, -7.760482 ], [ 109.042839, -7.759952 ], [ 109.043134, -7.75984 ], [ 109.043582, -7.760112 ], [ 109.043972, -7.760891 ], [ 109.044244, -7.761183 ], [ 109.04405, -7.761359 ], [ 109.044113, -7.761855 ], [ 109.044397, -7.762214 ], [ 109.044712, -7.762274 ], [ 109.045769, -7.763944 ], [ 109.046679, -7.766286 ], [ 109.047283, -7.766987 ], [ 109.047722, -7.767506 ], [ 109.047847, -7.767922 ], [ 109.047704, -7.768195 ], [ 109.047808, -7.76837 ], [ 109.047692, -7.768682 ], [ 109.048133, -7.768631 ], [ 109.048393, -7.769344 ], [ 109.048538, -7.76986 ], [ 109.048393, -7.770142 ], [ 109.048198, -7.770337 ], [ 109.048315, -7.771213 ], [ 109.048666, -7.771369 ], [ 109.048859, -7.771995 ], [ 109.049152, -7.772577 ], [ 109.049204, -7.772981 ], [ 109.04886, -7.773122 ], [ 109.049386, -7.773395 ], [ 109.049445, -7.773667 ], [ 109.049744, -7.773965 ], [ 109.049951, -7.774368 ], [ 109.050184, -7.774641 ], [ 109.050243, -7.775109 ], [ 109.049717, -7.775284 ], [ 109.049269, -7.775401 ], [ 109.048596, -7.775372 ], [ 109.048309, -7.775723 ], [ 109.048529, -7.776355 ], [ 109.048334, -7.776686 ], [ 109.048003, -7.777056 ], [ 109.048042, -7.777192 ], [ 109.047519, -7.776992 ], [ 109.047322, -7.777309 ], [ 109.046875, -7.777224 ], [ 109.046328, -7.777679 ], [ 109.045853, -7.7776 ], [ 109.045511, -7.777543 ], [ 109.045101, -7.777446 ], [ 109.044807, -7.777986 ], [ 109.044537, -7.778614 ], [ 109.044595, -7.779393 ], [ 109.045204, -7.780145 ], [ 109.04588, -7.781204 ], [ 109.046874, -7.781438 ], [ 109.046913, -7.781613 ], [ 109.046582, -7.781672 ], [ 109.045705, -7.78173 ], [ 109.045471, -7.782568 ], [ 109.044887, -7.782957 ], [ 109.044439, -7.784087 ], [ 109.044186, -7.784262 ], [ 109.043549, -7.784214 ], [ 109.043095, -7.78434 ], [ 109.042862, -7.784827 ], [ 109.042258, -7.784866 ], [ 109.042394, -7.784418 ], [ 109.041985, -7.784165 ], [ 109.04181, -7.784321 ], [ 109.041527, -7.784232 ], [ 109.041128, -7.784379 ], [ 109.040739, -7.784691 ], [ 109.040427, -7.784632 ], [ 109.039843, -7.784223 ], [ 109.039337, -7.784101 ], [ 109.038596, -7.784574 ], [ 109.038303, -7.784166 ], [ 109.038012, -7.784184 ], [ 109.037817, -7.783697 ], [ 109.037384, -7.783474 ], [ 109.036824, -7.782412 ], [ 109.03672, -7.781587 ], [ 109.036454, -7.781146 ], [ 109.036392, -7.780866 ], [ 109.03622, -7.780309 ], [ 109.035987, -7.779977 ], [ 109.035522, -7.779751 ], [ 109.035052, -7.779276 ], [ 109.034487, -7.778906 ], [ 109.033707, -7.778881 ], [ 109.031608, -7.7787 ], [ 109.03157, -7.778582 ], [ 109.031529, -7.778633 ], [ 109.031498, -7.77894 ], [ 109.031391, -7.778924 ], [ 109.031258, -7.778674 ], [ 109.031084, -7.778587 ], [ 109.030757, -7.778732 ], [ 109.030518, -7.778781 ], [ 109.030358, -7.778747 ], [ 109.030235, -7.778538 ], [ 109.030114, -7.778199 ], [ 109.030032, -7.778191 ], [ 109.029757, -7.778143 ], [ 109.029758, -7.778103 ], [ 109.029757, -7.778041 ], [ 109.029951, -7.777873 ], [ 109.029663, -7.777637 ], [ 109.02878, -7.777881 ], [ 109.028379, -7.777769 ], [ 109.02789, -7.778081 ], [ 109.027444, -7.778499 ], [ 109.02709, -7.778636 ], [ 109.026935, -7.778192 ], [ 109.02669, -7.77817 ], [ 109.026979, -7.777792 ], [ 109.026535, -7.777569 ], [ 109.026287, -7.777805 ], [ 109.026112, -7.777814 ], [ 109.025825, -7.777351 ], [ 109.025733, -7.777352 ], [ 109.025645, -7.777652 ], [ 109.025494, -7.777905 ], [ 109.025249, -7.778057 ], [ 109.025247, -7.778127 ], [ 109.025523, -7.778296 ], [ 109.025535, -7.778319 ], [ 109.025208, -7.778348 ], [ 109.025092, -7.778482 ], [ 109.024987, -7.778476 ], [ 109.024503, -7.77868 ], [ 109.024439, -7.778633 ], [ 109.024462, -7.778057 ], [ 109.024363, -7.778004 ], [ 109.024229, -7.778202 ], [ 109.024119, -7.778301 ], [ 109.023987, -7.778263 ], [ 109.023956, -7.778214 ], [ 109.024084, -7.778028 ], [ 109.024159, -7.777917 ], [ 109.024107, -7.777754 ], [ 109.023949, -7.777573 ], [ 109.02386, -7.777646 ], [ 109.023687, -7.777724 ], [ 109.023588, -7.777643 ], [ 109.023786, -7.777286 ], [ 109.023744, -7.777084 ], [ 109.023234, -7.776979 ], [ 109.023689, -7.776818 ], [ 109.023659, -7.776671 ], [ 109.023435, -7.77669 ], [ 109.023228, -7.776629 ], [ 109.023589, -7.776564 ], [ 109.023604, -7.77646 ], [ 109.023277, -7.776466 ], [ 109.023416, -7.776254 ], [ 109.023472, -7.77601 ], [ 109.023604, -7.775747 ], [ 109.023679, -7.774978 ], [ 109.023454, -7.774584 ], [ 109.022928, -7.774265 ], [ 109.02199, -7.77374 ], [ 109.021596, -7.773421 ], [ 109.021427, -7.773233 ], [ 109.020695, -7.773515 ], [ 109.020114, -7.774547 ], [ 109.019701, -7.775729 ], [ 109.020592, -7.776867 ], [ 109.02077, -7.777004 ], [ 109.020808, -7.777305 ], [ 109.020939, -7.777661 ], [ 109.02077, -7.777736 ], [ 109.020489, -7.777961 ], [ 109.02032, -7.778205 ], [ 109.019607, -7.778187 ], [ 109.018944, -7.778451 ], [ 109.018688, -7.778262 ], [ 109.018068, -7.778262 ], [ 109.017666, -7.778749 ], [ 109.017262, -7.778843 ], [ 109.017093, -7.778618 ], [ 109.016869, -7.778807 ], [ 109.01641, -7.778597 ], [ 109.016005, -7.778656 ], [ 109.015761, -7.778299 ], [ 109.015517, -7.778468 ], [ 109.014855, -7.778566 ], [ 109.014603, -7.778536 ], [ 109.01319, -7.778656 ], [ 109.012909, -7.777736 ], [ 109.012771, -7.777634 ], [ 109.012083, -7.777793 ], [ 109.011239, -7.777811 ], [ 109.010995, -7.777793 ], [ 109.011033, -7.777655 ], [ 109.010957, -7.777417 ], [ 109.010488, -7.777661 ], [ 109.009081, -7.7776 ], [ 109.008893, -7.777192 ], [ 109.008675, -7.777617 ], [ 109.008555, -7.777736 ], [ 109.008405, -7.777717 ], [ 109.008068, -7.777492 ], [ 109.007753, -7.777688 ], [ 109.007805, -7.777774 ], [ 109.008105, -7.777924 ], [ 109.007824, -7.777999 ], [ 109.007374, -7.777924 ], [ 109.006401, -7.777741 ], [ 109.005291, -7.776986 ], [ 109.004494, -7.776817 ], [ 109.00424, -7.776854 ], [ 109.004071, -7.776667 ], [ 109.003902, -7.776198 ], [ 109.003395, -7.776426 ], [ 109.003152, -7.776517 ], [ 109.002609, -7.776147 ], [ 109.00182, -7.776329 ], [ 109.0, -7.775967 ], [ 108.999399, -7.775897 ], [ 108.998742, -7.77571 ], [ 108.998055, -7.775387 ], [ 108.996997, -7.775372 ], [ 108.996565, -7.775133 ], [ 108.996209, -7.775072 ], [ 108.995888, -7.775131 ], [ 108.995421, -7.775428 ], [ 108.995159, -7.775335 ], [ 108.995234, -7.775166 ], [ 108.994997, -7.774888 ], [ 108.994502, -7.774584 ], [ 108.994124, -7.774649 ], [ 108.993637, -7.774516 ], [ 108.993095, -7.774265 ], [ 108.992739, -7.774373 ], [ 108.992063, -7.774265 ], [ 108.991508, -7.774071 ], [ 108.989999, -7.773439 ], [ 108.989143, -7.773286 ], [ 108.988948, -7.773608 ], [ 108.98846, -7.773364 ], [ 108.988271, -7.773211 ], [ 108.987879, -7.773177 ], [ 108.987691, -7.773008 ], [ 108.987972, -7.772426 ], [ 108.987897, -7.772182 ], [ 108.987672, -7.772239 ], [ 108.987428, -7.773027 ], [ 108.987015, -7.772813 ], [ 108.986509, -7.772651 ], [ 108.986377, -7.772407 ], [ 108.986195, -7.772488 ], [ 108.985758, -7.772389 ], [ 108.984951, -7.771995 ], [ 108.985334, -7.771655 ], [ 108.985346, -7.771507 ], [ 108.985132, -7.771574 ], [ 108.984895, -7.771732 ], [ 108.984801, -7.771357 ], [ 108.984085, -7.770762 ], [ 108.98375, -7.770888 ], [ 108.983582, -7.771413 ], [ 108.983676, -7.77207 ], [ 108.982887, -7.771826 ], [ 108.981957, -7.770982 ], [ 108.98148, -7.770906 ], [ 108.981518, -7.770494 ], [ 108.981443, -7.770362 ], [ 108.981274, -7.770531 ], [ 108.981086, -7.770437 ], [ 108.980992, -7.770569 ], [ 108.980561, -7.77055 ], [ 108.980167, -7.770325 ], [ 108.980167, -7.770043 ], [ 108.980072, -7.770043 ], [ 108.979604, -7.770231 ], [ 108.979285, -7.769874 ], [ 108.979547, -7.769518 ], [ 108.979454, -7.769424 ], [ 108.979045, -7.769529 ], [ 108.978647, -7.76933 ], [ 108.978947, -7.769124 ], [ 108.978797, -7.769068 ], [ 108.978482, -7.769131 ], [ 108.978104, -7.768914 ], [ 108.978065, -7.768524 ], [ 108.977822, -7.768692 ], [ 108.977543, -7.768742 ], [ 108.977259, -7.768655 ], [ 108.976112, -7.768094 ], [ 108.975907, -7.76781 ], [ 108.975851, -7.767529 ], [ 108.975495, -7.767285 ], [ 108.975288, -7.766966 ], [ 108.975176, -7.766779 ], [ 108.975213, -7.766628 ], [ 108.975382, -7.766497 ], [ 108.975739, -7.766572 ], [ 108.975881, -7.766257 ], [ 108.975776, -7.766028 ], [ 108.975907, -7.765521 ], [ 108.976047, -7.76522 ], [ 108.976189, -7.764677 ], [ 108.976028, -7.764356 ], [ 108.975476, -7.763795 ], [ 108.974594, -7.763683 ], [ 108.973961, -7.76386 ], [ 108.973506, -7.764489 ], [ 108.97317, -7.764231 ], [ 108.972981, -7.764321 ], [ 108.972849, -7.764583 ], [ 108.973018, -7.764883 ], [ 108.972718, -7.76494 ], [ 108.972831, -7.765465 ], [ 108.972527, -7.765548 ], [ 108.972586, -7.765803 ], [ 108.97238, -7.765972 ], [ 108.972155, -7.766028 ], [ 108.972211, -7.766403 ], [ 108.972099, -7.766666 ], [ 108.971611, -7.766478 ], [ 108.971067, -7.766516 ], [ 108.970654, -7.766084 ], [ 108.970421, -7.76607 ], [ 108.970204, -7.766028 ], [ 108.969918, -7.765743 ], [ 108.96949, -7.765465 ], [ 108.969284, -7.76524 ], [ 108.969315, -7.765081 ], [ 108.969247, -7.764658 ], [ 108.968988, -7.764788 ], [ 108.968665, -7.764808 ], [ 108.968534, -7.764546 ], [ 108.968553, -7.764357 ], [ 108.968307, -7.764179 ], [ 108.968083, -7.76417 ], [ 108.967595, -7.764639 ], [ 108.967586, -7.763874 ], [ 108.967539, -7.763701 ], [ 108.967295, -7.763532 ], [ 108.967083, -7.763344 ], [ 108.966713, -7.763214 ], [ 108.966347, -7.76335 ], [ 108.966226, -7.763664 ], [ 108.965782, -7.763111 ], [ 108.965344, -7.763063 ], [ 108.9651, -7.763157 ], [ 108.964781, -7.763589 ], [ 108.964873, -7.763849 ], [ 108.965025, -7.764302 ], [ 108.964687, -7.764658 ], [ 108.964443, -7.764527 ], [ 108.964499, -7.764152 ], [ 108.963824, -7.764245 ], [ 108.963655, -7.764227 ], [ 108.963392, -7.764002 ], [ 108.963205, -7.764058 ], [ 108.962811, -7.76387 ], [ 108.962769, -7.763957 ], [ 108.962436, -7.764358 ], [ 108.961422, -7.764321 ], [ 108.961272, -7.764077 ], [ 108.961235, -7.763908 ], [ 108.961566, -7.763306 ], [ 108.960564, -7.762661 ], [ 108.960072, -7.762675 ], [ 108.959771, -7.762913 ], [ 108.959584, -7.762688 ], [ 108.959301, -7.762599 ], [ 108.959208, -7.762594 ], [ 108.959001, -7.761919 ], [ 108.958776, -7.761413 ], [ 108.958533, -7.761243 ], [ 108.957397, -7.761256 ], [ 108.956919, -7.761412 ], [ 108.956431, -7.76175 ], [ 108.956281, -7.761956 ], [ 108.9563, -7.762219 ], [ 108.956638, -7.762641 ], [ 108.956469, -7.762951 ], [ 108.956319, -7.76297 ], [ 108.956075, -7.762951 ], [ 108.955662, -7.762932 ], [ 108.954468, -7.762723 ], [ 108.953279, -7.762257 ], [ 108.953204, -7.762106 ], [ 108.953167, -7.761787 ], [ 108.952881, -7.761427 ], [ 108.95251, -7.761225 ], [ 108.952266, -7.761505 ], [ 108.951665, -7.761581 ], [ 108.951178, -7.761412 ], [ 108.950821, -7.761074 ], [ 108.950615, -7.761262 ], [ 108.949864, -7.760812 ], [ 108.949585, -7.76077 ], [ 108.948964, -7.760887 ], [ 108.948419, -7.761131 ], [ 108.948232, -7.761562 ], [ 108.948682, -7.761881 ], [ 108.948476, -7.761956 ], [ 108.948419, -7.762257 ], [ 108.948138, -7.762275 ], [ 108.947725, -7.762106 ], [ 108.947012, -7.7622 ], [ 108.946602, -7.762037 ], [ 108.946168, -7.761056 ], [ 108.94583, -7.761093 ], [ 108.945699, -7.761318 ], [ 108.945512, -7.761308 ], [ 108.944603, -7.7607 ], [ 108.944423, -7.760643 ], [ 108.944292, -7.760962 ], [ 108.943616, -7.760943 ], [ 108.943415, -7.760743 ], [ 108.942724, -7.760437 ], [ 108.941651, -7.760139 ], [ 108.941315, -7.760202 ], [ 108.939861, -7.759475 ], [ 108.939918, -7.758931 ], [ 108.939789, -7.758841 ], [ 108.93911, -7.758607 ], [ 108.938719, -7.75886 ], [ 108.938775, -7.759086 ], [ 108.938501, -7.759123 ], [ 108.93829, -7.759076 ], [ 108.937653, -7.759416 ], [ 108.937422, -7.759498 ], [ 108.937047, -7.759592 ], [ 108.935631, -7.759346 ], [ 108.933388, -7.758959 ], [ 108.932648, -7.758143 ], [ 108.932356, -7.757927 ], [ 108.931418, -7.757669 ], [ 108.930626, -7.757002 ], [ 108.930128, -7.756614 ], [ 108.929718, -7.756807 ], [ 108.928436, -7.756532 ], [ 108.92675, -7.756144 ], [ 108.92607, -7.75598 ], [ 108.925929, -7.755066 ], [ 108.925118, -7.754814 ], [ 108.924498, -7.754763 ], [ 108.923748, -7.755206 ], [ 108.923561, -7.755183 ], [ 108.922981, -7.75496 ], [ 108.922177, -7.75462 ], [ 108.921654, -7.753932 ], [ 108.921543, -7.753846 ], [ 108.92112, -7.754041 ], [ 108.920769, -7.754104 ], [ 108.920488, -7.754573 ], [ 108.920699, -7.754925 ], [ 108.919359, -7.7545 ], [ 108.918752, -7.754409 ], [ 108.918678, -7.753873 ], [ 108.918568, -7.75372 ], [ 108.918403, -7.753581 ], [ 108.918237, -7.753494 ], [ 108.917556, -7.753072 ], [ 108.915492, -7.752697 ], [ 108.915023, -7.75265 ], [ 108.914687, -7.752781 ], [ 108.914521, -7.752917 ], [ 108.914486, -7.753031 ], [ 108.914512, -7.753185 ], [ 108.914621, -7.753444 ], [ 108.914648, -7.753553 ], [ 108.914569, -7.753654 ], [ 108.914499, -7.753689 ], [ 108.914266, -7.753901 ], [ 108.914117, -7.753935 ], [ 108.913963, -7.753913 ], [ 108.91352, -7.753725 ], [ 108.913477, -7.753637 ], [ 108.913529, -7.753562 ], [ 108.913666, -7.753461 ], [ 108.913937, -7.753233 ], [ 108.914007, -7.752992 ], [ 108.913968, -7.752777 ], [ 108.913889, -7.752715 ], [ 108.913477, -7.752601 ], [ 108.912985, -7.752259 ], [ 108.912285, -7.752007 ], [ 108.910804, -7.751645 ], [ 108.90982, -7.751502 ], [ 108.9089, -7.751693 ], [ 108.908234, -7.752074 ], [ 108.908218, -7.752745 ], [ 108.908068, -7.753359 ], [ 108.907806, -7.753668 ], [ 108.906288, -7.753905 ], [ 108.905712, -7.754358 ], [ 108.904784, -7.754524 ], [ 108.904665, -7.754358 ], [ 108.904665, -7.754215 ], [ 108.90495, -7.753953 ], [ 108.905188, -7.75343 ], [ 108.905095, -7.753024 ], [ 108.904594, -7.752335 ], [ 108.903664, -7.751967 ], [ 108.900383, -7.751278 ], [ 108.899121, -7.751526 ], [ 108.898025, -7.750896 ], [ 108.897075, -7.750598 ], [ 108.89678, -7.750672 ], [ 108.896242, -7.750575 ], [ 108.895927, -7.750465 ], [ 108.895456, -7.750027 ], [ 108.894267, -7.750289 ], [ 108.893822, -7.750531 ], [ 108.893196, -7.75086 ], [ 108.892744, -7.750622 ], [ 108.89184, -7.750313 ], [ 108.891747, -7.75 ], [ 108.89184, -7.749599 ], [ 108.891626, -7.749313 ], [ 108.89115, -7.749432 ], [ 108.89015, -7.749194 ], [ 108.88948, -7.749285 ], [ 108.888009, -7.74898 ], [ 108.887708, -7.748509 ], [ 108.887497, -7.748416 ], [ 108.886891, -7.748213 ], [ 108.885537, -7.748427 ], [ 108.885305, -7.748493 ], [ 108.885471, -7.748219 ], [ 108.8854, -7.748142 ], [ 108.885106, -7.747945 ], [ 108.884592, -7.74832 ], [ 108.884538, -7.747827 ], [ 108.88394, -7.747446 ], [ 108.883938, -7.747281 ], [ 108.884079, -7.747092 ], [ 108.883797, -7.746779 ], [ 108.883488, -7.746184 ], [ 108.882645, -7.745549 ], [ 108.881441, -7.745566 ], [ 108.880547, -7.745219 ], [ 108.880076, -7.745099 ], [ 108.878298, -7.744549 ], [ 108.876976, -7.74431 ], [ 108.874161, -7.74379 ], [ 108.873367, -7.743777 ], [ 108.872961, -7.744158 ], [ 108.872689, -7.74432 ], [ 108.872416, -7.74435 ], [ 108.871378, -7.74396 ], [ 108.87034, -7.743852 ], [ 108.870262, -7.743854 ], [ 108.870061, -7.743864 ], [ 108.869619, -7.744078 ], [ 108.869516, -7.744232 ], [ 108.869516, -7.744585 ], [ 108.869383, -7.744615 ], [ 108.868758, -7.74432 ], [ 108.868492, -7.744129 ], [ 108.867918, -7.743695 ], [ 108.867676, -7.743076 ], [ 108.867538, -7.742952 ], [ 108.866034, -7.74234 ], [ 108.865862, -7.742057 ], [ 108.865769, -7.741899 ], [ 108.865644, -7.741847 ], [ 108.86543, -7.741722 ], [ 108.864845, -7.741514 ], [ 108.862442, -7.741094 ], [ 108.860012, -7.740956 ], [ 108.858933, -7.741018 ], [ 108.858642, -7.740992 ], [ 108.857259, -7.740551 ], [ 108.8567, -7.74036 ], [ 108.856457, -7.740419 ], [ 108.855956, -7.740706 ], [ 108.855993, -7.740743 ], [ 108.856354, -7.740794 ], [ 108.856766, -7.740787 ], [ 108.857067, -7.740853 ], [ 108.857428, -7.741089 ], [ 108.858091, -7.741678 ], [ 108.858341, -7.742112 ], [ 108.858407, -7.742708 ], [ 108.858577, -7.743157 ], [ 108.858496, -7.743224 ], [ 108.85807, -7.743165 ], [ 108.857038, -7.743201 ], [ 108.856781, -7.743334 ], [ 108.856655, -7.743518 ], [ 108.856678, -7.743643 ], [ 108.856663, -7.743776 ], [ 108.855736, -7.74395 ], [ 108.855316, -7.743916 ], [ 108.854704, -7.743798 ], [ 108.853699, -7.743468 ], [ 108.853475, -7.7434 ], [ 108.853262, -7.743224 ], [ 108.853262, -7.743069 ], [ 108.853284, -7.742929 ], [ 108.853276, -7.742762 ], [ 108.853151, -7.742554 ], [ 108.852702, -7.742348 ], [ 108.852406, -7.74215 ], [ 108.852287, -7.742029 ], [ 108.852047, -7.74181 ], [ 108.851613, -7.741508 ], [ 108.850326, -7.740892 ], [ 108.84925, -7.740743 ], [ 108.848244, -7.740381 ], [ 108.848006, -7.740161 ], [ 108.847903, -7.740043 ], [ 108.847881, -7.739955 ], [ 108.847822, -7.73969 ], [ 108.847689, -7.739617 ], [ 108.847446, -7.73958 ], [ 108.846688, -7.739653 ], [ 108.846401, -7.739705 ], [ 108.846153, -7.739792 ], [ 108.846048, -7.739911 ], [ 108.845907, -7.740809 ], [ 108.845812, -7.74089 ], [ 108.845584, -7.740802 ], [ 108.845481, -7.74089 ], [ 108.845407, -7.740912 ], [ 108.844965, -7.740551 ], [ 108.844781, -7.740323 ], [ 108.844848, -7.739697 ], [ 108.844737, -7.739653 ], [ 108.844325, -7.739852 ], [ 108.844156, -7.739778 ], [ 108.844078, -7.739657 ], [ 108.844008, -7.739337 ], [ 108.843927, -7.739248 ], [ 108.843721, -7.739226 ], [ 108.843137, -7.73951 ], [ 108.843015, -7.739491 ], [ 108.84289, -7.739351 ], [ 108.842359, -7.738932 ], [ 108.842209, -7.738616 ], [ 108.8418, -7.738461 ], [ 108.841766, -7.738283 ], [ 108.841719, -7.738247 ], [ 108.841513, -7.738402 ], [ 108.841263, -7.738674 ], [ 108.841145, -7.738682 ], [ 108.840946, -7.738431 ], [ 108.840806, -7.738159 ], [ 108.840794, -7.737769 ], [ 108.840696, -7.73771 ], [ 108.840477, -7.737947 ], [ 108.840401, -7.738144 ], [ 108.840256, -7.738149 ], [ 108.840011, -7.738078 ], [ 108.839651, -7.737801 ], [ 108.839003, -7.737114 ], [ 108.83873, -7.73701 ], [ 108.838485, -7.737015 ], [ 108.838134, -7.737217 ], [ 108.837604, -7.737673 ], [ 108.837184, -7.738004 ], [ 108.836929, -7.738394 ], [ 108.836644, -7.73879 ], [ 108.83633, -7.738976 ], [ 108.836106, -7.739014 ], [ 108.835611, -7.738769 ], [ 108.835359, -7.738785 ], [ 108.834877, -7.738977 ], [ 108.834446, -7.738866 ], [ 108.834299, -7.738667 ], [ 108.834083, -7.738205 ], [ 108.832825, -7.737708 ], [ 108.832346, -7.737753 ], [ 108.83237, -7.738277 ], [ 108.831847, -7.738348 ], [ 108.831609, -7.738158 ], [ 108.831295, -7.737878 ], [ 108.830919, -7.73792 ], [ 108.830437, -7.738613 ], [ 108.830086, -7.738871 ], [ 108.829562, -7.738919 ], [ 108.827103, -7.738241 ], [ 108.826469, -7.738229 ], [ 108.825299, -7.737771 ], [ 108.824882, -7.737663 ], [ 108.824137, -7.737634 ], [ 108.823685, -7.737396 ], [ 108.822098, -7.736337 ], [ 108.821924, -7.736254 ], [ 108.821353, -7.736111 ], [ 108.819412, -7.736429 ], [ 108.819045, -7.736349 ], [ 108.818249, -7.735873 ], [ 108.818046, -7.735659 ], [ 108.817528, -7.735528 ], [ 108.816071, -7.734945 ], [ 108.814537, -7.734583 ], [ 108.813882, -7.734588 ], [ 108.811661, -7.735291 ], [ 108.810646, -7.735802 ], [ 108.809769, -7.735972 ], [ 108.808504, -7.737158 ], [ 108.80829, -7.737586 ], [ 108.807878, -7.737913 ], [ 108.807529, -7.738538 ], [ 108.807004, -7.738752 ], [ 108.80674, -7.739006 ], [ 108.80636, -7.739583 ], [ 108.805958, -7.74068 ], [ 108.805495, -7.740895 ], [ 108.805292, -7.741203 ], [ 108.805197, -7.741751 ], [ 108.804649, -7.741917 ], [ 108.804055, -7.741917 ], [ 108.803711, -7.742012 ], [ 108.803222, -7.742322 ], [ 108.802103, -7.742393 ], [ 108.801239, -7.742281 ], [ 108.79951, -7.742583 ], [ 108.799103, -7.742534 ], [ 108.797939, -7.741774 ], [ 108.797583, -7.741441 ], [ 108.797678, -7.740965 ], [ 108.798415, -7.74018 ], [ 108.798324, -7.738935 ], [ 108.797447, -7.737046 ], [ 108.796547, -7.735234 ], [ 108.795964, -7.734707 ], [ 108.79506, -7.734541 ], [ 108.793457, -7.735284 ], [ 108.792633, -7.735897 ], [ 108.791886, -7.73673 ], [ 108.790161, -7.737896 ], [ 108.789944, -7.738538 ], [ 108.789004, -7.737048 ], [ 108.788279, -7.736516 ], [ 108.786399, -7.736468 ], [ 108.786114, -7.736159 ], [ 108.785495, -7.735945 ], [ 108.785538, -7.73544 ], [ 108.786066, -7.734731 ], [ 108.786542, -7.734184 ], [ 108.787315, -7.733973 ], [ 108.788064, -7.73347 ], [ 108.788711, -7.733629 ], [ 108.789064, -7.733541 ], [ 108.789177, -7.73324 ], [ 108.789064, -7.732947 ], [ 108.789088, -7.732709 ], [ 108.788419, -7.73268 ], [ 108.788231, -7.732542 ], [ 108.788231, -7.732209 ], [ 108.789516, -7.731352 ], [ 108.789955, -7.730807 ], [ 108.79023, -7.729925 ], [ 108.790222, -7.728799 ], [ 108.789826, -7.727664 ], [ 108.789801, -7.727236 ], [ 108.789397, -7.727379 ], [ 108.788752, -7.727383 ], [ 108.788536, -7.727175 ], [ 108.788064, -7.726593 ], [ 108.788207, -7.725808 ], [ 108.788711, -7.725011 ], [ 108.790665, -7.723641 ], [ 108.792157, -7.723119 ], [ 108.79277, -7.722581 ], [ 108.793157, -7.721834 ], [ 108.793062, -7.720978 ], [ 108.79349, -7.720764 ], [ 108.793495, -7.720505 ], [ 108.793395, -7.719907 ], [ 108.793633, -7.719503 ], [ 108.793966, -7.719122 ], [ 108.794251, -7.719051 ], [ 108.794952, -7.718631 ], [ 108.796107, -7.718551 ], [ 108.796603, -7.718291 ], [ 108.797059, -7.718075 ], [ 108.798447, -7.717912 ], [ 108.799581, -7.717956 ], [ 108.8002, -7.717266 ], [ 108.800423, -7.716793 ], [ 108.800581, -7.716433 ], [ 108.800553, -7.713802 ], [ 108.800003, -7.711719 ], [ 108.799034, -7.709649 ], [ 108.797768, -7.707862 ], [ 108.794922, -7.705446 ], [ 108.793677, -7.704985 ], [ 108.792481, -7.704761 ], [ 108.790984, -7.705146 ], [ 108.789353, -7.705852 ], [ 108.78883, -7.706466 ], [ 108.788668, -7.707112 ], [ 108.788109, -7.707526 ], [ 108.787268, -7.708189 ], [ 108.786891, -7.708943 ], [ 108.786487, -7.708485 ], [ 108.78646, -7.708054 ], [ 108.786352, -7.707354 ], [ 108.786191, -7.707112 ], [ 108.785706, -7.706735 ], [ 108.785322, -7.7067 ], [ 108.784791, -7.706493 ], [ 108.784386, -7.705686 ], [ 108.784441, -7.704285 ], [ 108.783902, -7.703665 ], [ 108.783364, -7.702561 ], [ 108.783013, -7.7024 ], [ 108.782879, -7.702265 ], [ 108.783013, -7.701807 ], [ 108.783812, -7.701999 ], [ 108.784575, -7.701457 ], [ 108.785302, -7.701511 ], [ 108.786379, -7.702077 ], [ 108.786999, -7.702454 ], [ 108.787628, -7.702289 ], [ 108.788184, -7.701754 ], [ 108.788803, -7.700421 ], [ 108.788614, -7.699519 ], [ 108.789126, -7.698495 ], [ 108.789475, -7.698371 ], [ 108.790595, -7.697374 ], [ 108.79094, -7.697011 ], [ 108.790962, -7.696781 ], [ 108.790982, -7.69644 ], [ 108.791083, -7.696261 ], [ 108.791166, -7.696172 ], [ 108.791422, -7.695833 ], [ 108.792088, -7.695372 ], [ 108.792114, -7.694723 ], [ 108.792213, -7.6945 ], [ 108.79241, -7.694417 ], [ 108.792815, -7.694833 ], [ 108.792927, -7.694845 ], [ 108.793183, -7.694768 ], [ 108.79335, -7.694839 ], [ 108.793493, -7.695036 ], [ 108.793784, -7.695345 ], [ 108.793984, -7.695456 ], [ 108.794218, -7.695458 ], [ 108.794356, -7.695371 ], [ 108.794421, -7.69503 ], [ 108.794486, -7.694804 ], [ 108.794587, -7.694667 ], [ 108.794808, -7.694537 ], [ 108.79501, -7.694494 ], [ 108.795224, -7.694578 ], [ 108.795339, -7.6947 ], [ 108.79561, -7.694887 ], [ 108.79595, -7.694952 ], [ 108.796173, -7.694956 ], [ 108.79636, -7.694869 ], [ 108.796723, -7.693971 ], [ 108.797256, -7.693027 ], [ 108.797487, -7.692805 ], [ 108.797844, -7.692828 ], [ 108.798701, -7.693281 ], [ 108.799129, -7.692829 ], [ 108.798701, -7.69202 ], [ 108.799391, -7.691663 ], [ 108.800575, -7.691905 ], [ 108.801342, -7.691972 ], [ 108.801747, -7.691639 ], [ 108.802322, -7.690847 ], [ 108.802579, -7.690449 ], [ 108.802535, -7.690172 ], [ 108.802413, -7.689712 ], [ 108.802925, -7.688937 ], [ 108.802254, -7.686674 ], [ 108.800331, -7.684082 ], [ 108.79834, -7.682756 ], [ 108.798821, -7.680586 ], [ 108.800934, -7.679983 ], [ 108.803581, -7.680345 ], [ 108.805572, -7.681068 ] ] ], [ [ [ 113.218117, -7.100898 ], [ 113.224503, -7.101297 ], [ 113.229088, -7.103092 ], [ 113.236267, -7.105486 ], [ 113.239265, -7.108278 ], [ 113.242256, -7.110871 ], [ 113.245048, -7.113265 ], [ 113.249832, -7.114063 ], [ 113.252243, -7.113664 ], [ 113.254097, -7.112902 ], [ 113.257385, -7.11185 ], [ 113.257759, -7.114338 ], [ 113.257149, -7.116631 ], [ 113.256134, -7.118387 ], [ 113.255974, -7.120846 ], [ 113.255981, -7.123118 ], [ 113.255364, -7.127323 ], [ 113.254898, -7.129579 ], [ 113.254547, -7.131978 ], [ 113.25576, -7.134291 ], [ 113.257935, -7.134579 ], [ 113.258049, -7.136612 ], [ 113.259216, -7.138954 ], [ 113.261162, -7.140008 ], [ 113.263748, -7.139914 ], [ 113.265945, -7.139493 ], [ 113.268349, -7.139686 ], [ 113.270256, -7.138942 ], [ 113.271377, -7.137182 ], [ 113.271187, -7.135101 ], [ 113.270592, -7.132993 ], [ 113.272156, -7.131089 ], [ 113.274139, -7.129542 ], [ 113.274803, -7.131633 ], [ 113.276779, -7.132526 ], [ 113.279037, -7.132412 ], [ 113.282936, -7.131486 ], [ 113.282768, -7.135694 ], [ 113.283005, -7.138071 ], [ 113.281906, -7.139901 ], [ 113.283211, -7.141575 ], [ 113.284393, -7.143332 ], [ 113.285034, -7.145543 ], [ 113.285866, -7.147404 ], [ 113.287582, -7.148544 ], [ 113.287346, -7.150554 ], [ 113.287254, -7.152871 ], [ 113.287918, -7.154815 ], [ 113.289879, -7.156463 ], [ 113.29171, -7.157476 ], [ 113.29229, -7.15962 ], [ 113.293671, -7.161111 ], [ 113.293114, -7.163061 ], [ 113.293755, -7.165006 ], [ 113.293945, -7.167282 ], [ 113.292053, -7.169209 ], [ 113.28952, -7.170846 ], [ 113.287964, -7.17227 ], [ 113.285919, -7.17415 ], [ 113.284096, -7.17681 ], [ 113.284447, -7.178969 ], [ 113.284882, -7.181204 ], [ 113.286148, -7.183171 ], [ 113.28791, -7.184974 ], [ 113.288734, -7.18718 ], [ 113.288849, -7.189308 ], [ 113.290352, -7.191404 ], [ 113.291962, -7.192839 ], [ 113.292709, -7.194904 ], [ 113.291222, -7.196404 ], [ 113.289124, -7.196848 ], [ 113.288467, -7.198797 ], [ 113.287491, -7.200559 ], [ 113.284683, -7.202904 ], [ 113.283905, -7.205058 ], [ 113.282082, -7.206193 ], [ 113.28006, -7.207072 ], [ 113.278008, -7.207821 ], [ 113.275909, -7.208144 ], [ 113.27375, -7.208558 ], [ 113.271904, -7.209908 ], [ 113.271629, -7.212081 ], [ 113.2746, -7.215415 ], [ 113.270714, -7.218099 ], [ 113.269455, -7.220349 ], [ 113.268315, -7.22149 ], [ 113.2674, -7.221445 ], [ 113.266739, -7.221798 ], [ 113.264808, -7.222759 ], [ 113.264282, -7.223219 ], [ 113.263811, -7.224004 ], [ 113.263123, -7.224518 ], [ 113.260864, -7.224919 ], [ 113.258057, -7.224763 ], [ 113.255096, -7.224368 ], [ 113.252785, -7.224159 ], [ 113.250809, -7.223744 ], [ 113.248733, -7.223267 ], [ 113.246239, -7.222939 ], [ 113.244026, -7.222565 ], [ 113.241417, -7.222157 ], [ 113.238472, -7.221817 ], [ 113.236275, -7.221469 ], [ 113.233559, -7.221215 ], [ 113.231476, -7.221125 ], [ 113.229225, -7.221018 ], [ 113.226273, -7.220499 ], [ 113.223534, -7.220645 ], [ 113.221207, -7.220081 ], [ 113.218514, -7.220167 ], [ 113.215836, -7.220834 ], [ 113.212753, -7.219795 ], [ 113.212212, -7.217695 ], [ 113.211273, -7.215532 ], [ 113.210052, -7.213855 ], [ 113.209709, -7.211739 ], [ 113.21022, -7.209624 ], [ 113.208786, -7.208227 ], [ 113.208519, -7.206015 ], [ 113.20948, -7.204029 ], [ 113.210853, -7.201984 ], [ 113.21312, -7.200731 ], [ 113.213585, -7.198499 ], [ 113.215302, -7.197079 ], [ 113.217362, -7.19627 ], [ 113.218758, -7.194798 ], [ 113.218918, -7.19244 ], [ 113.219482, -7.190087 ], [ 113.220337, -7.187083 ], [ 113.221291, -7.185106 ], [ 113.223083, -7.183702 ], [ 113.223434, -7.181512 ], [ 113.222481, -7.179648 ], [ 113.22171, -7.177395 ], [ 113.22155, -7.17534 ], [ 113.223343, -7.173952 ], [ 113.225426, -7.173677 ], [ 113.227646, -7.173202 ], [ 113.2295, -7.172355 ], [ 113.230423, -7.170416 ], [ 113.232636, -7.169208 ], [ 113.235084, -7.168916 ], [ 113.23597, -7.166988 ], [ 113.23452, -7.165609 ], [ 113.233848, -7.16368 ], [ 113.234299, -7.161725 ], [ 113.234673, -7.159756 ], [ 113.234123, -7.157831 ], [ 113.233955, -7.155717 ], [ 113.233177, -7.15374 ], [ 113.231735, -7.15235 ], [ 113.231674, -7.149608 ], [ 113.231018, -7.146864 ], [ 113.231346, -7.144729 ], [ 113.230858, -7.142773 ], [ 113.229378, -7.141368 ], [ 113.227173, -7.140037 ], [ 113.224945, -7.137312 ], [ 113.225075, -7.135223 ], [ 113.226395, -7.133274 ], [ 113.226852, -7.130974 ], [ 113.227341, -7.128724 ], [ 113.225594, -7.127326 ], [ 113.226456, -7.123061 ], [ 113.225746, -7.119928 ], [ 113.226128, -7.117938 ], [ 113.225578, -7.114884 ], [ 113.224464, -7.112775 ], [ 113.223198, -7.110695 ], [ 113.221436, -7.108555 ], [ 113.219292, -7.107421 ], [ 113.217186, -7.106093 ], [ 113.216484, -7.103533 ], [ 113.218117, -7.100898 ] ] ], [ [ [ 108.942856, -7.689072 ], [ 108.947441, -7.690431 ], [ 108.952866, -7.692355 ], [ 108.956062, -7.695715 ], [ 108.957283, -7.698623 ], [ 108.956879, -7.701254 ], [ 108.955459, -7.704495 ], [ 108.953224, -7.706732 ], [ 108.947136, -7.707525 ], [ 108.944084, -7.706955 ], [ 108.941559, -7.706213 ], [ 108.934738, -7.704394 ], [ 108.930016, -7.702884 ], [ 108.924988, -7.701796 ], [ 108.919479, -7.701346 ], [ 108.917412, -7.701265 ], [ 108.910584, -7.701151 ], [ 108.906609, -7.701651 ], [ 108.902199, -7.702452 ], [ 108.899536, -7.702586 ], [ 108.89743, -7.702145 ], [ 108.895798, -7.699134 ], [ 108.89753, -7.696469 ], [ 108.899513, -7.695319 ], [ 108.902748, -7.694807 ], [ 108.906486, -7.693859 ], [ 108.910057, -7.691655 ], [ 108.913025, -7.691097 ], [ 108.917015, -7.691371 ], [ 108.923904, -7.692742 ], [ 108.928246, -7.693615 ], [ 108.930458, -7.693715 ], [ 108.934654, -7.693074 ], [ 108.937027, -7.689988 ], [ 108.932304, -7.690774 ], [ 108.928665, -7.690316 ], [ 108.92601, -7.689716 ], [ 108.921593, -7.688716 ], [ 108.917381, -7.687767 ], [ 108.90757, -7.686975 ], [ 108.905281, -7.687614 ], [ 108.903343, -7.688561 ], [ 108.899117, -7.690881 ], [ 108.895943, -7.692188 ], [ 108.893196, -7.692996 ], [ 108.888275, -7.691566 ], [ 108.88678, -7.688546 ], [ 108.88797, -7.686655 ], [ 108.889938, -7.68524 ], [ 108.8937, -7.683755 ], [ 108.897301, -7.682882 ], [ 108.900505, -7.681973 ], [ 108.903709, -7.681065 ], [ 108.909622, -7.679751 ], [ 108.915314, -7.678987 ], [ 108.918747, -7.678128 ], [ 108.922356, -7.677589 ], [ 108.925499, -7.677684 ], [ 108.927376, -7.676876 ], [ 108.929596, -7.674441 ], [ 108.9328, -7.671798 ], [ 108.937851, -7.669682 ], [ 108.942711, -7.670316 ], [ 108.946564, -7.672692 ], [ 108.947967, -7.67452 ], [ 108.949936, -7.678372 ], [ 108.950699, -7.681448 ], [ 108.94976, -7.68492 ], [ 108.947029, -7.687661 ], [ 108.942856, -7.689072 ] ] ], [ [ [ 108.830864, -7.632154 ], [ 108.825554, -7.631688 ], [ 108.824242, -7.627653 ], [ 108.824715, -7.624216 ], [ 108.823799, -7.620017 ], [ 108.823944, -7.616672 ], [ 108.825706, -7.612605 ], [ 108.82682, -7.61052 ], [ 108.828735, -7.607641 ], [ 108.830963, -7.606139 ], [ 108.836639, -7.606111 ], [ 108.841194, -7.607233 ], [ 108.844879, -7.608222 ], [ 108.846886, -7.60827 ], [ 108.850464, -7.611401 ], [ 108.850586, -7.614726 ], [ 108.849151, -7.617034 ], [ 108.846504, -7.619102 ], [ 108.843422, -7.619868 ], [ 108.841042, -7.620182 ], [ 108.838531, -7.621438 ], [ 108.836189, -7.624816 ], [ 108.834313, -7.628292 ], [ 108.832611, -7.630488 ], [ 108.830864, -7.632154 ] ] ], [ [ [ 108.858551, -7.694213 ], [ 108.856026, -7.693537 ], [ 108.854515, -7.69205 ], [ 108.853332, -7.689739 ], [ 108.852013, -7.687304 ], [ 108.850906, -7.685054 ], [ 108.849007, -7.680263 ], [ 108.848618, -7.677759 ], [ 108.848869, -7.675739 ], [ 108.850616, -7.67414 ], [ 108.855438, -7.673442 ], [ 108.859734, -7.673718 ], [ 108.860184, -7.676085 ], [ 108.861061, -7.678886 ], [ 108.862251, -7.682263 ], [ 108.861977, -7.685685 ], [ 108.862991, -7.688476 ], [ 108.862549, -7.691443 ], [ 108.861366, -7.6934 ], [ 108.858551, -7.694213 ] ] ], [ [ [ 108.820671, -7.662399 ], [ 108.816429, -7.661119 ], [ 108.814903, -7.658633 ], [ 108.815155, -7.655814 ], [ 108.817375, -7.653312 ], [ 108.820267, -7.652693 ], [ 108.822739, -7.650973 ], [ 108.824181, -7.648797 ], [ 108.825699, -7.646881 ], [ 108.82975, -7.647442 ], [ 108.831375, -7.649453 ], [ 108.829926, -7.652364 ], [ 108.828888, -7.65451 ], [ 108.829002, -7.656968 ], [ 108.828468, -7.659543 ], [ 108.825493, -7.661768 ], [ 108.820671, -7.662399 ] ] ], [ [ [ 113.219025, -7.316893 ], [ 113.215744, -7.316754 ], [ 113.21389, -7.315968 ], [ 113.211403, -7.314901 ], [ 113.208069, -7.315281 ], [ 113.205643, -7.314903 ], [ 113.203552, -7.313085 ], [ 113.202782, -7.310908 ], [ 113.205116, -7.308814 ], [ 113.208801, -7.308718 ], [ 113.211334, -7.308577 ], [ 113.216469, -7.309616 ], [ 113.219368, -7.311311 ], [ 113.221611, -7.310943 ], [ 113.224716, -7.311141 ], [ 113.224808, -7.313958 ], [ 113.221832, -7.315426 ], [ 113.219025, -7.316893 ] ] ], [ [ [ 108.868774, -7.696908 ], [ 108.86766, -7.693658 ], [ 108.866241, -7.691698 ], [ 108.866753, -7.687858 ], [ 108.868103, -7.686289 ], [ 108.870606, -7.6867 ], [ 108.870384, -7.690785 ], [ 108.871849, -7.693342 ], [ 108.871582, -7.696896 ], [ 108.868774, -7.696908 ] ] ], [ [ [ 108.78199, -7.696341 ], [ 108.780975, -7.698669 ], [ 108.779863, -7.698792 ], [ 108.78199, -7.696341 ] ] ] ] } },
{ "type": "Feature", "properties": { "STATISTIK": "3321", "KABUPATEN": "DEMAK", "PROPINSI": "JAWA TENGAH", "LUAS_KM2": "48.7763", "DATA": "BAKOSURTANAL, BPS" }, "geometry": { "type": "MultiPolygon", "coordinates": [ [ [ [ 110.774857, -6.93144 ], [ 110.771843, -6.938045 ], [ 110.769485, -6.94637 ], [ 110.769089, -6.955347 ], [ 110.76857, -6.957307 ], [ 110.767723, -6.96049 ], [ 110.763458, -6.964003 ], [ 110.761764, -6.966099 ], [ 110.761559, -6.968117 ], [ 110.762512, -6.970464 ], [ 110.765022, -6.973424 ], [ 110.765587, -6.976985 ], [ 110.760567, -6.979473 ], [ 110.757019, -6.982278 ], [ 110.757767, -6.985154 ], [ 110.759903, -6.98593 ], [ 110.764503, -6.985867 ], [ 110.766304, -6.987397 ], [ 110.763802, -6.989331 ], [ 110.761459, -6.990688 ], [ 110.760071, -6.992708 ], [ 110.759026, -6.997803 ], [ 110.759697, -7.000557 ], [ 110.762726, -7.003641 ], [ 110.763595, -7.007207 ], [ 110.766243, -7.012833 ], [ 110.765434, -7.016516 ], [ 110.76461, -7.020287 ], [ 110.761047, -7.022895 ], [ 110.758728, -7.023302 ], [ 110.755867, -7.026617 ], [ 110.753998, -7.02746 ], [ 110.749718, -7.029392 ], [ 110.744133, -7.030597 ], [ 110.738937, -7.032926 ], [ 110.735359, -7.034111 ], [ 110.733307, -7.034418 ], [ 110.730537, -7.034833 ], [ 110.727982, -7.034678 ], [ 110.724724, -7.033875 ], [ 110.722076, -7.032728 ], [ 110.718933, -7.0306 ], [ 110.716675, -7.029647 ], [ 110.712952, -7.028075 ], [ 110.708183, -7.025779 ], [ 110.706024, -7.024856 ], [ 110.704109, -7.02372 ], [ 110.700172, -7.021381 ], [ 110.697914, -7.019573 ], [ 110.696037, -7.017968 ], [ 110.693817, -7.016904 ], [ 110.693779, -7.019456 ], [ 110.69413, -7.021864 ], [ 110.693985, -7.02609 ], [ 110.691391, -7.029054 ], [ 110.689247, -7.030201 ], [ 110.686645, -7.031209 ], [ 110.683335, -7.032561 ], [ 110.680115, -7.034848 ], [ 110.67762, -7.038946 ], [ 110.675026, -7.041769 ], [ 110.672905, -7.042745 ], [ 110.670349, -7.042843 ], [ 110.66774, -7.041273 ], [ 110.667076, -7.039377 ], [ 110.666832, -7.035607 ], [ 110.66761, -7.032264 ], [ 110.669937, -7.030175 ], [ 110.67054, -7.02795 ], [ 110.671791, -7.025541 ], [ 110.672684, -7.023211 ], [ 110.672218, -7.021172 ], [ 110.67305, -7.018331 ], [ 110.676338, -7.017716 ], [ 110.680084, -7.018266 ], [ 110.686195, -7.01675 ], [ 110.68618, -7.014309 ], [ 110.684463, -7.012463 ], [ 110.681816, -7.011085 ], [ 110.679993, -7.009228 ], [ 110.677544, -7.006734 ], [ 110.676155, -7.004516 ], [ 110.675285, -7.002196 ], [ 110.67395, -7.000252 ], [ 110.670364, -6.992963 ], [ 110.667763, -6.990843 ], [ 110.666847, -6.988951 ], [ 110.665985, -6.986049 ], [ 110.665031, -6.984237 ], [ 110.663727, -6.982178 ], [ 110.661278, -6.980888 ], [ 110.658127, -6.979631 ], [ 110.657402, -6.976885 ], [ 110.658402, -6.97299 ], [ 110.654358, -6.97376 ], [ 110.652656, -6.975076 ], [ 110.650696, -6.974196 ], [ 110.64875, -6.975402 ], [ 110.646973, -6.97702 ], [ 110.644554, -6.978966 ], [ 110.64225, -6.97859 ], [ 110.640221, -6.97717 ], [ 110.638268, -6.9764 ], [ 110.636459, -6.9774 ], [ 110.634773, -6.978951 ], [ 110.632812, -6.979542 ], [ 110.630074, -6.97858 ], [ 110.627693, -6.978067 ], [ 110.625389, -6.978375 ], [ 110.622925, -6.979298 ], [ 110.62207, -6.981363 ], [ 110.620583, -6.982779 ], [ 110.619003, -6.984287 ], [ 110.619057, -6.986448 ], [ 110.620392, -6.988223 ], [ 110.621345, -6.990156 ], [ 110.621376, -6.9932 ], [ 110.62191, -6.995225 ], [ 110.621742, -6.997801 ], [ 110.621414, -7.0 ], [ 110.624405, -7.003411 ], [ 110.625908, -7.004923 ], [ 110.627128, -7.008362 ], [ 110.626274, -7.011646 ], [ 110.624092, -7.016564 ], [ 110.623131, -7.018966 ], [ 110.621422, -7.022886 ], [ 110.619003, -7.026367 ], [ 110.616203, -7.031015 ], [ 110.613975, -7.036433 ], [ 110.611633, -7.042773 ], [ 110.609001, -7.046694 ], [ 110.607048, -7.048425 ], [ 110.60418, -7.049813 ], [ 110.602013, -7.051246 ], [ 110.59993, -7.053103 ], [ 110.59655, -7.058696 ], [ 110.59523, -7.061693 ], [ 110.594246, -7.064365 ], [ 110.591629, -7.06802 ], [ 110.58915, -7.068558 ], [ 110.585121, -7.06845 ], [ 110.58197, -7.068729 ], [ 110.5765, -7.070769 ], [ 110.5746, -7.071925 ], [ 110.57267, -7.073349 ], [ 110.569435, -7.075735 ], [ 110.56691, -7.078389 ], [ 110.564888, -7.082573 ], [ 110.563713, -7.086573 ], [ 110.566147, -7.092213 ], [ 110.567413, -7.094226 ], [ 110.570015, -7.097965 ], [ 110.572968, -7.101531 ], [ 110.574638, -7.103083 ], [ 110.576607, -7.103905 ], [ 110.578041, -7.105611 ], [ 110.580063, -7.108372 ], [ 110.583, -7.109288 ], [ 110.585769, -7.110401 ], [ 110.584686, -7.115044 ], [ 110.583084, -7.116948 ], [ 110.581535, -7.119254 ], [ 110.579872, -7.12231 ], [ 110.578903, -7.124615 ], [ 110.577759, -7.127209 ], [ 110.577423, -7.129629 ], [ 110.576569, -7.133028 ], [ 110.575737, -7.135127 ], [ 110.571922, -7.135081 ], [ 110.569405, -7.1357 ], [ 110.56707, -7.136366 ], [ 110.564354, -7.137544 ], [ 110.56208, -7.138785 ], [ 110.559509, -7.139543 ], [ 110.557365, -7.139666 ], [ 110.555145, -7.138898 ], [ 110.553078, -7.138159 ], [ 110.551125, -7.137248 ], [ 110.549019, -7.137701 ], [ 110.547752, -7.135872 ], [ 110.547294, -7.133842 ], [ 110.547577, -7.131739 ], [ 110.545471, -7.131077 ], [ 110.544144, -7.12956 ], [ 110.54068, -7.128366 ], [ 110.538368, -7.128284 ], [ 110.535309, -7.13004 ], [ 110.5327, -7.130769 ], [ 110.530571, -7.131278 ], [ 110.528778, -7.130356 ], [ 110.526581, -7.129721 ], [ 110.524605, -7.1307 ], [ 110.522591, -7.132147 ], [ 110.520386, -7.133065 ], [ 110.518219, -7.131797 ], [ 110.516342, -7.130701 ], [ 110.514649, -7.129209 ], [ 110.513672, -7.127113 ], [ 110.513596, -7.1243 ], [ 110.510819, -7.12113 ], [ 110.506462, -7.121028 ], [ 110.504341, -7.119067 ], [ 110.501892, -7.116125 ], [ 110.501068, -7.114001 ], [ 110.50058, -7.11204 ], [ 110.500252, -7.108935 ], [ 110.500252, -7.106157 ], [ 110.500748, -7.103215 ], [ 110.500748, -7.09962 ], [ 110.498459, -7.097005 ], [ 110.496002, -7.094554 ], [ 110.494537, -7.092756 ], [ 110.492081, -7.090468 ], [ 110.489304, -7.089978 ], [ 110.48587, -7.091286 ], [ 110.482117, -7.090142 ], [ 110.482041, -7.083928 ], [ 110.483536, -7.082059 ], [ 110.486153, -7.079319 ], [ 110.491569, -7.07359 ], [ 110.495804, -7.069106 ], [ 110.497673, -7.06649 ], [ 110.497177, -7.063501 ], [ 110.495682, -7.061508 ], [ 110.494187, -7.060013 ], [ 110.492813, -7.05827 ], [ 110.491569, -7.05528 ], [ 110.48883, -7.053412 ], [ 110.485764, -7.053812 ], [ 110.48275, -7.055567 ], [ 110.48098, -7.057024 ], [ 110.477997, -7.057896 ], [ 110.474258, -7.057397 ], [ 110.472763, -7.056027 ], [ 110.471764, -7.053536 ], [ 110.47152, -7.049799 ], [ 110.471764, -7.046935 ], [ 110.471268, -7.042575 ], [ 110.468529, -7.04133 ], [ 110.466164, -7.041205 ], [ 110.463921, -7.040707 ], [ 110.461555, -7.03859 ], [ 110.461677, -7.036098 ], [ 110.462921, -7.033732 ], [ 110.464813, -7.032346 ], [ 110.467529, -7.032985 ], [ 110.470398, -7.034604 ], [ 110.472511, -7.036472 ], [ 110.474129, -7.038216 ], [ 110.475502, -7.036721 ], [ 110.476746, -7.034106 ], [ 110.47982, -7.031362 ], [ 110.480606, -7.034173 ], [ 110.48127, -7.036137 ], [ 110.482765, -7.039016 ], [ 110.485512, -7.036981 ], [ 110.486641, -7.035016 ], [ 110.487, -7.033049 ], [ 110.487678, -7.031153 ], [ 110.488235, -7.029151 ], [ 110.490463, -7.029751 ], [ 110.492493, -7.029629 ], [ 110.494652, -7.029725 ], [ 110.496063, -7.026785 ], [ 110.498611, -7.023243 ], [ 110.498886, -7.021123 ], [ 110.501175, -7.018078 ], [ 110.503182, -7.01806 ], [ 110.504578, -7.016401 ], [ 110.505424, -7.014426 ], [ 110.507149, -7.012817 ], [ 110.507202, -7.010667 ], [ 110.508125, -7.008867 ], [ 110.508423, -7.006843 ], [ 110.507851, -7.004461 ], [ 110.5084, -7.002233 ], [ 110.508591, -6.998291 ], [ 110.507965, -6.995914 ], [ 110.506599, -6.993961 ], [ 110.504372, -6.994676 ], [ 110.501694, -6.992326 ], [ 110.50177, -6.990085 ], [ 110.502449, -6.987676 ], [ 110.503151, -6.985748 ], [ 110.501762, -6.984108 ], [ 110.501953, -6.981911 ], [ 110.502625, -6.979149 ], [ 110.50322, -6.975244 ], [ 110.503372, -6.971082 ], [ 110.502754, -6.968569 ], [ 110.501724, -6.965807 ], [ 110.50119, -6.963808 ], [ 110.50164, -6.960885 ], [ 110.502807, -6.958867 ], [ 110.502144, -6.956266 ], [ 110.501625, -6.954202 ], [ 110.5009, -6.952264 ], [ 110.497788, -6.953109 ], [ 110.493599, -6.954247 ], [ 110.491234, -6.95482 ], [ 110.49057, -6.952261 ], [ 110.491089, -6.948155 ], [ 110.488518, -6.948498 ], [ 110.487801, -6.946412 ], [ 110.484634, -6.945856 ], [ 110.482392, -6.945582 ], [ 110.479889, -6.944945 ], [ 110.477326, -6.943733 ], [ 110.47509, -6.942707 ], [ 110.472572, -6.94142 ], [ 110.470779, -6.940067 ], [ 110.469345, -6.938571 ], [ 110.467682, -6.937335 ], [ 110.467034, -6.935311 ], [ 110.465713, -6.933663 ], [ 110.463226, -6.931506 ], [ 110.463387, -6.931289 ], [ 110.463743, -6.931095 ], [ 110.463737, -6.930914 ], [ 110.464018, -6.930534 ], [ 110.463907, -6.930274 ], [ 110.463943, -6.930165 ], [ 110.464005, -6.930165 ], [ 110.464103, -6.930179 ], [ 110.464149, -6.930215 ], [ 110.464289, -6.930077 ], [ 110.464425, -6.929993 ], [ 110.464498, -6.929903 ], [ 110.464626, -6.92987 ], [ 110.464979, -6.929653 ], [ 110.465233, -6.929983 ], [ 110.465578, -6.929872 ], [ 110.465803, -6.929684 ], [ 110.465965, -6.929785 ], [ 110.466213, -6.929599 ], [ 110.466253, -6.929591 ], [ 110.466496, -6.929897 ], [ 110.466789, -6.930053 ], [ 110.467002, -6.930353 ], [ 110.467158, -6.930505 ], [ 110.467489, -6.93039 ], [ 110.467514, -6.930377 ], [ 110.467701, -6.930022 ], [ 110.467642, -6.929988 ], [ 110.467501, -6.930121 ], [ 110.467458, -6.930121 ], [ 110.467414, -6.93009 ], [ 110.467539, -6.929872 ], [ 110.467377, -6.929635 ], [ 110.467401, -6.929585 ], [ 110.46762, -6.929772 ], [ 110.467707, -6.929772 ], [ 110.467745, -6.929709 ], [ 110.468139, -6.929204 ], [ 110.467863, -6.928723 ], [ 110.467651, -6.928348 ], [ 110.467601, -6.92818 ], [ 110.467633, -6.928142 ], [ 110.467707, -6.928267 ], [ 110.467906, -6.9286 ], [ 110.467938, -6.928598 ], [ 110.468051, -6.928592 ], [ 110.468257, -6.928835 ], [ 110.468315, -6.928802 ], [ 110.468276, -6.928561 ], [ 110.468194, -6.92823 ], [ 110.468094, -6.927993 ], [ 110.468175, -6.928036 ], [ 110.468313, -6.928249 ], [ 110.46845, -6.928492 ], [ 110.468529, -6.928539 ], [ 110.46875, -6.928234 ], [ 110.468562, -6.92798 ], [ 110.468431, -6.927612 ], [ 110.4684, -6.927462 ], [ 110.468525, -6.927431 ], [ 110.4686, -6.927568 ], [ 110.468669, -6.927855 ], [ 110.468719, -6.927968 ], [ 110.468781, -6.928042 ], [ 110.468988, -6.927831 ], [ 110.469211, -6.927364 ], [ 110.469574, -6.926925 ], [ 110.469843, -6.926732 ], [ 110.469983, -6.926539 ], [ 110.470248, -6.925989 ], [ 110.470281, -6.925609 ], [ 110.470757, -6.925282 ], [ 110.471176, -6.925276 ], [ 110.471457, -6.9251 ], [ 110.47186, -6.925012 ], [ 110.472194, -6.925118 ], [ 110.472817, -6.925565 ], [ 110.473317, -6.925539 ], [ 110.473738, -6.925135 ], [ 110.473931, -6.925118 ], [ 110.474282, -6.924784 ], [ 110.474581, -6.924977 ], [ 110.475001, -6.924556 ], [ 110.474721, -6.924118 ], [ 110.474808, -6.924083 ], [ 110.475475, -6.924539 ], [ 110.475914, -6.924311 ], [ 110.476142, -6.923977 ], [ 110.475823, -6.923704 ], [ 110.47544, -6.923363 ], [ 110.476142, -6.92238 ], [ 110.476054, -6.92224 ], [ 110.475627, -6.92203 ], [ 110.475598, -6.921784 ], [ 110.475633, -6.921152 ], [ 110.475669, -6.920836 ], [ 110.475876, -6.920869 ], [ 110.477493, -6.91963 ], [ 110.478195, -6.918836 ], [ 110.479027, -6.918176 ], [ 110.479159, -6.917305 ], [ 110.479373, -6.916889 ], [ 110.479828, -6.916315 ], [ 110.480452, -6.915456 ], [ 110.480675, -6.915373 ], [ 110.48066, -6.915171 ], [ 110.4813, -6.91429 ], [ 110.481841, -6.91381 ], [ 110.482731, -6.913307 ], [ 110.48291, -6.913273 ], [ 110.483101, -6.913049 ], [ 110.483056, -6.91279 ], [ 110.483025, -6.912275 ], [ 110.483131, -6.912062 ], [ 110.4844, -6.910552 ], [ 110.484786, -6.910342 ], [ 110.484767, -6.910115 ], [ 110.484943, -6.90987 ], [ 110.48537, -6.909388 ], [ 110.485527, -6.909309 ], [ 110.485535, -6.909201 ], [ 110.487068, -6.907312 ], [ 110.48811, -6.906423 ], [ 110.488148, -6.90599 ], [ 110.488716, -6.905294 ], [ 110.489019, -6.904794 ], [ 110.489401, -6.904524 ], [ 110.489761, -6.904502 ], [ 110.489839, -6.904031 ], [ 110.49028, -6.903353 ], [ 110.49149, -6.901672 ], [ 110.491647, -6.901639 ], [ 110.491726, -6.901223 ], [ 110.491982, -6.900847 ], [ 110.492355, -6.900617 ], [ 110.492475, -6.900232 ], [ 110.492681, -6.900134 ], [ 110.492685, -6.899971 ], [ 110.493423, -6.899051 ], [ 110.494287, -6.897899 ], [ 110.494728, -6.89746 ], [ 110.49549, -6.89662 ], [ 110.496218, -6.896226 ], [ 110.496173, -6.896023 ], [ 110.496173, -6.895866 ], [ 110.49633, -6.895597 ], [ 110.496712, -6.894978 ], [ 110.497442, -6.893755 ], [ 110.497723, -6.893463 ], [ 110.498083, -6.89304 ], [ 110.498352, -6.892958 ], [ 110.498401, -6.89259 ], [ 110.498529, -6.892409 ], [ 110.498666, -6.89243 ], [ 110.498756, -6.892272 ], [ 110.498733, -6.89212 ], [ 110.498857, -6.891936 ], [ 110.498981, -6.891969 ], [ 110.499159, -6.891893 ], [ 110.499127, -6.8917 ], [ 110.500102, -6.890358 ], [ 110.500607, -6.890072 ], [ 110.501083, -6.889991 ], [ 110.501155, -6.889327 ], [ 110.501375, -6.889063 ], [ 110.501572, -6.888669 ], [ 110.50222, -6.888214 ], [ 110.502208, -6.887813 ], [ 110.502384, -6.887484 ], [ 110.502751, -6.887383 ], [ 110.502809, -6.886949 ], [ 110.50322, -6.886649 ], [ 110.503436, -6.886234 ], [ 110.504394, -6.88495 ], [ 110.505586, -6.883799 ], [ 110.505915, -6.883668 ], [ 110.505928, -6.883534 ], [ 110.506288, -6.882724 ], [ 110.507187, -6.881353 ], [ 110.508636, -6.880095 ], [ 110.50917, -6.878882 ], [ 110.510788, -6.87559 ], [ 110.511787, -6.873707 ], [ 110.512901, -6.871713 ], [ 110.514099, -6.869382 ], [ 110.515144, -6.867352 ], [ 110.516133, -6.866 ], [ 110.516907, -6.865213 ], [ 110.518574, -6.863473 ], [ 110.519369, -6.861678 ], [ 110.51776, -6.861759 ], [ 110.516518, -6.861116 ], [ 110.515533, -6.860174 ], [ 110.51519, -6.859231 ], [ 110.516457, -6.857744 ], [ 110.517937, -6.855869 ], [ 110.519142, -6.854016 ], [ 110.520119, -6.852105 ], [ 110.521133, -6.849676 ], [ 110.521873, -6.848735 ], [ 110.522705, -6.848353 ], [ 110.524895, -6.847682 ], [ 110.5271, -6.847836 ], [ 110.527485, -6.848136 ], [ 110.528085, -6.847493 ], [ 110.528385, -6.846808 ], [ 110.528191, -6.84504 ], [ 110.528007, -6.84211 ], [ 110.527817, -6.839983 ], [ 110.527485, -6.839311 ], [ 110.525802, -6.839309 ], [ 110.52372, -6.838652 ], [ 110.52092, -6.836902 ], [ 110.520074, -6.835027 ], [ 110.52037, -6.834715 ], [ 110.521402, -6.834984 ], [ 110.521787, -6.834684 ], [ 110.522476, -6.833836 ], [ 110.524674, -6.83399 ], [ 110.527618, -6.833311 ], [ 110.530327, -6.832014 ], [ 110.532265, -6.830572 ], [ 110.53344, -6.829543 ], [ 110.533829, -6.828947 ], [ 110.535025, -6.827786 ], [ 110.535539, -6.827572 ], [ 110.535965, -6.827832 ], [ 110.537424, -6.827101 ], [ 110.537987, -6.826166 ], [ 110.539307, -6.824273 ], [ 110.540787, -6.822621 ], [ 110.54232, -6.820789 ], [ 110.543636, -6.819904 ], [ 110.543979, -6.819904 ], [ 110.5448, -6.821119 ], [ 110.545435, -6.82136 ], [ 110.546121, -6.82136 ], [ 110.546935, -6.820461 ], [ 110.547406, -6.820418 ], [ 110.548063, -6.8194 ], [ 110.548563, -6.818961 ], [ 110.549156, -6.817902 ], [ 110.549576, -6.81578 ], [ 110.549034, -6.811978 ], [ 110.550293, -6.809867 ], [ 110.551133, -6.808423 ], [ 110.551647, -6.808251 ], [ 110.55262, -6.80901 ], [ 110.553404, -6.809451 ], [ 110.553907, -6.809497 ], [ 110.556097, -6.806506 ], [ 110.556709, -6.805935 ], [ 110.557432, -6.805331 ], [ 110.560076, -6.803649 ], [ 110.56028, -6.801851 ], [ 110.559746, -6.799786 ], [ 110.559541, -6.798255 ], [ 110.559975, -6.797354 ], [ 110.560556, -6.796573 ], [ 110.562052, -6.794757 ], [ 110.562114, -6.794783 ], [ 110.562265, -6.794143 ], [ 110.562973, -6.79227 ], [ 110.56336, -6.791392 ], [ 110.563988, -6.790459 ], [ 110.565256, -6.788562 ], [ 110.565636, -6.786424 ], [ 110.565987, -6.784287 ], [ 110.566406, -6.782018 ], [ 110.567017, -6.778965 ], [ 110.567696, -6.776975 ], [ 110.568428, -6.775879 ], [ 110.569519, -6.775194 ], [ 110.571571, -6.774969 ], [ 110.572954, -6.774713 ], [ 110.575394, -6.773331 ], [ 110.57547, -6.768796 ], [ 110.575653, -6.766335 ], [ 110.575569, -6.764318 ], [ 110.573563, -6.764347 ], [ 110.572813, -6.764289 ], [ 110.572359, -6.763782 ], [ 110.571197, -6.76406 ], [ 110.569823, -6.764432 ], [ 110.56923, -6.764432 ], [ 110.568594, -6.763836 ], [ 110.567955, -6.763537 ], [ 110.566265, -6.763458 ], [ 110.565849, -6.763164 ], [ 110.565149, -6.763088 ], [ 110.564656, -6.762738 ], [ 110.564508, -6.76234 ], [ 110.564487, -6.761552 ], [ 110.564321, -6.761005 ], [ 110.564102, -6.760816 ], [ 110.560448, -6.761547 ], [ 110.558901, -6.761993 ], [ 110.55777, -6.762238 ], [ 110.556684, -6.76242 ], [ 110.55555, -6.762498 ], [ 110.554254, -6.76226 ], [ 110.553482, -6.762223 ], [ 110.552332, -6.762687 ], [ 110.551552, -6.762865 ], [ 110.55113, -6.762874 ], [ 110.550623, -6.762874 ], [ 110.548752, -6.761876 ], [ 110.547819, -6.760925 ], [ 110.546858, -6.760177 ], [ 110.545418, -6.759509 ], [ 110.544535, -6.758922 ], [ 110.543007, -6.758077 ], [ 110.541731, -6.7574 ], [ 110.540085, -6.755942 ], [ 110.538019, -6.75473 ], [ 110.537002, -6.753842 ], [ 110.536604, -6.753528 ], [ 110.53583, -6.752434 ], [ 110.535942, -6.75 ], [ 110.53599, -6.748962 ], [ 110.535774, -6.747674 ], [ 110.535162, -6.746212 ], [ 110.535669, -6.745224 ], [ 110.53599, -6.744823 ], [ 110.536682, -6.744865 ], [ 110.538651, -6.745948 ], [ 110.54055, -6.747113 ], [ 110.542105, -6.748482 ], [ 110.542505, -6.748775 ], [ 110.542959, -6.749176 ], [ 110.543434, -6.75 ], [ 110.545189, -6.752519 ], [ 110.546493, -6.754586 ], [ 110.547445, -6.755317 ], [ 110.5485, -6.75566 ], [ 110.550812, -6.755935 ], [ 110.553741, -6.755918 ], [ 110.55575, -6.755825 ], [ 110.556068, -6.755058 ], [ 110.556337, -6.75441 ], [ 110.556816, -6.753938 ], [ 110.55764, -6.753433 ], [ 110.559434, -6.752629 ], [ 110.559929, -6.751737 ], [ 110.560133, -6.751392 ], [ 110.560198, -6.750507 ], [ 110.55983, -6.74898 ], [ 110.559788, -6.748499 ], [ 110.559969, -6.747811 ], [ 110.55996, -6.747289 ], [ 110.559375, -6.746681 ], [ 110.560029, -6.746026 ], [ 110.559662, -6.744888 ], [ 110.55872, -6.743944 ], [ 110.558384, -6.743792 ], [ 110.558304, -6.743171 ], [ 110.557292, -6.742874 ], [ 110.556937, -6.742755 ], [ 110.556876, -6.742517 ], [ 110.556743, -6.742086 ], [ 110.556995, -6.741565 ], [ 110.557114, -6.740792 ], [ 110.557412, -6.740445 ], [ 110.557434, -6.73984 ], [ 110.557261, -6.73848 ], [ 110.556894, -6.738437 ], [ 110.556592, -6.738782 ], [ 110.556222, -6.738948 ], [ 110.555944, -6.738912 ], [ 110.555275, -6.738307 ], [ 110.554886, -6.737919 ], [ 110.554713, -6.737552 ], [ 110.55331, -6.737336 ], [ 110.553069, -6.737222 ], [ 110.552652, -6.735259 ], [ 110.552317, -6.734529 ], [ 110.552036, -6.73427 ], [ 110.551496, -6.733644 ], [ 110.551125, -6.733104 ], [ 110.550806, -6.731053 ], [ 110.550339, -6.729869 ], [ 110.550095, -6.728716 ], [ 110.549156, -6.727835 ], [ 110.548452, -6.727555 ], [ 110.547894, -6.727586 ], [ 110.547675, -6.727663 ], [ 110.547341, -6.727316 ], [ 110.546811, -6.727058 ], [ 110.546681, -6.726821 ], [ 110.545969, -6.72572 ], [ 110.545839, -6.725655 ], [ 110.544673, -6.725504 ], [ 110.544673, -6.725202 ], [ 110.545723, -6.724165 ], [ 110.545839, -6.723798 ], [ 110.546617, -6.723474 ], [ 110.547157, -6.723345 ], [ 110.547325, -6.722951 ], [ 110.547001, -6.722529 ], [ 110.547761, -6.722049 ], [ 110.547999, -6.721639 ], [ 110.548202, -6.721064 ], [ 110.548646, -6.720581 ], [ 110.549013, -6.719372 ], [ 110.549337, -6.719156 ], [ 110.549738, -6.718663 ], [ 110.549791, -6.718465 ], [ 110.550178, -6.718736 ], [ 110.551194, -6.717342 ], [ 110.55128, -6.717062 ], [ 110.551518, -6.716911 ], [ 110.552058, -6.717472 ], [ 110.552662, -6.717774 ], [ 110.552772, -6.717949 ], [ 110.552849, -6.719202 ], [ 110.552964, -6.719825 ], [ 110.553632, -6.720315 ], [ 110.554207, -6.721132 ], [ 110.55521, -6.722351 ], [ 110.556213, -6.723899 ], [ 110.557365, -6.726088 ], [ 110.55753, -6.726812 ], [ 110.558665, -6.727404 ], [ 110.559096, -6.728008 ], [ 110.559485, -6.728008 ], [ 110.559553, -6.727883 ], [ 110.559959, -6.727012 ], [ 110.560543, -6.725871 ], [ 110.56073, -6.724947 ], [ 110.561256, -6.722376 ], [ 110.561493, -6.721121 ], [ 110.561536, -6.720797 ], [ 110.56144, -6.720001 ], [ 110.56132, -6.719545 ], [ 110.560673, -6.718724 ], [ 110.560743, -6.718127 ], [ 110.560988, -6.717747 ], [ 110.561277, -6.717601 ], [ 110.561709, -6.71663 ], [ 110.56186, -6.716349 ], [ 110.561992, -6.716402 ], [ 110.562363, -6.716934 ], [ 110.562832, -6.717385 ], [ 110.56335, -6.718228 ], [ 110.563836, -6.718365 ], [ 110.564127, -6.718271 ], [ 110.564581, -6.717601 ], [ 110.564818, -6.717731 ], [ 110.565142, -6.718249 ], [ 110.565392, -6.719236 ], [ 110.565918, -6.720864 ], [ 110.565628, -6.721244 ], [ 110.566135, -6.721963 ], [ 110.56617, -6.724723 ], [ 110.566437, -6.724899 ], [ 110.566693, -6.725453 ], [ 110.566567, -6.725893 ], [ 110.567413, -6.726457 ], [ 110.567894, -6.726877 ], [ 110.568014, -6.727123 ], [ 110.568298, -6.727229 ], [ 110.569595, -6.726917 ], [ 110.56987, -6.727123 ], [ 110.569856, -6.727812 ], [ 110.569784, -6.728073 ], [ 110.570183, -6.728932 ], [ 110.570677, -6.729906 ], [ 110.571835, -6.729973 ], [ 110.572095, -6.729973 ], [ 110.57298, -6.730211 ], [ 110.573711, -6.730441 ], [ 110.573723, -6.731206 ], [ 110.574103, -6.732413 ], [ 110.574165, -6.733614 ], [ 110.573995, -6.73427 ], [ 110.573587, -6.734596 ], [ 110.573215, -6.735228 ], [ 110.573217, -6.735414 ], [ 110.573332, -6.735556 ], [ 110.574793, -6.735868 ], [ 110.57611, -6.735069 ], [ 110.577087, -6.734616 ], [ 110.57962, -6.733157 ], [ 110.580148, -6.732176 ], [ 110.580406, -6.73106 ], [ 110.580537, -6.73006 ], [ 110.581123, -6.728737 ], [ 110.581875, -6.727231 ], [ 110.582313, -6.726864 ], [ 110.583407, -6.72586 ], [ 110.584259, -6.725791 ], [ 110.585546, -6.725094 ], [ 110.586906, -6.72501 ], [ 110.588404, -6.724492 ], [ 110.588861, -6.72493 ], [ 110.589715, -6.724636 ], [ 110.589929, -6.723168 ], [ 110.590188, -6.722589 ], [ 110.591797, -6.721425 ], [ 110.593765, -6.720197 ], [ 110.595535, -6.718958 ], [ 110.597534, -6.717824 ], [ 110.600182, -6.715701 ], [ 110.601715, -6.714238 ], [ 110.603056, -6.713024 ], [ 110.604439, -6.712033 ], [ 110.608269, -6.713589 ], [ 110.610634, -6.713589 ], [ 110.613731, -6.715045 ], [ 110.617005, -6.716683 ], [ 110.621742, -6.719232 ], [ 110.628113, -6.720506 ], [ 110.636665, -6.722327 ], [ 110.645592, -6.724147 ], [ 110.653595, -6.725421 ], [ 110.657425, -6.726878 ], [ 110.660515, -6.728698 ], [ 110.66288, -6.730883 ], [ 110.663978, -6.733796 ], [ 110.66507, -6.736526 ], [ 110.666885, -6.739075 ], [ 110.666161, -6.741413 ], [ 110.668587, -6.745129 ], [ 110.669891, -6.746971 ], [ 110.670059, -6.749183 ], [ 110.669266, -6.752607 ], [ 110.670982, -6.754831 ], [ 110.670433, -6.757575 ], [ 110.670448, -6.760235 ], [ 110.669945, -6.762712 ], [ 110.671463, -6.76426 ], [ 110.674309, -6.764626 ], [ 110.675331, -6.767005 ], [ 110.674057, -6.769145 ], [ 110.675873, -6.771354 ], [ 110.682915, -6.774092 ], [ 110.68956, -6.777221 ], [ 110.691643, -6.779567 ], [ 110.693993, -6.784781 ], [ 110.696342, -6.790126 ], [ 110.698166, -6.793646 ], [ 110.69947, -6.796775 ], [ 110.701164, -6.797948 ], [ 110.703636, -6.798209 ], [ 110.708069, -6.797297 ], [ 110.712372, -6.796384 ], [ 110.716545, -6.796645 ], [ 110.721367, -6.797687 ], [ 110.725411, -6.7986 ], [ 110.728409, -6.799382 ], [ 110.732323, -6.799382 ], [ 110.734795, -6.798861 ], [ 110.736885, -6.797297 ], [ 110.739357, -6.795863 ], [ 110.742653, -6.79389 ], [ 110.745933, -6.7934 ], [ 110.749031, -6.793383 ], [ 110.751488, -6.793206 ], [ 110.753571, -6.792649 ], [ 110.756691, -6.792181 ], [ 110.756706, -6.796173 ], [ 110.757896, -6.799777 ], [ 110.759537, -6.801719 ], [ 110.76368, -6.804523 ], [ 110.768486, -6.807728 ], [ 110.772629, -6.8112 ], [ 110.774628, -6.813604 ], [ 110.77623, -6.815473 ], [ 110.779038, -6.817209 ], [ 110.782242, -6.819212 ], [ 110.78611, -6.821215 ], [ 110.789322, -6.824821 ], [ 110.790924, -6.82669 ], [ 110.79319, -6.828025 ], [ 110.796097, -6.828977 ], [ 110.800629, -6.834228 ], [ 110.805679, -6.838167 ], [ 110.810844, -6.843461 ], [ 110.813187, -6.846909 ], [ 110.816513, -6.849772 ], [ 110.81276, -6.858154 ], [ 110.813873, -6.861986 ], [ 110.815018, -6.865827 ], [ 110.81324, -6.871464 ], [ 110.810974, -6.873252 ], [ 110.807541, -6.878252 ], [ 110.805351, -6.881748 ], [ 110.803635, -6.884326 ], [ 110.802132, -6.886501 ], [ 110.800522, -6.890554 ], [ 110.798554, -6.893987 ], [ 110.795052, -6.898517 ], [ 110.792542, -6.900106 ], [ 110.790329, -6.902382 ], [ 110.78672, -6.906345 ], [ 110.784386, -6.908912 ], [ 110.781685, -6.915128 ], [ 110.780815, -6.917137 ], [ 110.780464, -6.920712 ], [ 110.778343, -6.925808 ], [ 110.776718, -6.928432 ], [ 110.774857, -6.93144 ] ] ], [ [ [ 110.462953, -6.931269 ], [ 110.462555, -6.930924 ], [ 110.462588, -6.930858 ], [ 110.462682, -6.930889 ], [ 110.462786, -6.931025 ], [ 110.46295, -6.931239 ], [ 110.462953, -6.931269 ] ] ], [ [ [ 110.462953, -6.931269 ], [ 110.462994, -6.931539 ], [ 110.462975, -6.931545 ], [ 110.462953, -6.931269 ] ] ], [ [ [ 110.463181, -6.931539 ], [ 110.463219, -6.931507 ], [ 110.463226, -6.931506 ], [ 110.463181, -6.931539 ] ] ] ] } },
{ "type": "Feature", "properties": { "STATISTIK": "3315", "KABUPATEN": "GROBOGAN/PURWODADI", "PROPINSI": "JAWA TENGAH", "LUAS_KM2": "53.9938", "DATA": "BAKOSURTANAL, BPS" }, "geometry": { "type": "Polygon", "coordinates": [ [ [ 111.132401, -7.258768 ], [ 111.129006, -7.258515 ], [ 111.127128, -7.257788 ], [ 111.12661, -7.254627 ], [ 111.126213, -7.252344 ], [ 111.125046, -7.249984 ], [ 111.122444, -7.248464 ], [ 111.120117, -7.248106 ], [ 111.117874, -7.248465 ], [ 111.114586, -7.249137 ], [ 111.112167, -7.249178 ], [ 111.110229, -7.248583 ], [ 111.10807, -7.248067 ], [ 111.105553, -7.247438 ], [ 111.103493, -7.247875 ], [ 111.101502, -7.248873 ], [ 111.099403, -7.249042 ], [ 111.097633, -7.25 ], [ 111.096222, -7.251873 ], [ 111.093727, -7.252196 ], [ 111.091797, -7.252933 ], [ 111.089035, -7.251102 ], [ 111.08786, -7.252844 ], [ 111.086128, -7.253968 ], [ 111.084068, -7.254754 ], [ 111.081932, -7.255049 ], [ 111.079941, -7.255289 ], [ 111.079277, -7.257263 ], [ 111.079247, -7.25935 ], [ 111.079864, -7.261328 ], [ 111.077812, -7.262389 ], [ 111.074867, -7.262598 ], [ 111.073799, -7.264716 ], [ 111.072685, -7.266506 ], [ 111.070587, -7.26712 ], [ 111.068405, -7.267247 ], [ 111.065826, -7.265333 ], [ 111.064148, -7.267794 ], [ 111.062386, -7.268813 ], [ 111.060623, -7.269886 ], [ 111.058151, -7.270437 ], [ 111.056076, -7.269348 ], [ 111.054336, -7.26825 ], [ 111.051926, -7.26797 ], [ 111.049881, -7.267489 ], [ 111.047714, -7.267492 ], [ 111.045914, -7.266334 ], [ 111.043587, -7.266102 ], [ 111.041702, -7.266966 ], [ 111.039642, -7.266674 ], [ 111.037476, -7.265993 ], [ 111.035614, -7.265176 ], [ 111.033699, -7.2644 ], [ 111.031754, -7.26374 ], [ 111.031914, -7.261713 ], [ 111.032433, -7.259626 ], [ 111.032303, -7.257594 ], [ 111.030525, -7.255674 ], [ 111.027862, -7.257274 ], [ 111.025627, -7.257768 ], [ 111.023613, -7.258094 ], [ 111.021774, -7.259888 ], [ 111.019783, -7.259501 ], [ 111.017746, -7.259165 ], [ 111.015869, -7.260888 ], [ 111.013725, -7.261441 ], [ 111.011459, -7.261791 ], [ 111.008865, -7.261796 ], [ 111.006958, -7.262772 ], [ 111.005722, -7.266021 ], [ 111.00206, -7.26661 ], [ 111.0, -7.267098 ], [ 110.996239, -7.270323 ], [ 110.994575, -7.271823 ], [ 110.991493, -7.273718 ], [ 110.989174, -7.274885 ], [ 110.985611, -7.276216 ], [ 110.982445, -7.276625 ], [ 110.977608, -7.276634 ], [ 110.972664, -7.277565 ], [ 110.967606, -7.278841 ], [ 110.963982, -7.279884 ], [ 110.958633, -7.282171 ], [ 110.95604, -7.283874 ], [ 110.953171, -7.282437 ], [ 110.950859, -7.28152 ], [ 110.94648, -7.279167 ], [ 110.941643, -7.277102 ], [ 110.937668, -7.276418 ], [ 110.934616, -7.276078 ], [ 110.932602, -7.276255 ], [ 110.927948, -7.277473 ], [ 110.923401, -7.279093 ], [ 110.91909, -7.280138 ], [ 110.914719, -7.280549 ], [ 110.912125, -7.280553 ], [ 110.909226, -7.280178 ], [ 110.907341, -7.278815 ], [ 110.90535, -7.277872 ], [ 110.903359, -7.27651 ], [ 110.901474, -7.275147 ], [ 110.899483, -7.274309 ], [ 110.897385, -7.273785 ], [ 110.893928, -7.273471 ], [ 110.889732, -7.273576 ], [ 110.885856, -7.273785 ], [ 110.881248, -7.274099 ], [ 110.878944, -7.274099 ], [ 110.876633, -7.272213 ], [ 110.874748, -7.270641 ], [ 110.871399, -7.269489 ], [ 110.869095, -7.269594 ], [ 110.865006, -7.270432 ], [ 110.860641, -7.269503 ], [ 110.858833, -7.27056 ], [ 110.856644, -7.270664 ], [ 110.8526, -7.269537 ], [ 110.848656, -7.268441 ], [ 110.842262, -7.264668 ], [ 110.838226, -7.261867 ], [ 110.836708, -7.260078 ], [ 110.834762, -7.258018 ], [ 110.833633, -7.255959 ], [ 110.832192, -7.253744 ], [ 110.830948, -7.249986 ], [ 110.831375, -7.247522 ], [ 110.830971, -7.245421 ], [ 110.830788, -7.242585 ], [ 110.828644, -7.2382 ], [ 110.829826, -7.23599 ], [ 110.831421, -7.233595 ], [ 110.831383, -7.229421 ], [ 110.829376, -7.230141 ], [ 110.826302, -7.23064 ], [ 110.824074, -7.229298 ], [ 110.821831, -7.228837 ], [ 110.820465, -7.227274 ], [ 110.819901, -7.224951 ], [ 110.818497, -7.222424 ], [ 110.817398, -7.220328 ], [ 110.816345, -7.216682 ], [ 110.814339, -7.218701 ], [ 110.812164, -7.221026 ], [ 110.809547, -7.222277 ], [ 110.808701, -7.224097 ], [ 110.807968, -7.226621 ], [ 110.808044, -7.228801 ], [ 110.805252, -7.230978 ], [ 110.803459, -7.232445 ], [ 110.801903, -7.234053 ], [ 110.799584, -7.235461 ], [ 110.798004, -7.236823 ], [ 110.79631, -7.238102 ], [ 110.794159, -7.240016 ], [ 110.791588, -7.241295 ], [ 110.789047, -7.242879 ], [ 110.78714, -7.2439 ], [ 110.783806, -7.243887 ], [ 110.781891, -7.245002 ], [ 110.779816, -7.244918 ], [ 110.777687, -7.2448 ], [ 110.775414, -7.2442 ], [ 110.772835, -7.244633 ], [ 110.770759, -7.244385 ], [ 110.768158, -7.244337 ], [ 110.767929, -7.241601 ], [ 110.768868, -7.239323 ], [ 110.770508, -7.237515 ], [ 110.771866, -7.235542 ], [ 110.77092, -7.233287 ], [ 110.77066, -7.231055 ], [ 110.771362, -7.228812 ], [ 110.770439, -7.226956 ], [ 110.772369, -7.225632 ], [ 110.773018, -7.223656 ], [ 110.775093, -7.223297 ], [ 110.77713, -7.222768 ], [ 110.776962, -7.220488 ], [ 110.777298, -7.218411 ], [ 110.777985, -7.216409 ], [ 110.779426, -7.214846 ], [ 110.780418, -7.212766 ], [ 110.780952, -7.209767 ], [ 110.78125, -7.207161 ], [ 110.781494, -7.205071 ], [ 110.781502, -7.202698 ], [ 110.782974, -7.199173 ], [ 110.784813, -7.19671 ], [ 110.785507, -7.193873 ], [ 110.783897, -7.191465 ], [ 110.782265, -7.189946 ], [ 110.779991, -7.188913 ], [ 110.778755, -7.190889 ], [ 110.776543, -7.190974 ], [ 110.776749, -7.187708 ], [ 110.775368, -7.186188 ], [ 110.773414, -7.186846 ], [ 110.770577, -7.186444 ], [ 110.768219, -7.186471 ], [ 110.765839, -7.186986 ], [ 110.763451, -7.186813 ], [ 110.761383, -7.187213 ], [ 110.760094, -7.185579 ], [ 110.759491, -7.18363 ], [ 110.760063, -7.181194 ], [ 110.761299, -7.179361 ], [ 110.764229, -7.179993 ], [ 110.766441, -7.180338 ], [ 110.76828, -7.178705 ], [ 110.767853, -7.176699 ], [ 110.765213, -7.174978 ], [ 110.763084, -7.175264 ], [ 110.760841, -7.175607 ], [ 110.759094, -7.172539 ], [ 110.757828, -7.170361 ], [ 110.755448, -7.168438 ], [ 110.753319, -7.167331 ], [ 110.749481, -7.166846 ], [ 110.747208, -7.166555 ], [ 110.745453, -7.164732 ], [ 110.743728, -7.163574 ], [ 110.743507, -7.161254 ], [ 110.744148, -7.159285 ], [ 110.743302, -7.157085 ], [ 110.743775, -7.155089 ], [ 110.745827, -7.154053 ], [ 110.747543, -7.152835 ], [ 110.747711, -7.150718 ], [ 110.749405, -7.149319 ], [ 110.749199, -7.147308 ], [ 110.74865, -7.14527 ], [ 110.747604, -7.143381 ], [ 110.746162, -7.141352 ], [ 110.744514, -7.139776 ], [ 110.742363, -7.139133 ], [ 110.741615, -7.140994 ], [ 110.739494, -7.141328 ], [ 110.735817, -7.143227 ], [ 110.733208, -7.146751 ], [ 110.731537, -7.148686 ], [ 110.729675, -7.151105 ], [ 110.727905, -7.15279 ], [ 110.727798, -7.154836 ], [ 110.727867, -7.157052 ], [ 110.72686, -7.159061 ], [ 110.724678, -7.163432 ], [ 110.722832, -7.165932 ], [ 110.720123, -7.1684 ], [ 110.718552, -7.169683 ], [ 110.716415, -7.171496 ], [ 110.714768, -7.17333 ], [ 110.712555, -7.176181 ], [ 110.710548, -7.177374 ], [ 110.708168, -7.178855 ], [ 110.706741, -7.180784 ], [ 110.705116, -7.18318 ], [ 110.704086, -7.185118 ], [ 110.701111, -7.185445 ], [ 110.696586, -7.184614 ], [ 110.695374, -7.186679 ], [ 110.692856, -7.187116 ], [ 110.691208, -7.188364 ], [ 110.690247, -7.190299 ], [ 110.689667, -7.192396 ], [ 110.690727, -7.194415 ], [ 110.691719, -7.19619 ], [ 110.691284, -7.198155 ], [ 110.693047, -7.199154 ], [ 110.692879, -7.201248 ], [ 110.69352, -7.203474 ], [ 110.693169, -7.205509 ], [ 110.695419, -7.206491 ], [ 110.697166, -7.2078 ], [ 110.699173, -7.207247 ], [ 110.701012, -7.208106 ], [ 110.703163, -7.208038 ], [ 110.704307, -7.210167 ], [ 110.704025, -7.212153 ], [ 110.705444, -7.213744 ], [ 110.705696, -7.215842 ], [ 110.70401, -7.217168 ], [ 110.702019, -7.218155 ], [ 110.70018, -7.219507 ], [ 110.698082, -7.220476 ], [ 110.697647, -7.222535 ], [ 110.695908, -7.223695 ], [ 110.694176, -7.225305 ], [ 110.693916, -7.227412 ], [ 110.693077, -7.229238 ], [ 110.694641, -7.230752 ], [ 110.693451, -7.232808 ], [ 110.693474, -7.234831 ], [ 110.692368, -7.236855 ], [ 110.692024, -7.239157 ], [ 110.691773, -7.24115 ], [ 110.687683, -7.241305 ], [ 110.685615, -7.24146 ], [ 110.683563, -7.241548 ], [ 110.681618, -7.240826 ], [ 110.679527, -7.240162 ], [ 110.677834, -7.238812 ], [ 110.675934, -7.237694 ], [ 110.673851, -7.237368 ], [ 110.672241, -7.23603 ], [ 110.671829, -7.234059 ], [ 110.669876, -7.23295 ], [ 110.668343, -7.231621 ], [ 110.666267, -7.226913 ], [ 110.662186, -7.223628 ], [ 110.660584, -7.224921 ], [ 110.658157, -7.225322 ], [ 110.656395, -7.226354 ], [ 110.654549, -7.225547 ], [ 110.652611, -7.224966 ], [ 110.650558, -7.223366 ], [ 110.648506, -7.223234 ], [ 110.646965, -7.221858 ], [ 110.645286, -7.220548 ], [ 110.643723, -7.219013 ], [ 110.641647, -7.219107 ], [ 110.637184, -7.219337 ], [ 110.635109, -7.219175 ], [ 110.632584, -7.219261 ], [ 110.629967, -7.219512 ], [ 110.625, -7.217803 ], [ 110.62297, -7.217129 ], [ 110.620903, -7.216981 ], [ 110.618713, -7.216951 ], [ 110.616867, -7.217917 ], [ 110.61528, -7.2162 ], [ 110.613182, -7.213308 ], [ 110.612167, -7.211526 ], [ 110.61187, -7.209385 ], [ 110.612587, -7.207353 ], [ 110.611572, -7.20559 ], [ 110.6119, -7.203535 ], [ 110.61332, -7.20183 ], [ 110.612839, -7.199776 ], [ 110.613564, -7.197546 ], [ 110.610374, -7.198145 ], [ 110.60846, -7.196442 ], [ 110.606415, -7.194889 ], [ 110.603416, -7.194603 ], [ 110.600578, -7.195508 ], [ 110.601051, -7.197532 ], [ 110.601311, -7.199764 ], [ 110.599243, -7.199857 ], [ 110.596649, -7.199117 ], [ 110.594299, -7.199455 ], [ 110.591438, -7.199093 ], [ 110.592461, -7.20125 ], [ 110.591316, -7.203008 ], [ 110.589668, -7.201116 ], [ 110.589203, -7.19877 ], [ 110.588822, -7.196576 ], [ 110.586647, -7.196555 ], [ 110.586662, -7.198617 ], [ 110.58448, -7.199238 ], [ 110.582168, -7.199028 ], [ 110.579948, -7.200218 ], [ 110.579269, -7.198023 ], [ 110.576897, -7.196808 ], [ 110.575462, -7.193916 ], [ 110.573685, -7.191967 ], [ 110.570129, -7.189383 ], [ 110.570045, -7.192795 ], [ 110.568092, -7.193928 ], [ 110.566956, -7.192206 ], [ 110.565796, -7.189973 ], [ 110.563942, -7.191163 ], [ 110.561546, -7.188642 ], [ 110.560829, -7.192503 ], [ 110.558861, -7.191839 ], [ 110.557861, -7.189512 ], [ 110.556854, -7.187771 ], [ 110.554527, -7.187863 ], [ 110.554672, -7.190133 ], [ 110.5541, -7.192061 ], [ 110.552147, -7.193043 ], [ 110.550484, -7.194176 ], [ 110.548264, -7.194268 ], [ 110.545929, -7.194587 ], [ 110.546196, -7.192299 ], [ 110.544952, -7.190577 ], [ 110.544044, -7.188553 ], [ 110.544762, -7.186454 ], [ 110.544121, -7.184392 ], [ 110.544632, -7.18201 ], [ 110.542671, -7.180685 ], [ 110.540802, -7.183154 ], [ 110.538208, -7.181131 ], [ 110.537773, -7.178771 ], [ 110.537033, -7.176541 ], [ 110.535255, -7.175566 ], [ 110.534073, -7.17207 ], [ 110.537994, -7.17233 ], [ 110.53936, -7.170705 ], [ 110.541389, -7.16997 ], [ 110.543091, -7.168307 ], [ 110.545181, -7.16778 ], [ 110.545677, -7.165832 ], [ 110.545448, -7.163657 ], [ 110.543823, -7.162351 ], [ 110.54219, -7.161101 ], [ 110.541084, -7.156805 ], [ 110.542961, -7.154082 ], [ 110.544464, -7.152341 ], [ 110.546433, -7.151396 ], [ 110.545708, -7.149343 ], [ 110.545174, -7.147233 ], [ 110.547073, -7.146118 ], [ 110.54892, -7.145136 ], [ 110.550728, -7.14423 ], [ 110.551445, -7.142017 ], [ 110.553291, -7.141025 ], [ 110.555145, -7.138898 ], [ 110.557365, -7.139666 ], [ 110.559509, -7.139543 ], [ 110.56208, -7.138785 ], [ 110.564354, -7.137544 ], [ 110.56707, -7.136366 ], [ 110.569405, -7.1357 ], [ 110.571922, -7.135081 ], [ 110.575737, -7.135127 ], [ 110.576569, -7.133028 ], [ 110.577423, -7.129629 ], [ 110.577759, -7.127209 ], [ 110.578903, -7.124615 ], [ 110.579872, -7.12231 ], [ 110.581535, -7.119254 ], [ 110.583084, -7.116948 ], [ 110.584686, -7.115044 ], [ 110.585769, -7.110401 ], [ 110.583, -7.109288 ], [ 110.580063, -7.108372 ], [ 110.578041, -7.105611 ], [ 110.576607, -7.103905 ], [ 110.574638, -7.103083 ], [ 110.572968, -7.101531 ], [ 110.570015, -7.097965 ], [ 110.567413, -7.094226 ], [ 110.566147, -7.092213 ], [ 110.563713, -7.086573 ], [ 110.564888, -7.082573 ], [ 110.56691, -7.078389 ], [ 110.569435, -7.075735 ], [ 110.57267, -7.073349 ], [ 110.5746, -7.071925 ], [ 110.5765, -7.070769 ], [ 110.58197, -7.068729 ], [ 110.585121, -7.06845 ], [ 110.58915, -7.068558 ], [ 110.591629, -7.06802 ], [ 110.594246, -7.064365 ], [ 110.59523, -7.061693 ], [ 110.59655, -7.058696 ], [ 110.59993, -7.053103 ], [ 110.602013, -7.051246 ], [ 110.60418, -7.049813 ], [ 110.607048, -7.048425 ], [ 110.609001, -7.046694 ], [ 110.611633, -7.042773 ], [ 110.613975, -7.036433 ], [ 110.616203, -7.031015 ], [ 110.619003, -7.026367 ], [ 110.621422, -7.022886 ], [ 110.623131, -7.018966 ], [ 110.624092, -7.016564 ], [ 110.626274, -7.011646 ], [ 110.627128, -7.008362 ], [ 110.625908, -7.004923 ], [ 110.624405, -7.003411 ], [ 110.621414, -7.0 ], [ 110.621742, -6.997801 ], [ 110.62191, -6.995225 ], [ 110.621376, -6.9932 ], [ 110.621345, -6.990156 ], [ 110.620392, -6.988223 ], [ 110.619057, -6.986448 ], [ 110.619003, -6.984287 ], [ 110.620583, -6.982779 ], [ 110.62207, -6.981363 ], [ 110.622925, -6.979298 ], [ 110.625389, -6.978375 ], [ 110.627693, -6.978067 ], [ 110.630074, -6.97858 ], [ 110.632812, -6.979542 ], [ 110.634773, -6.978951 ], [ 110.636459, -6.9774 ], [ 110.638268, -6.9764 ], [ 110.640221, -6.97717 ], [ 110.64225, -6.97859 ], [ 110.644554, -6.978966 ], [ 110.646973, -6.97702 ], [ 110.64875, -6.975402 ], [ 110.650696, -6.974196 ], [ 110.652656, -6.975076 ], [ 110.654358, -6.97376 ], [ 110.658402, -6.97299 ], [ 110.657402, -6.976885 ], [ 110.658127, -6.979631 ], [ 110.661278, -6.980888 ], [ 110.663727, -6.982178 ], [ 110.665031, -6.984237 ], [ 110.665985, -6.986049 ], [ 110.666847, -6.988951 ], [ 110.667763, -6.990843 ], [ 110.670364, -6.992963 ], [ 110.67395, -7.000252 ], [ 110.675285, -7.002196 ], [ 110.676155, -7.004516 ], [ 110.677544, -7.006734 ], [ 110.679993, -7.009228 ], [ 110.681816, -7.011085 ], [ 110.684463, -7.012463 ], [ 110.68618, -7.014309 ], [ 110.686195, -7.01675 ], [ 110.680084, -7.018266 ], [ 110.676338, -7.017716 ], [ 110.67305, -7.018331 ], [ 110.672218, -7.021172 ], [ 110.672684, -7.023211 ], [ 110.671791, -7.025541 ], [ 110.67054, -7.02795 ], [ 110.669937, -7.030175 ], [ 110.66761, -7.032264 ], [ 110.666832, -7.035607 ], [ 110.667076, -7.039377 ], [ 110.66774, -7.041273 ], [ 110.670349, -7.042843 ], [ 110.672905, -7.042745 ], [ 110.675026, -7.041769 ], [ 110.67762, -7.038946 ], [ 110.680115, -7.034848 ], [ 110.683335, -7.032561 ], [ 110.686645, -7.031209 ], [ 110.689247, -7.030201 ], [ 110.691391, -7.029054 ], [ 110.693985, -7.02609 ], [ 110.69413, -7.021864 ], [ 110.693779, -7.019456 ], [ 110.693817, -7.016904 ], [ 110.696037, -7.017968 ], [ 110.697914, -7.019573 ], [ 110.700172, -7.021381 ], [ 110.704109, -7.02372 ], [ 110.706024, -7.024856 ], [ 110.708183, -7.025779 ], [ 110.712952, -7.028075 ], [ 110.716675, -7.029647 ], [ 110.718933, -7.0306 ], [ 110.722076, -7.032728 ], [ 110.724724, -7.033875 ], [ 110.727982, -7.034678 ], [ 110.730537, -7.034833 ], [ 110.733307, -7.034418 ], [ 110.735359, -7.034111 ], [ 110.738937, -7.032926 ], [ 110.744133, -7.030597 ], [ 110.749718, -7.029392 ], [ 110.753998, -7.02746 ], [ 110.755867, -7.026617 ], [ 110.758728, -7.023302 ], [ 110.761047, -7.022895 ], [ 110.76461, -7.020287 ], [ 110.765434, -7.016516 ], [ 110.766243, -7.012833 ], [ 110.763595, -7.007207 ], [ 110.762726, -7.003641 ], [ 110.759697, -7.000557 ], [ 110.759026, -6.997803 ], [ 110.760071, -6.992708 ], [ 110.761459, -6.990688 ], [ 110.763802, -6.989331 ], [ 110.766304, -6.987397 ], [ 110.764503, -6.985867 ], [ 110.759903, -6.98593 ], [ 110.757767, -6.985154 ], [ 110.757019, -6.982278 ], [ 110.760567, -6.979473 ], [ 110.765587, -6.976985 ], [ 110.765022, -6.973424 ], [ 110.762512, -6.970464 ], [ 110.761559, -6.968117 ], [ 110.761764, -6.966099 ], [ 110.763458, -6.964003 ], [ 110.767723, -6.96049 ], [ 110.76857, -6.957307 ], [ 110.769089, -6.955347 ], [ 110.769485, -6.94637 ], [ 110.772095, -6.948349 ], [ 110.774933, -6.949577 ], [ 110.778168, -6.950857 ], [ 110.780838, -6.952455 ], [ 110.786697, -6.956785 ], [ 110.789215, -6.960262 ], [ 110.792618, -6.965224 ], [ 110.79612, -6.969264 ], [ 110.796959, -6.971671 ], [ 110.79779, -6.973732 ], [ 110.798111, -6.976146 ], [ 110.798088, -6.979072 ], [ 110.799164, -6.98159 ], [ 110.800003, -6.988545 ], [ 110.801742, -6.992064 ], [ 110.80381, -6.993905 ], [ 110.806137, -6.996176 ], [ 110.80693, -6.999274 ], [ 110.81089, -6.999993 ], [ 110.816361, -7.001757 ], [ 110.820076, -7.001956 ], [ 110.822433, -7.002817 ], [ 110.825028, -7.001679 ], [ 110.827904, -7.000018 ], [ 110.826477, -6.997527 ], [ 110.82486, -6.995059 ], [ 110.825714, -6.993105 ], [ 110.828369, -6.993099 ], [ 110.831711, -6.994184 ], [ 110.834358, -6.994383 ], [ 110.836426, -6.993887 ], [ 110.839073, -6.992675 ], [ 110.842186, -6.994565 ], [ 110.842941, -6.996688 ], [ 110.841965, -6.998931 ], [ 110.844482, -7.001454 ], [ 110.848343, -7.00137 ], [ 110.852447, -7.000288 ], [ 110.85331, -6.996667 ], [ 110.853828, -6.992916 ], [ 110.854904, -6.99069 ], [ 110.856339, -6.988044 ], [ 110.858345, -6.984708 ], [ 110.860008, -6.98212 ], [ 110.861046, -6.979935 ], [ 110.862015, -6.978094 ], [ 110.864952, -6.976193 ], [ 110.868805, -6.976472 ], [ 110.871628, -6.975892 ], [ 110.875076, -6.974104 ], [ 110.878128, -6.972489 ], [ 110.881409, -6.971965 ], [ 110.883118, -6.974442 ], [ 110.883377, -6.978223 ], [ 110.882637, -6.981212 ], [ 110.882416, -6.983682 ], [ 110.883285, -6.985576 ], [ 110.88649, -6.985961 ], [ 110.88929, -6.987288 ], [ 110.891213, -6.988201 ], [ 110.893242, -6.989087 ], [ 110.895203, -6.990092 ], [ 110.89743, -6.990298 ], [ 110.899376, -6.989186 ], [ 110.902008, -6.986652 ], [ 110.90377, -6.985658 ], [ 110.90525, -6.984293 ], [ 110.90564, -6.982281 ], [ 110.905907, -6.980163 ], [ 110.906258, -6.977615 ], [ 110.906624, -6.975523 ], [ 110.908089, -6.974114 ], [ 110.909798, -6.972613 ], [ 110.911896, -6.972227 ], [ 110.912994, -6.969763 ], [ 110.913277, -6.967618 ], [ 110.913704, -6.965529 ], [ 110.91806, -6.966479 ], [ 110.919884, -6.967386 ], [ 110.920235, -6.969399 ], [ 110.923454, -6.96919 ], [ 110.924545, -6.970945 ], [ 110.926575, -6.971932 ], [ 110.929123, -6.97339 ], [ 110.932594, -6.975184 ], [ 110.935837, -6.975354 ], [ 110.938492, -6.976373 ], [ 110.94159, -6.976021 ], [ 110.943794, -6.975588 ], [ 110.945999, -6.975213 ], [ 110.94812, -6.974849 ], [ 110.950157, -6.974087 ], [ 110.952179, -6.973782 ], [ 110.95385, -6.972474 ], [ 110.956116, -6.971577 ], [ 110.958427, -6.971206 ], [ 110.961563, -6.970905 ], [ 110.963508, -6.970361 ], [ 110.965622, -6.970756 ], [ 110.967865, -6.970847 ], [ 110.969726, -6.969989 ], [ 110.971184, -6.968377 ], [ 110.973213, -6.967321 ], [ 110.97525, -6.96746 ], [ 110.978722, -6.966102 ], [ 110.980118, -6.969131 ], [ 110.982514, -6.970337 ], [ 110.984627, -6.970801 ], [ 110.987152, -6.970387 ], [ 110.989593, -6.970326 ], [ 110.991653, -6.970225 ], [ 110.993782, -6.970067 ], [ 110.995934, -6.970124 ], [ 110.997917, -6.969523 ], [ 111.00048, -6.96891 ], [ 111.003136, -6.969221 ], [ 111.005478, -6.969671 ], [ 111.008408, -6.969806 ], [ 111.010933, -6.969558 ], [ 111.01416, -6.968861 ], [ 111.01709, -6.968636 ], [ 111.019455, -6.96877 ], [ 111.021645, -6.968793 ], [ 111.025566, -6.969468 ], [ 111.027748, -6.971222 ], [ 111.030899, -6.972295 ], [ 111.033066, -6.972347 ], [ 111.035461, -6.971964 ], [ 111.038887, -6.971132 ], [ 111.041473, -6.970592 ], [ 111.044723, -6.969466 ], [ 111.048241, -6.967958 ], [ 111.050675, -6.967013 ], [ 111.052879, -6.967733 ], [ 111.056198, -6.968452 ], [ 111.058357, -6.968745 ], [ 111.060745, -6.968925 ], [ 111.062981, -6.969104 ], [ 111.066475, -6.969149 ], [ 111.06929, -6.969148 ], [ 111.070732, -6.967731 ], [ 111.072624, -6.964715 ], [ 111.075485, -6.961272 ], [ 111.078575, -6.960597 ], [ 111.082046, -6.959291 ], [ 111.084663, -6.957896 ], [ 111.087364, -6.95623 ], [ 111.090111, -6.954632 ], [ 111.092712, -6.950695 ], [ 111.096062, -6.950446 ], [ 111.098404, -6.948555 ], [ 111.098946, -6.945787 ], [ 111.097641, -6.944168 ], [ 111.097053, -6.94221 ], [ 111.096962, -6.938565 ], [ 111.096756, -6.93528 ], [ 111.096825, -6.933278 ], [ 111.097611, -6.93105 ], [ 111.098556, -6.928912 ], [ 111.100456, -6.928102 ], [ 111.102234, -6.926661 ], [ 111.10469, -6.926571 ], [ 111.107193, -6.926301 ], [ 111.109199, -6.925962 ], [ 111.113136, -6.924789 ], [ 111.112671, -6.928707 ], [ 111.112915, -6.931092 ], [ 111.112465, -6.933364 ], [ 111.112961, -6.93575 ], [ 111.113213, -6.937999 ], [ 111.113121, -6.940294 ], [ 111.111908, -6.942027 ], [ 111.111816, -6.944075 ], [ 111.110558, -6.945807 ], [ 111.110824, -6.948193 ], [ 111.109291, -6.949633 ], [ 111.109634, -6.951951 ], [ 111.109207, -6.9542 ], [ 111.108299, -6.956698 ], [ 111.108192, -6.958948 ], [ 111.106728, -6.960996 ], [ 111.106819, -6.963718 ], [ 111.108757, -6.967611 ], [ 111.109863, -6.969973 ], [ 111.110268, -6.973055 ], [ 111.110405, -6.976273 ], [ 111.111122, -6.978163 ], [ 111.11364, -6.978817 ], [ 111.115479, -6.977344 ], [ 111.117393, -6.976699 ], [ 111.120415, -6.976608 ], [ 111.122826, -6.976562 ], [ 111.125008, -6.976832 ], [ 111.127052, -6.977159 ], [ 111.129364, -6.977572 ], [ 111.131424, -6.977361 ], [ 111.133545, -6.977425 ], [ 111.135338, -6.978356 ], [ 111.13707, -6.979589 ], [ 111.140076, -6.98114 ], [ 111.142486, -6.981491 ], [ 111.144905, -6.981226 ], [ 111.146942, -6.980617 ], [ 111.148918, -6.981239 ], [ 111.151085, -6.981981 ], [ 111.153259, -6.983039 ], [ 111.155518, -6.983418 ], [ 111.15744, -6.982196 ], [ 111.15979, -6.981275 ], [ 111.161926, -6.981061 ], [ 111.16391, -6.981795 ], [ 111.166008, -6.982398 ], [ 111.168022, -6.982928 ], [ 111.169579, -6.984324 ], [ 111.171349, -6.985485 ], [ 111.172249, -6.987615 ], [ 111.173096, -6.989642 ], [ 111.174553, -6.991473 ], [ 111.17659, -6.992131 ], [ 111.178749, -6.992624 ], [ 111.180542, -6.994181 ], [ 111.182037, -6.995991 ], [ 111.185272, -6.996866 ], [ 111.187294, -6.997469 ], [ 111.188881, -6.998846 ], [ 111.189804, -7.002141 ], [ 111.191513, -7.003871 ], [ 111.193626, -7.005142 ], [ 111.195518, -7.006088 ], [ 111.19693, -7.00755 ], [ 111.198196, -7.009793 ], [ 111.198959, -7.011642 ], [ 111.199501, -7.013756 ], [ 111.200577, -7.016115 ], [ 111.201668, -7.017956 ], [ 111.203537, -7.018918 ], [ 111.205292, -7.0199 ], [ 111.206795, -7.021323 ], [ 111.208183, -7.019856 ], [ 111.210304, -7.01977 ], [ 111.212463, -7.020361 ], [ 111.213989, -7.022099 ], [ 111.214668, -7.024024 ], [ 111.215866, -7.02616 ], [ 111.216911, -7.028289 ], [ 111.217949, -7.030288 ], [ 111.217896, -7.032632 ], [ 111.217804, -7.034635 ], [ 111.217705, -7.036869 ], [ 111.217705, -7.038887 ], [ 111.217506, -7.041586 ], [ 111.217064, -7.043565 ], [ 111.217392, -7.045648 ], [ 111.218155, -7.047543 ], [ 111.21875, -7.049638 ], [ 111.218307, -7.051633 ], [ 111.218025, -7.053921 ], [ 111.216629, -7.055665 ], [ 111.215645, -7.057479 ], [ 111.21592, -7.059966 ], [ 111.21553, -7.06257 ], [ 111.215622, -7.06479 ], [ 111.21685, -7.066902 ], [ 111.217423, -7.069304 ], [ 111.217102, -7.071378 ], [ 111.214851, -7.073757 ], [ 111.213188, -7.074868 ], [ 111.213486, -7.07696 ], [ 111.21537, -7.078624 ], [ 111.216438, -7.080544 ], [ 111.217423, -7.082423 ], [ 111.21888, -7.083926 ], [ 111.220779, -7.084744 ], [ 111.221001, -7.086784 ], [ 111.221916, -7.088567 ], [ 111.221337, -7.090564 ], [ 111.218887, -7.092013 ], [ 111.214974, -7.092251 ], [ 111.215988, -7.09572 ], [ 111.218239, -7.101454 ], [ 111.219879, -7.10555 ], [ 111.223152, -7.113332 ], [ 111.225411, -7.120499 ], [ 111.226845, -7.1248 ], [ 111.23114, -7.131557 ], [ 111.236053, -7.137906 ], [ 111.238106, -7.141388 ], [ 111.239945, -7.147941 ], [ 111.240769, -7.151217 ], [ 111.240608, -7.154451 ], [ 111.240921, -7.156874 ], [ 111.241005, -7.158876 ], [ 111.241638, -7.161384 ], [ 111.241501, -7.163847 ], [ 111.241737, -7.166101 ], [ 111.24276, -7.168432 ], [ 111.244476, -7.169476 ], [ 111.246216, -7.170516 ], [ 111.246033, -7.174135 ], [ 111.245422, -7.176238 ], [ 111.245216, -7.178654 ], [ 111.246239, -7.180479 ], [ 111.246063, -7.183612 ], [ 111.245377, -7.185604 ], [ 111.245743, -7.188964 ], [ 111.245415, -7.194108 ], [ 111.24482, -7.196253 ], [ 111.243881, -7.199457 ], [ 111.243355, -7.202058 ], [ 111.24337, -7.204575 ], [ 111.244209, -7.207285 ], [ 111.242752, -7.209075 ], [ 111.2425, -7.211068 ], [ 111.242691, -7.21334 ], [ 111.241928, -7.215548 ], [ 111.241356, -7.217591 ], [ 111.241279, -7.219726 ], [ 111.240379, -7.221549 ], [ 111.239647, -7.223594 ], [ 111.239456, -7.225714 ], [ 111.240715, -7.228272 ], [ 111.242073, -7.231548 ], [ 111.242172, -7.234446 ], [ 111.242867, -7.236337 ], [ 111.243233, -7.238715 ], [ 111.241493, -7.239814 ], [ 111.239197, -7.239937 ], [ 111.237503, -7.241233 ], [ 111.2341, -7.244461 ], [ 111.232773, -7.246837 ], [ 111.230339, -7.248345 ], [ 111.228447, -7.249548 ], [ 111.226105, -7.251456 ], [ 111.224434, -7.253311 ], [ 111.220619, -7.251447 ], [ 111.21701, -7.249854 ], [ 111.215096, -7.249215 ], [ 111.212219, -7.248417 ], [ 111.207756, -7.246821 ], [ 111.204399, -7.2473 ], [ 111.202164, -7.247779 ], [ 111.199776, -7.249694 ], [ 111.199501, -7.252705 ], [ 111.199676, -7.254705 ], [ 111.197739, -7.255654 ], [ 111.195618, -7.256666 ], [ 111.19352, -7.256258 ], [ 111.19194, -7.25775 ], [ 111.190224, -7.258824 ], [ 111.188003, -7.259592 ], [ 111.18589, -7.260003 ], [ 111.183815, -7.259503 ], [ 111.18206, -7.261052 ], [ 111.180351, -7.262636 ], [ 111.178162, -7.263269 ], [ 111.176025, -7.264076 ], [ 111.174294, -7.2626 ], [ 111.171974, -7.263149 ], [ 111.169708, -7.263112 ], [ 111.167709, -7.262083 ], [ 111.166329, -7.26055 ], [ 111.164124, -7.260188 ], [ 111.162117, -7.259628 ], [ 111.160576, -7.258043 ], [ 111.158554, -7.258013 ], [ 111.156486, -7.258364 ], [ 111.154236, -7.258546 ], [ 111.15274, -7.260157 ], [ 111.150375, -7.260071 ], [ 111.149361, -7.26247 ], [ 111.148674, -7.264359 ], [ 111.146484, -7.264521 ], [ 111.145157, -7.262687 ], [ 111.142929, -7.261895 ], [ 111.140991, -7.261364 ], [ 111.138672, -7.261477 ], [ 111.136566, -7.261775 ], [ 111.134773, -7.26069 ], [ 111.132401, -7.258768 ] ] ] } },
{ "type": "Feature", "properties": { "STATISTIK": "3320", "KABUPATEN": "JEPARA", "PROPINSI": "JAWA TENGAH", "LUAS_KM2": "93.7154", "DATA": "BAKOSURTANAL, BPS" }, "geometry": { "type": "Polygon", "coordinates": [ [ [ 110.876701, -6.620505 ], [ 110.871811, -6.625875 ], [ 110.867828, -6.632378 ], [ 110.866356, -6.637203 ], [ 110.865936, -6.644755 ], [ 110.865936, -6.64937 ], [ 110.866569, -6.651678 ], [ 110.867615, -6.656503 ], [ 110.866989, -6.660069 ], [ 110.864471, -6.662796 ], [ 110.86132, -6.664894 ], [ 110.858177, -6.665943 ], [ 110.856705, -6.667621 ], [ 110.855057, -6.670767 ], [ 110.852959, -6.676798 ], [ 110.850601, -6.685977 ], [ 110.849289, -6.692794 ], [ 110.850334, -6.697252 ], [ 110.850601, -6.700661 ], [ 110.849022, -6.703807 ], [ 110.846405, -6.705905 ], [ 110.84378, -6.706954 ], [ 110.839584, -6.707741 ], [ 110.835655, -6.707741 ], [ 110.833031, -6.707741 ], [ 110.831978, -6.709839 ], [ 110.832245, -6.712199 ], [ 110.834343, -6.714034 ], [ 110.836441, -6.716394 ], [ 110.838013, -6.719279 ], [ 110.838013, -6.722163 ], [ 110.838013, -6.72531 ], [ 110.83696, -6.731079 ], [ 110.83696, -6.736061 ], [ 110.839584, -6.738683 ], [ 110.845093, -6.739732 ], [ 110.848762, -6.740256 ], [ 110.850861, -6.741305 ], [ 110.850494, -6.744665 ], [ 110.848045, -6.748222 ], [ 110.847077, -6.750345 ], [ 110.843712, -6.755564 ], [ 110.840797, -6.758129 ], [ 110.838669, -6.758394 ], [ 110.835755, -6.75689 ], [ 110.833717, -6.755475 ], [ 110.830094, -6.753264 ], [ 110.827614, -6.752556 ], [ 110.824875, -6.752998 ], [ 110.822395, -6.754502 ], [ 110.820625, -6.75636 ], [ 110.818504, -6.758306 ], [ 110.814171, -6.759101 ], [ 110.812141, -6.758394 ], [ 110.810013, -6.756979 ], [ 110.808243, -6.755564 ], [ 110.806297, -6.754944 ], [ 110.803825, -6.755387 ], [ 110.801964, -6.756625 ], [ 110.800209, -6.757896 ], [ 110.797157, -6.757071 ], [ 110.79573, -6.755305 ], [ 110.793831, -6.7544 ], [ 110.79203, -6.753396 ], [ 110.79026, -6.755055 ], [ 110.789414, -6.756923 ], [ 110.787232, -6.756911 ], [ 110.786865, -6.75901 ], [ 110.784744, -6.75978 ], [ 110.783363, -6.761422 ], [ 110.781242, -6.760747 ], [ 110.779373, -6.761819 ], [ 110.777268, -6.763025 ], [ 110.775444, -6.763864 ], [ 110.774155, -6.765888 ], [ 110.772125, -6.767099 ], [ 110.769821, -6.768393 ], [ 110.768021, -6.7695 ], [ 110.766914, -6.771427 ], [ 110.766136, -6.773386 ], [ 110.765282, -6.775704 ], [ 110.765533, -6.77817 ], [ 110.764961, -6.78051 ], [ 110.764359, -6.782921 ], [ 110.762115, -6.783991 ], [ 110.761391, -6.786003 ], [ 110.76062, -6.788017 ], [ 110.759705, -6.790248 ], [ 110.758926, -6.792242 ], [ 110.756691, -6.792181 ], [ 110.753571, -6.792649 ], [ 110.751488, -6.793206 ], [ 110.749031, -6.793383 ], [ 110.745933, -6.7934 ], [ 110.742653, -6.79389 ], [ 110.739357, -6.795863 ], [ 110.736885, -6.797297 ], [ 110.734795, -6.798861 ], [ 110.732323, -6.799382 ], [ 110.728409, -6.799382 ], [ 110.725411, -6.7986 ], [ 110.721367, -6.797687 ], [ 110.716545, -6.796645 ], [ 110.712372, -6.796384 ], [ 110.708069, -6.797297 ], [ 110.703636, -6.798209 ], [ 110.701164, -6.797948 ], [ 110.69947, -6.796775 ], [ 110.698166, -6.793646 ], [ 110.696342, -6.790126 ], [ 110.693993, -6.784781 ], [ 110.691643, -6.779567 ], [ 110.68956, -6.777221 ], [ 110.682915, -6.774092 ], [ 110.675873, -6.771354 ], [ 110.674057, -6.769145 ], [ 110.675331, -6.767005 ], [ 110.674309, -6.764626 ], [ 110.671463, -6.76426 ], [ 110.669945, -6.762712 ], [ 110.670448, -6.760235 ], [ 110.670433, -6.757575 ], [ 110.670982, -6.754831 ], [ 110.669266, -6.752607 ], [ 110.670059, -6.749183 ], [ 110.669891, -6.746971 ], [ 110.668587, -6.745129 ], [ 110.666161, -6.741413 ], [ 110.666885, -6.739075 ], [ 110.66507, -6.736526 ], [ 110.663978, -6.733796 ], [ 110.66288, -6.730883 ], [ 110.660515, -6.728698 ], [ 110.657425, -6.726878 ], [ 110.653595, -6.725421 ], [ 110.645592, -6.724147 ], [ 110.636665, -6.722327 ], [ 110.628113, -6.720506 ], [ 110.621742, -6.719232 ], [ 110.617005, -6.716683 ], [ 110.613731, -6.715045 ], [ 110.610634, -6.713589 ], [ 110.608269, -6.713589 ], [ 110.604439, -6.712033 ], [ 110.606628, -6.709972 ], [ 110.608498, -6.708001 ], [ 110.610533, -6.706289 ], [ 110.611992, -6.705814 ], [ 110.614697, -6.706765 ], [ 110.615299, -6.704539 ], [ 110.614778, -6.704126 ], [ 110.614651, -6.70307 ], [ 110.614761, -6.702449 ], [ 110.615959, -6.700327 ], [ 110.616974, -6.698389 ], [ 110.618301, -6.696598 ], [ 110.620399, -6.693659 ], [ 110.622353, -6.691199 ], [ 110.625343, -6.687706 ], [ 110.626663, -6.686111 ], [ 110.628059, -6.684572 ], [ 110.62944, -6.68237 ], [ 110.631493, -6.679213 ], [ 110.632162, -6.678413 ], [ 110.633133, -6.677636 ], [ 110.633553, -6.67671 ], [ 110.634429, -6.674894 ], [ 110.635124, -6.67374 ], [ 110.636421, -6.671545 ], [ 110.63743, -6.669431 ], [ 110.638435, -6.668044 ], [ 110.639534, -6.666129 ], [ 110.640526, -6.66419 ], [ 110.641571, -6.661332 ], [ 110.642334, -6.659322 ], [ 110.643852, -6.655641 ], [ 110.645012, -6.653144 ], [ 110.645959, -6.65002 ], [ 110.646141, -6.648599 ], [ 110.64608, -6.646432 ], [ 110.645635, -6.644839 ], [ 110.645294, -6.644457 ], [ 110.644663, -6.64445 ], [ 110.644382, -6.643673 ], [ 110.644264, -6.642737 ], [ 110.643905, -6.640914 ], [ 110.642258, -6.639898 ], [ 110.641717, -6.639457 ], [ 110.641489, -6.639095 ], [ 110.640564, -6.638515 ], [ 110.640237, -6.637584 ], [ 110.640267, -6.637008 ], [ 110.640144, -6.636383 ], [ 110.639848, -6.63523 ], [ 110.639732, -6.634395 ], [ 110.639481, -6.633158 ], [ 110.638794, -6.632077 ], [ 110.637302, -6.630801 ], [ 110.637314, -6.629856 ], [ 110.637512, -6.627707 ], [ 110.638275, -6.625 ], [ 110.638283, -6.622752 ], [ 110.638034, -6.621455 ], [ 110.638099, -6.621218 ], [ 110.638107, -6.620639 ], [ 110.637862, -6.619015 ], [ 110.637978, -6.618511 ], [ 110.638229, -6.61813 ], [ 110.639352, -6.617374 ], [ 110.639801, -6.617449 ], [ 110.640514, -6.618011 ], [ 110.641165, -6.618087 ], [ 110.64183, -6.618138 ], [ 110.642807, -6.618251 ], [ 110.643411, -6.61854 ], [ 110.644231, -6.618583 ], [ 110.645149, -6.618521 ], [ 110.646002, -6.618152 ], [ 110.647003, -6.617342 ], [ 110.648377, -6.61528 ], [ 110.649483, -6.613969 ], [ 110.650787, -6.612426 ], [ 110.652588, -6.610059 ], [ 110.653488, -6.608188 ], [ 110.65419, -6.605668 ], [ 110.654762, -6.601055 ], [ 110.654617, -6.600555 ], [ 110.654703, -6.599561 ], [ 110.655113, -6.598331 ], [ 110.65564, -6.597095 ], [ 110.655586, -6.594688 ], [ 110.655156, -6.59343 ], [ 110.654648, -6.592761 ], [ 110.654487, -6.592436 ], [ 110.653423, -6.591778 ], [ 110.652039, -6.591424 ], [ 110.651421, -6.5914 ], [ 110.650342, -6.591637 ], [ 110.649666, -6.591357 ], [ 110.649199, -6.59154 ], [ 110.647664, -6.590839 ], [ 110.646965, -6.59025 ], [ 110.64534, -6.589043 ], [ 110.64444, -6.588209 ], [ 110.644145, -6.587945 ], [ 110.643951, -6.587729 ], [ 110.643738, -6.587179 ], [ 110.643627, -6.586563 ], [ 110.643667, -6.586127 ], [ 110.643605, -6.585873 ], [ 110.643837, -6.584829 ], [ 110.643951, -6.584081 ], [ 110.644202, -6.583747 ], [ 110.644361, -6.583562 ], [ 110.644749, -6.58326 ], [ 110.645096, -6.583237 ], [ 110.645289, -6.583325 ], [ 110.646304, -6.584642 ], [ 110.64698, -6.585088 ], [ 110.649811, -6.585211 ], [ 110.652168, -6.584219 ], [ 110.65477, -6.582856 ], [ 110.657867, -6.580254 ], [ 110.659477, -6.578643 ], [ 110.660713, -6.575669 ], [ 110.661094, -6.573738 ], [ 110.661063, -6.573571 ], [ 110.661288, -6.573306 ], [ 110.661008, -6.573134 ], [ 110.660728, -6.571738 ], [ 110.660554, -6.570413 ], [ 110.660164, -6.569611 ], [ 110.659604, -6.568664 ], [ 110.659151, -6.568297 ], [ 110.65893, -6.568138 ], [ 110.658136, -6.567887 ], [ 110.65741, -6.567569 ], [ 110.657056, -6.567455 ], [ 110.656813, -6.567091 ], [ 110.65643, -6.566786 ], [ 110.655914, -6.565992 ], [ 110.655545, -6.565102 ], [ 110.655459, -6.564087 ], [ 110.655264, -6.563655 ], [ 110.655027, -6.563439 ], [ 110.652847, -6.563446 ], [ 110.650635, -6.562076 ], [ 110.648575, -6.560992 ], [ 110.648074, -6.560827 ], [ 110.647712, -6.560547 ], [ 110.647319, -6.5602 ], [ 110.646438, -6.559039 ], [ 110.645158, -6.557783 ], [ 110.644555, -6.557329 ], [ 110.644379, -6.557019 ], [ 110.644728, -6.555407 ], [ 110.644989, -6.555048 ], [ 110.645915, -6.553982 ], [ 110.646881, -6.553385 ], [ 110.647448, -6.553334 ], [ 110.647819, -6.553674 ], [ 110.648204, -6.554025 ], [ 110.649353, -6.554148 ], [ 110.651444, -6.554749 ], [ 110.652479, -6.554414 ], [ 110.653381, -6.55384 ], [ 110.653753, -6.553442 ], [ 110.654055, -6.552643 ], [ 110.654083, -6.551191 ], [ 110.654099, -6.550549 ], [ 110.655014, -6.548716 ], [ 110.655437, -6.547829 ], [ 110.655586, -6.546736 ], [ 110.655221, -6.544979 ], [ 110.655327, -6.54434 ], [ 110.655653, -6.544029 ], [ 110.65643, -6.543748 ], [ 110.65697, -6.544115 ], [ 110.657056, -6.544525 ], [ 110.657208, -6.544957 ], [ 110.657898, -6.545346 ], [ 110.658676, -6.545561 ], [ 110.659885, -6.545605 ], [ 110.660792, -6.545475 ], [ 110.661751, -6.545021 ], [ 110.662649, -6.544482 ], [ 110.66359, -6.543629 ], [ 110.665887, -6.541006 ], [ 110.665863, -6.540113 ], [ 110.665887, -6.538674 ], [ 110.665741, -6.537484 ], [ 110.665477, -6.535457 ], [ 110.665122, -6.534763 ], [ 110.665047, -6.53443 ], [ 110.66457, -6.53347 ], [ 110.664613, -6.533082 ], [ 110.665131, -6.532499 ], [ 110.665512, -6.532379 ], [ 110.665823, -6.532283 ], [ 110.66651, -6.53241 ], [ 110.66748, -6.532762 ], [ 110.668241, -6.533039 ], [ 110.668711, -6.533422 ], [ 110.669014, -6.534489 ], [ 110.669782, -6.535742 ], [ 110.670685, -6.536146 ], [ 110.671955, -6.53632 ], [ 110.672966, -6.53624 ], [ 110.675431, -6.535262 ], [ 110.676186, -6.534719 ], [ 110.677741, -6.533319 ], [ 110.678871, -6.532035 ], [ 110.680229, -6.529923 ], [ 110.68187, -6.525926 ], [ 110.682465, -6.523626 ], [ 110.683189, -6.520801 ], [ 110.683586, -6.518798 ], [ 110.683495, -6.516799 ], [ 110.683679, -6.51596 ], [ 110.683527, -6.51542 ], [ 110.683296, -6.514756 ], [ 110.682923, -6.513909 ], [ 110.682275, -6.513606 ], [ 110.68161, -6.513589 ], [ 110.681109, -6.513455 ], [ 110.680013, -6.512542 ], [ 110.678543, -6.512122 ], [ 110.678043, -6.512289 ], [ 110.677201, -6.512807 ], [ 110.676622, -6.512899 ], [ 110.675798, -6.512721 ], [ 110.674553, -6.512273 ], [ 110.674308, -6.512721 ], [ 110.674113, -6.512829 ], [ 110.673293, -6.512721 ], [ 110.672429, -6.51244 ], [ 110.671082, -6.511862 ], [ 110.669687, -6.511296 ], [ 110.668586, -6.511426 ], [ 110.668266, -6.51113 ], [ 110.66688, -6.509849 ], [ 110.666168, -6.509439 ], [ 110.666034, -6.509151 ], [ 110.665832, -6.508494 ], [ 110.665326, -6.507064 ], [ 110.665138, -6.505554 ], [ 110.665023, -6.503912 ], [ 110.664459, -6.503623 ], [ 110.66416, -6.503286 ], [ 110.664249, -6.502429 ], [ 110.664484, -6.502292 ], [ 110.665283, -6.502314 ], [ 110.666016, -6.50209 ], [ 110.667593, -6.501127 ], [ 110.667877, -6.501057 ], [ 110.668219, -6.501213 ], [ 110.6685, -6.501666 ], [ 110.668672, -6.501753 ], [ 110.668802, -6.502444 ], [ 110.668949, -6.502548 ], [ 110.669922, -6.502918 ], [ 110.671566, -6.503321 ], [ 110.672379, -6.503067 ], [ 110.672797, -6.502854 ], [ 110.673228, -6.502098 ], [ 110.673315, -6.501645 ], [ 110.673103, -6.5 ], [ 110.672818, -6.499572 ], [ 110.672084, -6.498903 ], [ 110.671983, -6.498562 ], [ 110.672386, -6.498233 ], [ 110.672704, -6.498106 ], [ 110.673293, -6.497909 ], [ 110.674042, -6.497258 ], [ 110.674897, -6.49654 ], [ 110.67582, -6.496245 ], [ 110.679451, -6.496144 ], [ 110.680526, -6.496009 ], [ 110.681534, -6.496158 ], [ 110.68255, -6.496324 ], [ 110.683139, -6.496614 ], [ 110.683527, -6.496484 ], [ 110.683922, -6.496696 ], [ 110.685017, -6.497305 ], [ 110.685943, -6.498607 ], [ 110.68627, -6.498983 ], [ 110.686486, -6.499032 ], [ 110.686744, -6.499529 ], [ 110.687328, -6.499723 ], [ 110.687889, -6.499745 ], [ 110.689026, -6.499463 ], [ 110.690661, -6.498384 ], [ 110.691467, -6.497028 ], [ 110.691559, -6.494865 ], [ 110.691527, -6.494406 ], [ 110.690376, -6.493056 ], [ 110.690364, -6.492138 ], [ 110.689651, -6.491189 ], [ 110.689659, -6.488753 ], [ 110.690221, -6.487805 ], [ 110.690602, -6.487557 ], [ 110.691803, -6.486371 ], [ 110.692185, -6.486207 ], [ 110.69313, -6.486116 ], [ 110.694366, -6.485878 ], [ 110.694841, -6.485689 ], [ 110.695252, -6.4853 ], [ 110.695489, -6.484825 ], [ 110.69558, -6.484133 ], [ 110.695955, -6.483155 ], [ 110.696999, -6.481929 ], [ 110.698265, -6.480354 ], [ 110.698944, -6.479751 ], [ 110.699245, -6.479771 ], [ 110.700127, -6.479368 ], [ 110.700153, -6.478628 ], [ 110.700298, -6.478397 ], [ 110.701035, -6.477388 ], [ 110.702207, -6.475893 ], [ 110.702658, -6.475044 ], [ 110.703213, -6.47453 ], [ 110.703543, -6.47431 ], [ 110.704039, -6.474288 ], [ 110.704903, -6.474418 ], [ 110.706566, -6.475861 ], [ 110.707645, -6.475605 ], [ 110.708443, -6.475048 ], [ 110.709923, -6.473673 ], [ 110.711433, -6.471929 ], [ 110.713059, -6.469652 ], [ 110.713647, -6.468545 ], [ 110.713712, -6.467919 ], [ 110.713722, -6.467308 ], [ 110.713539, -6.466472 ], [ 110.713069, -6.466122 ], [ 110.712697, -6.46576 ], [ 110.712624, -6.465312 ], [ 110.713036, -6.463187 ], [ 110.713059, -6.461041 ], [ 110.713088, -6.458707 ], [ 110.713388, -6.457814 ], [ 110.713852, -6.45728 ], [ 110.715736, -6.455107 ], [ 110.716538, -6.454364 ], [ 110.716896, -6.453459 ], [ 110.71749, -6.45252 ], [ 110.718658, -6.451589 ], [ 110.720429, -6.450112 ], [ 110.722046, -6.448752 ], [ 110.722843, -6.447939 ], [ 110.72403, -6.447247 ], [ 110.726601, -6.446148 ], [ 110.729034, -6.445439 ], [ 110.729982, -6.445144 ], [ 110.730424, -6.444557 ], [ 110.73082, -6.444206 ], [ 110.731707, -6.444073 ], [ 110.732778, -6.444251 ], [ 110.733421, -6.444043 ], [ 110.73486, -6.443181 ], [ 110.735581, -6.44336 ], [ 110.736644, -6.443478 ], [ 110.737732, -6.443236 ], [ 110.739143, -6.442229 ], [ 110.739754, -6.442163 ], [ 110.740032, -6.441988 ], [ 110.741829, -6.441731 ], [ 110.742652, -6.441991 ], [ 110.743469, -6.44291 ], [ 110.743897, -6.443262 ], [ 110.744653, -6.443348 ], [ 110.745804, -6.443449 ], [ 110.74621, -6.443508 ], [ 110.746553, -6.443046 ], [ 110.747114, -6.442824 ], [ 110.747871, -6.442762 ], [ 110.748668, -6.442636 ], [ 110.749554, -6.441923 ], [ 110.749702, -6.441891 ], [ 110.751087, -6.442182 ], [ 110.752174, -6.442228 ], [ 110.754845, -6.44222 ], [ 110.756882, -6.441873 ], [ 110.758804, -6.441303 ], [ 110.760344, -6.440367 ], [ 110.762108, -6.439509 ], [ 110.762676, -6.438939 ], [ 110.764443, -6.438193 ], [ 110.765864, -6.437654 ], [ 110.767662, -6.436407 ], [ 110.769287, -6.435176 ], [ 110.771759, -6.433222 ], [ 110.773145, -6.433276 ], [ 110.774094, -6.433028 ], [ 110.774478, -6.432515 ], [ 110.776009, -6.431957 ], [ 110.778475, -6.430516 ], [ 110.779404, -6.429683 ], [ 110.781448, -6.427857 ], [ 110.78198, -6.427683 ], [ 110.782907, -6.42753 ], [ 110.78344, -6.427235 ], [ 110.784234, -6.426661 ], [ 110.784597, -6.426006 ], [ 110.784935, -6.425664 ], [ 110.785334, -6.425472 ], [ 110.786042, -6.425376 ], [ 110.787079, -6.425593 ], [ 110.787888, -6.425879 ], [ 110.788536, -6.425777 ], [ 110.789284, -6.425865 ], [ 110.790474, -6.426139 ], [ 110.791321, -6.426491 ], [ 110.792439, -6.426854 ], [ 110.793327, -6.426959 ], [ 110.794007, -6.427036 ], [ 110.794268, -6.427001 ], [ 110.794662, -6.426715 ], [ 110.795456, -6.42668 ], [ 110.795887, -6.426461 ], [ 110.795994, -6.426104 ], [ 110.796529, -6.426175 ], [ 110.796779, -6.426282 ], [ 110.797196, -6.426675 ], [ 110.797615, -6.426901 ], [ 110.798292, -6.427065 ], [ 110.799229, -6.427287 ], [ 110.800079, -6.427385 ], [ 110.800855, -6.427336 ], [ 110.80104, -6.427176 ], [ 110.801269, -6.426891 ], [ 110.801665, -6.426765 ], [ 110.802036, -6.42678 ], [ 110.803284, -6.427042 ], [ 110.8043, -6.427236 ], [ 110.805519, -6.427099 ], [ 110.806165, -6.426875 ], [ 110.806698, -6.426342 ], [ 110.806965, -6.426107 ], [ 110.80731, -6.425794 ], [ 110.807592, -6.425606 ], [ 110.807838, -6.425521 ], [ 110.808219, -6.425574 ], [ 110.808799, -6.426248 ], [ 110.809144, -6.426436 ], [ 110.809685, -6.426609 ], [ 110.810838, -6.426719 ], [ 110.81176, -6.426618 ], [ 110.812401, -6.426378 ], [ 110.813066, -6.425991 ], [ 110.813896, -6.425692 ], [ 110.815556, -6.425249 ], [ 110.815866, -6.425172 ], [ 110.816252, -6.424831 ], [ 110.816849, -6.424453 ], [ 110.818434, -6.423625 ], [ 110.818962, -6.423246 ], [ 110.819547, -6.42265 ], [ 110.82061, -6.421905 ], [ 110.821342, -6.421134 ], [ 110.82238, -6.420329 ], [ 110.823631, -6.41934 ], [ 110.824913, -6.418157 ], [ 110.826691, -6.416784 ], [ 110.82869, -6.414854 ], [ 110.829361, -6.414313 ], [ 110.831368, -6.412634 ], [ 110.832217, -6.411883 ], [ 110.833038, -6.411005 ], [ 110.833624, -6.410414 ], [ 110.833841, -6.410074 ], [ 110.833949, -6.409548 ], [ 110.834088, -6.409377 ], [ 110.83429, -6.409238 ], [ 110.834645, -6.40896 ], [ 110.834939, -6.408805 ], [ 110.835411, -6.408608 ], [ 110.835604, -6.408527 ], [ 110.835914, -6.408248 ], [ 110.835898, -6.408094 ], [ 110.835945, -6.407908 ], [ 110.836099, -6.407599 ], [ 110.836254, -6.407506 ], [ 110.83783, -6.407179 ], [ 110.838605, -6.407134 ], [ 110.83924, -6.407212 ], [ 110.839657, -6.407227 ], [ 110.840408, -6.407449 ], [ 110.841421, -6.407769 ], [ 110.842949, -6.408081 ], [ 110.84388, -6.408202 ], [ 110.844986, -6.408192 ], [ 110.845567, -6.408094 ], [ 110.846139, -6.407892 ], [ 110.84687, -6.407384 ], [ 110.847207, -6.407196 ], [ 110.847485, -6.407196 ], [ 110.847933, -6.407212 ], [ 110.848258, -6.407227 ], [ 110.848985, -6.407305 ], [ 110.849511, -6.407382 ], [ 110.850998, -6.407485 ], [ 110.85264, -6.407489 ], [ 110.854492, -6.407277 ], [ 110.855299, -6.407248 ], [ 110.857071, -6.406552 ], [ 110.857625, -6.40625 ], [ 110.857987, -6.40619 ], [ 110.85936, -6.40643 ], [ 110.861009, -6.406613 ], [ 110.862312, -6.406473 ], [ 110.862701, -6.406402 ], [ 110.863184, -6.406945 ], [ 110.864593, -6.407648 ], [ 110.865722, -6.408184 ], [ 110.867248, -6.408277 ], [ 110.869766, -6.408614 ], [ 110.871986, -6.40877 ], [ 110.873496, -6.408182 ], [ 110.876549, -6.408536 ], [ 110.879677, -6.408827 ], [ 110.883995, -6.409048 ], [ 110.886047, -6.408967 ], [ 110.888382, -6.408434 ], [ 110.890823, -6.407643 ], [ 110.891314, -6.407449 ], [ 110.893173, -6.407061 ], [ 110.893987, -6.406739 ], [ 110.895279, -6.406582 ], [ 110.895761, -6.406572 ], [ 110.897244, -6.406301 ], [ 110.898705, -6.405988 ], [ 110.899018, -6.4058 ], [ 110.899916, -6.405257 ], [ 110.90073, -6.404965 ], [ 110.901041, -6.404741 ], [ 110.901153, -6.404531 ], [ 110.900971, -6.404524 ], [ 110.90062, -6.404587 ], [ 110.899638, -6.405057 ], [ 110.899231, -6.405187 ], [ 110.898873, -6.405246 ], [ 110.898459, -6.405323 ], [ 110.898242, -6.405387 ], [ 110.898059, -6.405316 ], [ 110.897982, -6.405274 ], [ 110.898122, -6.405162 ], [ 110.898361, -6.405057 ], [ 110.898824, -6.404882 ], [ 110.900458, -6.404412 ], [ 110.900788, -6.40432 ], [ 110.901202, -6.404201 ], [ 110.901634, -6.404196 ], [ 110.905029, -6.404763 ], [ 110.908577, -6.404914 ], [ 110.911362, -6.405184 ], [ 110.91348, -6.405175 ], [ 110.914115, -6.405191 ], [ 110.914734, -6.405048 ], [ 110.915274, -6.404604 ], [ 110.915733, -6.40439 ], [ 110.916705, -6.40442 ], [ 110.917005, -6.404254 ], [ 110.917275, -6.403968 ], [ 110.917403, -6.403603 ], [ 110.917488, -6.402845 ], [ 110.917641, -6.402666 ], [ 110.9178, -6.402618 ], [ 110.918276, -6.402777 ], [ 110.918736, -6.403143 ], [ 110.918911, -6.403285 ], [ 110.91907, -6.403508 ], [ 110.919181, -6.403937 ], [ 110.919054, -6.404651 ], [ 110.919213, -6.405032 ], [ 110.919578, -6.405194 ], [ 110.920309, -6.405255 ], [ 110.920865, -6.405334 ], [ 110.923248, -6.406321 ], [ 110.925232, -6.406961 ], [ 110.92652, -6.40715 ], [ 110.926954, -6.407171 ], [ 110.927536, -6.407124 ], [ 110.928143, -6.407181 ], [ 110.928949, -6.407223 ], [ 110.930908, -6.407499 ], [ 110.931637, -6.407688 ], [ 110.932991, -6.408185 ], [ 110.93403, -6.408478 ], [ 110.935081, -6.408502 ], [ 110.936839, -6.408991 ], [ 110.937874, -6.409108 ], [ 110.940109, -6.40957 ], [ 110.940935, -6.409693 ], [ 110.941471, -6.409871 ], [ 110.941687, -6.409884 ], [ 110.941879, -6.409718 ], [ 110.942007, -6.409693 ], [ 110.942223, -6.409731 ], [ 110.942479, -6.409693 ], [ 110.942772, -6.409807 ], [ 110.944008, -6.410148 ], [ 110.944955, -6.410408 ], [ 110.945671, -6.410418 ], [ 110.94592, -6.410467 ], [ 110.946049, -6.410477 ], [ 110.946466, -6.410656 ], [ 110.94693, -6.410743 ], [ 110.947689, -6.410825 ], [ 110.94902, -6.41107 ], [ 110.950712, -6.411254 ], [ 110.951178, -6.411273 ], [ 110.951713, -6.411001 ], [ 110.95501, -6.4117 ], [ 110.956731, -6.411875 ], [ 110.95771, -6.412026 ], [ 110.958692, -6.412186 ], [ 110.959702, -6.412147 ], [ 110.961998, -6.411566 ], [ 110.962324, -6.411448 ], [ 110.96312, -6.411584 ], [ 110.964203, -6.411721 ], [ 110.965683, -6.411836 ], [ 110.966557, -6.411875 ], [ 110.967703, -6.411894 ], [ 110.96846, -6.411778 ], [ 110.968887, -6.411331 ], [ 110.969338, -6.411387 ], [ 110.96978, -6.411545 ], [ 110.971664, -6.41166 ], [ 110.973082, -6.4117 ], [ 110.974091, -6.411561 ], [ 110.975258, -6.414904 ], [ 110.974899, -6.418155 ], [ 110.975418, -6.420332 ], [ 110.975876, -6.422318 ], [ 110.975777, -6.424494 ], [ 110.974754, -6.426361 ], [ 110.973656, -6.428248 ], [ 110.972656, -6.432503 ], [ 110.973465, -6.434505 ], [ 110.975487, -6.43489 ], [ 110.976837, -6.436508 ], [ 110.975738, -6.438183 ], [ 110.973847, -6.439145 ], [ 110.9739, -6.441405 ], [ 110.972466, -6.442993 ], [ 110.971954, -6.444928 ], [ 110.972565, -6.449466 ], [ 110.97155, -6.451262 ], [ 110.971321, -6.453355 ], [ 110.973419, -6.454476 ], [ 110.973457, -6.456663 ], [ 110.971306, -6.45744 ], [ 110.969765, -6.458796 ], [ 110.968811, -6.460783 ], [ 110.969261, -6.462754 ], [ 110.967796, -6.464181 ], [ 110.965897, -6.463422 ], [ 110.964707, -6.465043 ], [ 110.962776, -6.465779 ], [ 110.961166, -6.467138 ], [ 110.958984, -6.466969 ], [ 110.957001, -6.467248 ], [ 110.957451, -6.470735 ], [ 110.953789, -6.473268 ], [ 110.954956, -6.475091 ], [ 110.95359, -6.477301 ], [ 110.951523, -6.477943 ], [ 110.950012, -6.4797 ], [ 110.949997, -6.48194 ], [ 110.948052, -6.482512 ], [ 110.946281, -6.483806 ], [ 110.9449, -6.485366 ], [ 110.943237, -6.48668 ], [ 110.941193, -6.485618 ], [ 110.939323, -6.484813 ], [ 110.937676, -6.483372 ], [ 110.936424, -6.485106 ], [ 110.93531, -6.487014 ], [ 110.934723, -6.489086 ], [ 110.933784, -6.491199 ], [ 110.932495, -6.492854 ], [ 110.931023, -6.494439 ], [ 110.92942, -6.495834 ], [ 110.926765, -6.496195 ], [ 110.924194, -6.496408 ], [ 110.921585, -6.496663 ], [ 110.919403, -6.496785 ], [ 110.917015, -6.496452 ], [ 110.914795, -6.49591 ], [ 110.914039, -6.49786 ], [ 110.913002, -6.499592 ], [ 110.912537, -6.504959 ], [ 110.912292, -6.50713 ], [ 110.910896, -6.510169 ], [ 110.909881, -6.512122 ], [ 110.91024, -6.515555 ], [ 110.910973, -6.517825 ], [ 110.90992, -6.519719 ], [ 110.909195, -6.521633 ], [ 110.909744, -6.523606 ], [ 110.908775, -6.525363 ], [ 110.910973, -6.526685 ], [ 110.912407, -6.528205 ], [ 110.914032, -6.530179 ], [ 110.91478, -6.532566 ], [ 110.916359, -6.534125 ], [ 110.917389, -6.535882 ], [ 110.917206, -6.538072 ], [ 110.916931, -6.54044 ], [ 110.914696, -6.541229 ], [ 110.913139, -6.543262 ], [ 110.911735, -6.544702 ], [ 110.911949, -6.546714 ], [ 110.910843, -6.548589 ], [ 110.911179, -6.55072 ], [ 110.910057, -6.552456 ], [ 110.909836, -6.554548 ], [ 110.908851, -6.556344 ], [ 110.908966, -6.558534 ], [ 110.908615, -6.560764 ], [ 110.909599, -6.562678 ], [ 110.909912, -6.564948 ], [ 110.910545, -6.567789 ], [ 110.910385, -6.570039 ], [ 110.909515, -6.571854 ], [ 110.910805, -6.573926 ], [ 110.911789, -6.575959 ], [ 110.912064, -6.57882 ], [ 110.911194, -6.58178 ], [ 110.910622, -6.58401 ], [ 110.910172, -6.586733 ], [ 110.910027, -6.590008 ], [ 110.91011, -6.592317 ], [ 110.91098, -6.594626 ], [ 110.911804, -6.597645 ], [ 110.912003, -6.600665 ], [ 110.91082, -6.602914 ], [ 110.908562, -6.606531 ], [ 110.908096, -6.608576 ], [ 110.908196, -6.611412 ], [ 110.907562, -6.614265 ], [ 110.906593, -6.616509 ], [ 110.904289, -6.618036 ], [ 110.90258, -6.621817 ], [ 110.902184, -6.624066 ], [ 110.899811, -6.623868 ], [ 110.897514, -6.624509 ], [ 110.893738, -6.624392 ], [ 110.891304, -6.622121 ], [ 110.890633, -6.620094 ], [ 110.888977, -6.618323 ], [ 110.886856, -6.617834 ], [ 110.884529, -6.618533 ], [ 110.881874, -6.619158 ], [ 110.878342, -6.618785 ], [ 110.876701, -6.620505 ] ] ] } },
{ "type": "Feature", "properties": { "STATISTIK": "3313", "KABUPATEN": "KARANGANYAR", "PROPINSI": "JAWA TENGAH", "LUAS_KM2": "42.0598", "DATA": "BAKOSURTANAL, BPS" }, "geometry": { "type": "Polygon", "coordinates": [ [ [ 111.194328, -7.627142 ], [ 111.194214, -7.629343 ], [ 111.193283, -7.631326 ], [ 111.191933, -7.632867 ], [ 111.190636, -7.634617 ], [ 111.189827, -7.636505 ], [ 111.189598, -7.638568 ], [ 111.189255, -7.640548 ], [ 111.18866, -7.64253 ], [ 111.189171, -7.644846 ], [ 111.189293, -7.647109 ], [ 111.189529, -7.649272 ], [ 111.189041, -7.651253 ], [ 111.188011, -7.653021 ], [ 111.187843, -7.655148 ], [ 111.187561, -7.657164 ], [ 111.187561, -7.659371 ], [ 111.18824, -7.661266 ], [ 111.188492, -7.663457 ], [ 111.188339, -7.665801 ], [ 111.18856, -7.667864 ], [ 111.189888, -7.669614 ], [ 111.19104, -7.671528 ], [ 111.192207, -7.673208 ], [ 111.191162, -7.675221 ], [ 111.190452, -7.677135 ], [ 111.190292, -7.679206 ], [ 111.189659, -7.681453 ], [ 111.189552, -7.684802 ], [ 111.188484, -7.687041 ], [ 111.186996, -7.688705 ], [ 111.182999, -7.690102 ], [ 111.18216, -7.692728 ], [ 111.181869, -7.694713 ], [ 111.182892, -7.69671 ], [ 111.183609, -7.69868 ], [ 111.183327, -7.70096 ], [ 111.183533, -7.702961 ], [ 111.183006, -7.704962 ], [ 111.182808, -7.707021 ], [ 111.18277, -7.709085 ], [ 111.18203, -7.712367 ], [ 111.179802, -7.712624 ], [ 111.17897, -7.714498 ], [ 111.176376, -7.713633 ], [ 111.174767, -7.711959 ], [ 111.173058, -7.713254 ], [ 111.171295, -7.714297 ], [ 111.169251, -7.715137 ], [ 111.166367, -7.716595 ], [ 111.163796, -7.714321 ], [ 111.161942, -7.715535 ], [ 111.159477, -7.71401 ], [ 111.155144, -7.712955 ], [ 111.150566, -7.710726 ], [ 111.142822, -7.708615 ], [ 111.140831, -7.70885 ], [ 111.141182, -7.711078 ], [ 111.142006, -7.713307 ], [ 111.139427, -7.714949 ], [ 111.134201, -7.716417 ], [ 111.127373, -7.719645 ], [ 111.125229, -7.721221 ], [ 111.122902, -7.723023 ], [ 111.123131, -7.725049 ], [ 111.125008, -7.725875 ], [ 111.127335, -7.727752 ], [ 111.126732, -7.730154 ], [ 111.124931, -7.732781 ], [ 111.121704, -7.737285 ], [ 111.118401, -7.741939 ], [ 111.116447, -7.743891 ], [ 111.113144, -7.746368 ], [ 111.111191, -7.747419 ], [ 111.108719, -7.74787 ], [ 111.107437, -7.745467 ], [ 111.107514, -7.742765 ], [ 111.105789, -7.740813 ], [ 111.103615, -7.741939 ], [ 111.101395, -7.744041 ], [ 111.098091, -7.747118 ], [ 111.094719, -7.749296 ], [ 111.091789, -7.749896 ], [ 111.089165, -7.750046 ], [ 111.085487, -7.749371 ], [ 111.083084, -7.74862 ], [ 111.080528, -7.74907 ], [ 111.07843, -7.749146 ], [ 111.076103, -7.748545 ], [ 111.074074, -7.748845 ], [ 111.071594, -7.750496 ], [ 111.06942, -7.752598 ], [ 111.067772, -7.755451 ], [ 111.065514, -7.756727 ], [ 111.063118, -7.756051 ], [ 111.061089, -7.755526 ], [ 111.057785, -7.756427 ], [ 111.055458, -7.758303 ], [ 111.050407, -7.759228 ], [ 111.048699, -7.763254 ], [ 111.047882, -7.765174 ], [ 111.048119, -7.767332 ], [ 111.048523, -7.769756 ], [ 111.048912, -7.771864 ], [ 111.050148, -7.774162 ], [ 111.051628, -7.776231 ], [ 111.050499, -7.779386 ], [ 111.048737, -7.781256 ], [ 111.047089, -7.782533 ], [ 111.043747, -7.781463 ], [ 111.041931, -7.780433 ], [ 111.039711, -7.780506 ], [ 111.039681, -7.778397 ], [ 111.039703, -7.775905 ], [ 111.035866, -7.77547 ], [ 111.034622, -7.773881 ], [ 111.034622, -7.771661 ], [ 111.034752, -7.769614 ], [ 111.033356, -7.76805 ], [ 111.031067, -7.76718 ], [ 111.029236, -7.768148 ], [ 111.026764, -7.76883 ], [ 111.024918, -7.767451 ], [ 111.022774, -7.766676 ], [ 111.021301, -7.765138 ], [ 111.02079, -7.763094 ], [ 111.021721, -7.761123 ], [ 111.020088, -7.759888 ], [ 111.016189, -7.760728 ], [ 111.014031, -7.760664 ], [ 111.010712, -7.762398 ], [ 111.007355, -7.763723 ], [ 111.005684, -7.764945 ], [ 111.004257, -7.763389 ], [ 111.003036, -7.765083 ], [ 111.001045, -7.765405 ], [ 110.998497, -7.765304 ], [ 110.996353, -7.764489 ], [ 110.994309, -7.764827 ], [ 110.992424, -7.765833 ], [ 110.990723, -7.767128 ], [ 110.98912, -7.763582 ], [ 110.986969, -7.763886 ], [ 110.986465, -7.761736 ], [ 110.984146, -7.762092 ], [ 110.980911, -7.761962 ], [ 110.978714, -7.76287 ], [ 110.976692, -7.76391 ], [ 110.974579, -7.764908 ], [ 110.973297, -7.766592 ], [ 110.970993, -7.767214 ], [ 110.970017, -7.769081 ], [ 110.96846, -7.77052 ], [ 110.9664, -7.76914 ], [ 110.964752, -7.766749 ], [ 110.96685, -7.766109 ], [ 110.968826, -7.765407 ], [ 110.970909, -7.764415 ], [ 110.971848, -7.761986 ], [ 110.970863, -7.758351 ], [ 110.968826, -7.758667 ], [ 110.965538, -7.762316 ], [ 110.961891, -7.765376 ], [ 110.95929, -7.765992 ], [ 110.957092, -7.76724 ], [ 110.955353, -7.76867 ], [ 110.953629, -7.767256 ], [ 110.951263, -7.768684 ], [ 110.951034, -7.766476 ], [ 110.949997, -7.764608 ], [ 110.948792, -7.76266 ], [ 110.948585, -7.75989 ], [ 110.948265, -7.757892 ], [ 110.948227, -7.755461 ], [ 110.946808, -7.753856 ], [ 110.945358, -7.752276 ], [ 110.94487, -7.75 ], [ 110.944382, -7.74772 ], [ 110.945015, -7.745656 ], [ 110.946731, -7.744166 ], [ 110.948647, -7.743413 ], [ 110.950157, -7.741965 ], [ 110.951325, -7.740183 ], [ 110.953262, -7.740716 ], [ 110.954964, -7.739482 ], [ 110.956947, -7.73829 ], [ 110.959046, -7.737249 ], [ 110.961136, -7.736465 ], [ 110.960297, -7.734592 ], [ 110.957901, -7.73425 ], [ 110.956055, -7.735273 ], [ 110.953781, -7.735428 ], [ 110.950707, -7.736379 ], [ 110.94812, -7.737164 ], [ 110.94606, -7.737869 ], [ 110.943932, -7.739323 ], [ 110.941528, -7.739739 ], [ 110.942185, -7.737409 ], [ 110.942108, -7.734912 ], [ 110.942375, -7.732588 ], [ 110.942658, -7.73048 ], [ 110.942993, -7.728506 ], [ 110.943337, -7.725952 ], [ 110.943695, -7.723982 ], [ 110.943558, -7.719449 ], [ 110.944679, -7.716747 ], [ 110.945084, -7.714073 ], [ 110.945465, -7.712016 ], [ 110.946953, -7.710348 ], [ 110.947914, -7.707971 ], [ 110.948158, -7.705475 ], [ 110.948433, -7.703151 ], [ 110.948769, -7.70105 ], [ 110.948845, -7.699033 ], [ 110.949249, -7.696712 ], [ 110.949806, -7.694424 ], [ 110.95063, -7.692198 ], [ 110.9515, -7.689617 ], [ 110.952278, -7.687694 ], [ 110.953148, -7.685535 ], [ 110.955017, -7.682654 ], [ 110.952095, -7.67904 ], [ 110.950691, -7.676793 ], [ 110.950188, -7.674755 ], [ 110.949501, -7.672556 ], [ 110.948769, -7.670384 ], [ 110.947838, -7.668143 ], [ 110.947739, -7.665875 ], [ 110.947609, -7.66374 ], [ 110.947296, -7.661686 ], [ 110.947022, -7.659673 ], [ 110.947373, -7.657368 ], [ 110.948357, -7.655544 ], [ 110.946915, -7.653912 ], [ 110.946312, -7.651941 ], [ 110.945847, -7.649307 ], [ 110.945679, -7.647293 ], [ 110.945335, -7.644716 ], [ 110.944878, -7.642462 ], [ 110.944069, -7.64043 ], [ 110.942902, -7.638699 ], [ 110.943878, -7.636935 ], [ 110.945305, -7.635107 ], [ 110.946297, -7.632899 ], [ 110.947052, -7.631038 ], [ 110.947662, -7.628633 ], [ 110.948052, -7.624888 ], [ 110.947624, -7.622615 ], [ 110.946472, -7.620853 ], [ 110.946671, -7.618527 ], [ 110.943924, -7.618007 ], [ 110.941368, -7.617971 ], [ 110.939293, -7.617918 ], [ 110.936447, -7.617535 ], [ 110.933914, -7.61687 ], [ 110.931618, -7.616095 ], [ 110.929672, -7.615278 ], [ 110.927452, -7.61481 ], [ 110.923431, -7.614195 ], [ 110.920074, -7.613451 ], [ 110.917747, -7.612999 ], [ 110.915077, -7.612853 ], [ 110.912781, -7.612996 ], [ 110.910339, -7.613292 ], [ 110.908241, -7.613617 ], [ 110.905441, -7.612558 ], [ 110.90593, -7.610074 ], [ 110.906601, -7.607672 ], [ 110.907143, -7.60498 ], [ 110.907471, -7.602641 ], [ 110.907829, -7.600445 ], [ 110.90818, -7.597933 ], [ 110.908508, -7.595851 ], [ 110.909286, -7.593823 ], [ 110.910667, -7.591324 ], [ 110.911278, -7.589189 ], [ 110.911774, -7.587034 ], [ 110.912529, -7.582866 ], [ 110.910896, -7.581705 ], [ 110.908249, -7.582783 ], [ 110.905731, -7.581773 ], [ 110.90316, -7.580712 ], [ 110.901115, -7.579958 ], [ 110.89875, -7.579033 ], [ 110.896752, -7.578374 ], [ 110.894264, -7.577516 ], [ 110.891541, -7.57657 ], [ 110.889213, -7.57575 ], [ 110.886749, -7.574872 ], [ 110.883865, -7.573552 ], [ 110.881432, -7.572552 ], [ 110.879242, -7.571638 ], [ 110.877228, -7.570896 ], [ 110.875, -7.569947 ], [ 110.877937, -7.56631 ], [ 110.879303, -7.563036 ], [ 110.881012, -7.561104 ], [ 110.8824, -7.559283 ], [ 110.883927, -7.557354 ], [ 110.88543, -7.555262 ], [ 110.886734, -7.553175 ], [ 110.88813, -7.550793 ], [ 110.886848, -7.549041 ], [ 110.885529, -7.547215 ], [ 110.882782, -7.546434 ], [ 110.880119, -7.547234 ], [ 110.877365, -7.547685 ], [ 110.875198, -7.546726 ], [ 110.871986, -7.545296 ], [ 110.869843, -7.543866 ], [ 110.867691, -7.541006 ], [ 110.863762, -7.538861 ], [ 110.861259, -7.537431 ], [ 110.856972, -7.536001 ], [ 110.853393, -7.533856 ], [ 110.849823, -7.531711 ], [ 110.846245, -7.530281 ], [ 110.837502, -7.531312 ], [ 110.834465, -7.529999 ], [ 110.829491, -7.528045 ], [ 110.824516, -7.526802 ], [ 110.812973, -7.526802 ], [ 110.804802, -7.528933 ], [ 110.80043, -7.533492 ], [ 110.799462, -7.53761 ], [ 110.798736, -7.540205 ], [ 110.798012, -7.542402 ], [ 110.797363, -7.544612 ], [ 110.79689, -7.548216 ], [ 110.793251, -7.547522 ], [ 110.791107, -7.547342 ], [ 110.788795, -7.547703 ], [ 110.786644, -7.547641 ], [ 110.784515, -7.546739 ], [ 110.782494, -7.545916 ], [ 110.780281, -7.545436 ], [ 110.778274, -7.545972 ], [ 110.775978, -7.546323 ], [ 110.773598, -7.545808 ], [ 110.770912, -7.545239 ], [ 110.770332, -7.547256 ], [ 110.769737, -7.549196 ], [ 110.768898, -7.551964 ], [ 110.77034, -7.554737 ], [ 110.767067, -7.555863 ], [ 110.76458, -7.555952 ], [ 110.762451, -7.554887 ], [ 110.761215, -7.553113 ], [ 110.759437, -7.552137 ], [ 110.758369, -7.550363 ], [ 110.756775, -7.548766 ], [ 110.755448, -7.546726 ], [ 110.753052, -7.546282 ], [ 110.75367, -7.548766 ], [ 110.755005, -7.550895 ], [ 110.754028, -7.554266 ], [ 110.753319, -7.556662 ], [ 110.75145, -7.554976 ], [ 110.749237, -7.555153 ], [ 110.747818, -7.553734 ], [ 110.745247, -7.553024 ], [ 110.743469, -7.551693 ], [ 110.741608, -7.550274 ], [ 110.738587, -7.550186 ], [ 110.736458, -7.54983 ], [ 110.733978, -7.549298 ], [ 110.731316, -7.548145 ], [ 110.726883, -7.546104 ], [ 110.720848, -7.544064 ], [ 110.716408, -7.542822 ], [ 110.712624, -7.541357 ], [ 110.710396, -7.540773 ], [ 110.708359, -7.540188 ], [ 110.708969, -7.537137 ], [ 110.708961, -7.534689 ], [ 110.710488, -7.532644 ], [ 110.712555, -7.532738 ], [ 110.714516, -7.532086 ], [ 110.716804, -7.531908 ], [ 110.719002, -7.53135 ], [ 110.721352, -7.531035 ], [ 110.723358, -7.530505 ], [ 110.724564, -7.528617 ], [ 110.725845, -7.526216 ], [ 110.729378, -7.527436 ], [ 110.731239, -7.528263 ], [ 110.733261, -7.528637 ], [ 110.735634, -7.528603 ], [ 110.737701, -7.528209 ], [ 110.740173, -7.527155 ], [ 110.742294, -7.527386 ], [ 110.744103, -7.526116 ], [ 110.745941, -7.525299 ], [ 110.747597, -7.523878 ], [ 110.75, -7.523549 ], [ 110.753738, -7.524481 ], [ 110.75618, -7.524593 ], [ 110.758568, -7.525038 ], [ 110.761597, -7.5254 ], [ 110.76413, -7.526648 ], [ 110.766098, -7.526151 ], [ 110.768684, -7.525598 ], [ 110.770744, -7.525959 ], [ 110.774437, -7.525323 ], [ 110.774727, -7.523119 ], [ 110.775154, -7.52107 ], [ 110.775131, -7.518886 ], [ 110.775627, -7.516455 ], [ 110.776909, -7.514706 ], [ 110.777901, -7.512347 ], [ 110.779655, -7.511241 ], [ 110.78167, -7.511422 ], [ 110.782181, -7.509144 ], [ 110.782989, -7.507036 ], [ 110.782616, -7.504018 ], [ 110.781334, -7.501836 ], [ 110.779373, -7.501235 ], [ 110.777359, -7.501711 ], [ 110.775825, -7.500316 ], [ 110.773788, -7.500517 ], [ 110.771782, -7.500562 ], [ 110.769623, -7.500001 ], [ 110.768364, -7.497656 ], [ 110.769798, -7.496162 ], [ 110.769028, -7.494221 ], [ 110.769348, -7.492027 ], [ 110.770286, -7.490242 ], [ 110.769981, -7.487939 ], [ 110.770142, -7.485803 ], [ 110.772278, -7.485846 ], [ 110.774574, -7.485794 ], [ 110.776649, -7.486498 ], [ 110.780258, -7.486122 ], [ 110.780106, -7.483448 ], [ 110.77903, -7.480588 ], [ 110.77832, -7.478443 ], [ 110.775818, -7.474868 ], [ 110.775459, -7.470578 ], [ 110.774742, -7.466288 ], [ 110.774742, -7.46307 ], [ 110.775818, -7.459137 ], [ 110.777244, -7.456993 ], [ 110.778679, -7.45449 ], [ 110.78009, -7.451083 ], [ 110.782982, -7.453351 ], [ 110.78492, -7.454129 ], [ 110.786629, -7.455849 ], [ 110.788033, -7.457554 ], [ 110.790192, -7.458542 ], [ 110.792336, -7.457638 ], [ 110.792801, -7.459956 ], [ 110.794746, -7.460927 ], [ 110.796822, -7.461555 ], [ 110.797798, -7.45977 ], [ 110.800163, -7.460711 ], [ 110.801567, -7.459163 ], [ 110.803924, -7.458928 ], [ 110.806106, -7.459229 ], [ 110.808052, -7.45833 ], [ 110.809982, -7.459672 ], [ 110.812012, -7.459766 ], [ 110.813896, -7.458879 ], [ 110.816338, -7.459507 ], [ 110.818596, -7.459554 ], [ 110.820694, -7.45853 ], [ 110.823425, -7.457949 ], [ 110.82518, -7.456531 ], [ 110.826942, -7.458089 ], [ 110.829086, -7.457612 ], [ 110.831581, -7.458091 ], [ 110.833885, -7.458188 ], [ 110.836143, -7.458807 ], [ 110.838959, -7.45929 ], [ 110.841484, -7.460082 ], [ 110.841637, -7.462343 ], [ 110.842995, -7.464566 ], [ 110.844841, -7.465339 ], [ 110.845322, -7.467403 ], [ 110.84639, -7.469287 ], [ 110.849762, -7.467898 ], [ 110.852265, -7.468471 ], [ 110.854248, -7.468907 ], [ 110.856956, -7.469545 ], [ 110.85775, -7.47314 ], [ 110.85984, -7.472856 ], [ 110.86187, -7.473818 ], [ 110.863647, -7.474765 ], [ 110.865112, -7.476332 ], [ 110.863525, -7.477842 ], [ 110.863899, -7.479893 ], [ 110.865364, -7.481706 ], [ 110.867104, -7.482821 ], [ 110.868729, -7.484012 ], [ 110.870522, -7.485418 ], [ 110.873039, -7.488053 ], [ 110.875, -7.486481 ], [ 110.876274, -7.484878 ], [ 110.880562, -7.485235 ], [ 110.88414, -7.487023 ], [ 110.887718, -7.488453 ], [ 110.8918, -7.489866 ], [ 110.894867, -7.489525 ], [ 110.897301, -7.48876 ], [ 110.897606, -7.491194 ], [ 110.901413, -7.493668 ], [ 110.906136, -7.495059 ], [ 110.90844, -7.495112 ], [ 110.91172, -7.495279 ], [ 110.91552, -7.495215 ], [ 110.918686, -7.495439 ], [ 110.922539, -7.495317 ], [ 110.925766, -7.493882 ], [ 110.928612, -7.493734 ], [ 110.93219, -7.494023 ], [ 110.934395, -7.494202 ], [ 110.942688, -7.495914 ], [ 110.950447, -7.499576 ], [ 110.954102, -7.502748 ], [ 110.957329, -7.505276 ], [ 110.959579, -7.505716 ], [ 110.961594, -7.506247 ], [ 110.964531, -7.5063 ], [ 110.967751, -7.507088 ], [ 110.969772, -7.508076 ], [ 110.973351, -7.511294 ], [ 110.977211, -7.51434 ], [ 110.979134, -7.515478 ], [ 110.981476, -7.516866 ], [ 110.986786, -7.519564 ], [ 110.989891, -7.52094 ], [ 110.996506, -7.522402 ], [ 111.000076, -7.524242 ], [ 111.002495, -7.524795 ], [ 111.003021, -7.522686 ], [ 111.004959, -7.522152 ], [ 111.005463, -7.52414 ], [ 111.007622, -7.524569 ], [ 111.009979, -7.524756 ], [ 111.01168, -7.526163 ], [ 111.014549, -7.526055 ], [ 111.016762, -7.527455 ], [ 111.018684, -7.528461 ], [ 111.018745, -7.530513 ], [ 111.020851, -7.531841 ], [ 111.022141, -7.533791 ], [ 111.023468, -7.531816 ], [ 111.022781, -7.529521 ], [ 111.0243, -7.52784 ], [ 111.026306, -7.52914 ], [ 111.028069, -7.530612 ], [ 111.030129, -7.532472 ], [ 111.031746, -7.534167 ], [ 111.033966, -7.534733 ], [ 111.036331, -7.535332 ], [ 111.038849, -7.535994 ], [ 111.041611, -7.536693 ], [ 111.04422, -7.537218 ], [ 111.046951, -7.537188 ], [ 111.049255, -7.537405 ], [ 111.048843, -7.535096 ], [ 111.047997, -7.533275 ], [ 111.046867, -7.530678 ], [ 111.046242, -7.528208 ], [ 111.045258, -7.526385 ], [ 111.043671, -7.525119 ], [ 111.042381, -7.523231 ], [ 111.04126, -7.520874 ], [ 111.04116, -7.518582 ], [ 111.04097, -7.516518 ], [ 111.040863, -7.514446 ], [ 111.040726, -7.512422 ], [ 111.042091, -7.510896 ], [ 111.04419, -7.509564 ], [ 111.046257, -7.509766 ], [ 111.048332, -7.509622 ], [ 111.050041, -7.508291 ], [ 111.052193, -7.507835 ], [ 111.053795, -7.509192 ], [ 111.055863, -7.509325 ], [ 111.057526, -7.507815 ], [ 111.057396, -7.505183 ], [ 111.058853, -7.503808 ], [ 111.061218, -7.503962 ], [ 111.062988, -7.502775 ], [ 111.064018, -7.500701 ], [ 111.068581, -7.49896 ], [ 111.073059, -7.497616 ], [ 111.075073, -7.497392 ], [ 111.078545, -7.495406 ], [ 111.078774, -7.499927 ], [ 111.079018, -7.501941 ], [ 111.08007, -7.503887 ], [ 111.079384, -7.505963 ], [ 111.079346, -7.508071 ], [ 111.080513, -7.509777 ], [ 111.081726, -7.511437 ], [ 111.083016, -7.513027 ], [ 111.082207, -7.514926 ], [ 111.080292, -7.515614 ], [ 111.079247, -7.517336 ], [ 111.079682, -7.519359 ], [ 111.080681, -7.521095 ], [ 111.07975, -7.522879 ], [ 111.080055, -7.525195 ], [ 111.08107, -7.526978 ], [ 111.084495, -7.52797 ], [ 111.08683, -7.52806 ], [ 111.088837, -7.528563 ], [ 111.090538, -7.529763 ], [ 111.092789, -7.530729 ], [ 111.094803, -7.52999 ], [ 111.096832, -7.52984 ], [ 111.098892, -7.529613 ], [ 111.100861, -7.530047 ], [ 111.104759, -7.530362 ], [ 111.107002, -7.530532 ], [ 111.109375, -7.530664 ], [ 111.111565, -7.531532 ], [ 111.11319, -7.529751 ], [ 111.112122, -7.527677 ], [ 111.110916, -7.525814 ], [ 111.110405, -7.523566 ], [ 111.111923, -7.522068 ], [ 111.114197, -7.520839 ], [ 111.116455, -7.521022 ], [ 111.118508, -7.522006 ], [ 111.12056, -7.521427 ], [ 111.121948, -7.519941 ], [ 111.123886, -7.519197 ], [ 111.123451, -7.517245 ], [ 111.124, -7.514647 ], [ 111.125, -7.512826 ], [ 111.126839, -7.511867 ], [ 111.128998, -7.512785 ], [ 111.130402, -7.514591 ], [ 111.132072, -7.516252 ], [ 111.133324, -7.517848 ], [ 111.135002, -7.519015 ], [ 111.136757, -7.520479 ], [ 111.138199, -7.52189 ], [ 111.13932, -7.523755 ], [ 111.142601, -7.52465 ], [ 111.144829, -7.524553 ], [ 111.147873, -7.52407 ], [ 111.146652, -7.528258 ], [ 111.148064, -7.530177 ], [ 111.14965, -7.531449 ], [ 111.150612, -7.534252 ], [ 111.151085, -7.53649 ], [ 111.150703, -7.538553 ], [ 111.149673, -7.540368 ], [ 111.149406, -7.542383 ], [ 111.15078, -7.544267 ], [ 111.151947, -7.54648 ], [ 111.15258, -7.548455 ], [ 111.153206, -7.550517 ], [ 111.152718, -7.55249 ], [ 111.152428, -7.554609 ], [ 111.154022, -7.556049 ], [ 111.154846, -7.557935 ], [ 111.154671, -7.560093 ], [ 111.155098, -7.562178 ], [ 111.155052, -7.565339 ], [ 111.155777, -7.567302 ], [ 111.156983, -7.568904 ], [ 111.158455, -7.570723 ], [ 111.159958, -7.572576 ], [ 111.161354, -7.574234 ], [ 111.162186, -7.576056 ], [ 111.162582, -7.578128 ], [ 111.163391, -7.580278 ], [ 111.165375, -7.58096 ], [ 111.166924, -7.582462 ], [ 111.167885, -7.584447 ], [ 111.168526, -7.586362 ], [ 111.168457, -7.588398 ], [ 111.169205, -7.590449 ], [ 111.171249, -7.591324 ], [ 111.173294, -7.591989 ], [ 111.174232, -7.593894 ], [ 111.175476, -7.59549 ], [ 111.17691, -7.597274 ], [ 111.177841, -7.599326 ], [ 111.179436, -7.600835 ], [ 111.181008, -7.60234 ], [ 111.182617, -7.603541 ], [ 111.184502, -7.604684 ], [ 111.186089, -7.605978 ], [ 111.189278, -7.609099 ], [ 111.190506, -7.610723 ], [ 111.191895, -7.612217 ], [ 111.194145, -7.6139 ], [ 111.194252, -7.61593 ], [ 111.194488, -7.620419 ], [ 111.194168, -7.625025 ], [ 111.194328, -7.627142 ] ] ] } },
{ "type": "Feature", "properties": { "STATISTIK": "3305", "KABUPATEN": "KEBUMEN", "PROPINSI": "JAWA TENGAH", "LUAS_KM2": "115.924", "DATA": "BAKOSURTANAL, BPS" }, "geometry": { "type": "Polygon", "coordinates": [ [ [ 109.833313, -7.799292 ], [ 109.833115, -7.802212 ], [ 109.83297, -7.804263 ], [ 109.832474, -7.807582 ], [ 109.83194, -7.810745 ], [ 109.830956, -7.814097 ], [ 109.830704, -7.816426 ], [ 109.829979, -7.819466 ], [ 109.82885, -7.823114 ], [ 109.827499, -7.825214 ], [ 109.825844, -7.826531 ], [ 109.822964, -7.828073 ], [ 109.822479, -7.828495 ], [ 109.820452, -7.830247 ], [ 109.818404, -7.829931 ], [ 109.814415, -7.828806 ], [ 109.811714, -7.828145 ], [ 109.808266, -7.827251 ], [ 109.805328, -7.826472 ], [ 109.803139, -7.825898 ], [ 109.801193, -7.824483 ], [ 109.799275, -7.823048 ], [ 109.797903, -7.82271 ], [ 109.797333, -7.822727 ], [ 109.794884, -7.823306 ], [ 109.791512, -7.82265 ], [ 109.789322, -7.822047 ], [ 109.787186, -7.821446 ], [ 109.784348, -7.820789 ], [ 109.782181, -7.82023 ], [ 109.778908, -7.819419 ], [ 109.77684, -7.818919 ], [ 109.774643, -7.81847 ], [ 109.77243, -7.817976 ], [ 109.770309, -7.817317 ], [ 109.76815, -7.816727 ], [ 109.765442, -7.816094 ], [ 109.763436, -7.815628 ], [ 109.760223, -7.814889 ], [ 109.757599, -7.814316 ], [ 109.754578, -7.813474 ], [ 109.752654, -7.81316 ], [ 109.751284, -7.812744 ], [ 109.74987, -7.812705 ], [ 109.748919, -7.812111 ], [ 109.747955, -7.811799 ], [ 109.74685, -7.811435 ], [ 109.746366, -7.811447 ], [ 109.745033, -7.811152 ], [ 109.743177, -7.810633 ], [ 109.741501, -7.810305 ], [ 109.739548, -7.809736 ], [ 109.737167, -7.809124 ], [ 109.735077, -7.80856 ], [ 109.732544, -7.807955 ], [ 109.730286, -7.807255 ], [ 109.728119, -7.806772 ], [ 109.725227, -7.806029 ], [ 109.723206, -7.805594 ], [ 109.721237, -7.805028 ], [ 109.71917, -7.804602 ], [ 109.716988, -7.804131 ], [ 109.714806, -7.803578 ], [ 109.712211, -7.802822 ], [ 109.709122, -7.802002 ], [ 109.705719, -7.801319 ], [ 109.703674, -7.800743 ], [ 109.701698, -7.800255 ], [ 109.699524, -7.799745 ], [ 109.696427, -7.799126 ], [ 109.693848, -7.798507 ], [ 109.691711, -7.798025 ], [ 109.687416, -7.79693 ], [ 109.683586, -7.796296 ], [ 109.681023, -7.795611 ], [ 109.678978, -7.795177 ], [ 109.676948, -7.794683 ], [ 109.674614, -7.794195 ], [ 109.672394, -7.793776 ], [ 109.670364, -7.793233 ], [ 109.668304, -7.792757 ], [ 109.666161, -7.79235 ], [ 109.663849, -7.791903 ], [ 109.661301, -7.7915 ], [ 109.658386, -7.790912 ], [ 109.656296, -7.790549 ], [ 109.652885, -7.789966 ], [ 109.65081, -7.789558 ], [ 109.648026, -7.789032 ], [ 109.64464, -7.788422 ], [ 109.644966, -7.784148 ], [ 109.64464, -7.788358 ], [ 109.64312, -7.78801 ], [ 109.640946, -7.787966 ], [ 109.638924, -7.787768 ], [ 109.636658, -7.787455 ], [ 109.633705, -7.786802 ], [ 109.63134, -7.786554 ], [ 109.627449, -7.785978 ], [ 109.623123, -7.785238 ], [ 109.619934, -7.784545 ], [ 109.616264, -7.783628 ], [ 109.613968, -7.783145 ], [ 109.605941, -7.78056 ], [ 109.605939, -7.780567 ], [ 109.605707, -7.780483 ], [ 109.605432, -7.780652 ], [ 109.604799, -7.7808 ], [ 109.602081, -7.780018 ], [ 109.599228, -7.779319 ], [ 109.597015, -7.778823 ], [ 109.594826, -7.778407 ], [ 109.592636, -7.777897 ], [ 109.590279, -7.777226 ], [ 109.587708, -7.776804 ], [ 109.585281, -7.776328 ], [ 109.582802, -7.775836 ], [ 109.579803, -7.775157 ], [ 109.576416, -7.774571 ], [ 109.574036, -7.774065 ], [ 109.572052, -7.773723 ], [ 109.569931, -7.77328 ], [ 109.567398, -7.772874 ], [ 109.564957, -7.772394 ], [ 109.562744, -7.77204 ], [ 109.560333, -7.771622 ], [ 109.558029, -7.771264 ], [ 109.555748, -7.770871 ], [ 109.553574, -7.770387 ], [ 109.551384, -7.770106 ], [ 109.549065, -7.769701 ], [ 109.546844, -7.769387 ], [ 109.543945, -7.768925 ], [ 109.540909, -7.768371 ], [ 109.538353, -7.767968 ], [ 109.534828, -7.767382 ], [ 109.532593, -7.767048 ], [ 109.530052, -7.766608 ], [ 109.527199, -7.765956 ], [ 109.525919, -7.765598 ], [ 109.523613, -7.765564 ], [ 109.521393, -7.765191 ], [ 109.519218, -7.764853 ], [ 109.516907, -7.764479 ], [ 109.514725, -7.764244 ], [ 109.510574, -7.763676 ], [ 109.50824, -7.763386 ], [ 109.506027, -7.763078 ], [ 109.503349, -7.762846 ], [ 109.500893, -7.762441 ], [ 109.49868, -7.762053 ], [ 109.496063, -7.761784 ], [ 109.492554, -7.761389 ], [ 109.49025, -7.76118 ], [ 109.487923, -7.761028 ], [ 109.485611, -7.760698 ], [ 109.483002, -7.760455 ], [ 109.480667, -7.760232 ], [ 109.478516, -7.759916 ], [ 109.474876, -7.759558 ], [ 109.471634, -7.759374 ], [ 109.46837, -7.758783 ], [ 109.468364, -7.758799 ], [ 109.46716, -7.758652 ], [ 109.466632, -7.759369 ], [ 109.46697, -7.760108 ], [ 109.466766, -7.761034 ], [ 109.466105, -7.762325 ], [ 109.465492, -7.762748 ], [ 109.464965, -7.762895 ], [ 109.464458, -7.763212 ], [ 109.464195, -7.763184 ], [ 109.463656, -7.762959 ], [ 109.462558, -7.762304 ], [ 109.462303, -7.762453 ], [ 109.461798, -7.763275 ], [ 109.461523, -7.76374 ], [ 109.461384, -7.763786 ], [ 109.46127, -7.763824 ], [ 109.461101, -7.762705 ], [ 109.460763, -7.762515 ], [ 109.460167, -7.763066 ], [ 109.459897, -7.763529 ], [ 109.458481, -7.76458 ], [ 109.457195, -7.76526 ], [ 109.456314, -7.765357 ], [ 109.454978, -7.765281 ], [ 109.45445, -7.765028 ], [ 109.454563, -7.764109 ], [ 109.454365, -7.763529 ], [ 109.453859, -7.763275 ], [ 109.453522, -7.763367 ], [ 109.453394, -7.763275 ], [ 109.453389, -7.763241 ], [ 109.452301, -7.764868 ], [ 109.451473, -7.766358 ], [ 109.450997, -7.766727 ], [ 109.450671, -7.766696 ], [ 109.450481, -7.765408 ], [ 109.449524, -7.765259 ], [ 109.448644, -7.765429 ], [ 109.448243, -7.765872 ], [ 109.448198, -7.766133 ], [ 109.447739, -7.766435 ], [ 109.446701, -7.766442 ], [ 109.446026, -7.766632 ], [ 109.445755, -7.766895 ], [ 109.444928, -7.76735 ], [ 109.444252, -7.768257 ], [ 109.443508, -7.767603 ], [ 109.443281, -7.76716 ], [ 109.442718, -7.766909 ], [ 109.44219, -7.766743 ], [ 109.44136, -7.766675 ], [ 109.44075, -7.76629 ], [ 109.439734, -7.766316 ], [ 109.437508, -7.767583 ], [ 109.436377, -7.768575 ], [ 109.436841, -7.769293 ], [ 109.436081, -7.769842 ], [ 109.436208, -7.770412 ], [ 109.436946, -7.770659 ], [ 109.436757, -7.771362 ], [ 109.437137, -7.771784 ], [ 109.437019, -7.772301 ], [ 109.436693, -7.773135 ], [ 109.436166, -7.773515 ], [ 109.434639, -7.773947 ], [ 109.434244, -7.77417 ], [ 109.434043, -7.774787 ], [ 109.433991, -7.775226 ], [ 109.434369, -7.774956 ], [ 109.434603, -7.775078 ], [ 109.434603, -7.7755 ], [ 109.434392, -7.775859 ], [ 109.433252, -7.775901 ], [ 109.433062, -7.775606 ], [ 109.433379, -7.774487 ], [ 109.432533, -7.773655 ], [ 109.431394, -7.77265 ], [ 109.430655, -7.772354 ], [ 109.429924, -7.772156 ], [ 109.427719, -7.771633 ], [ 109.426707, -7.772439 ], [ 109.42601, -7.772354 ], [ 109.425636, -7.771888 ], [ 109.425102, -7.771298 ], [ 109.422535, -7.771026 ], [ 109.421999, -7.770876 ], [ 109.421407, -7.770496 ], [ 109.421196, -7.770484 ], [ 109.420985, -7.770348 ], [ 109.419529, -7.770709 ], [ 109.418241, -7.771066 ], [ 109.417015, -7.771048 ], [ 109.416762, -7.771256 ], [ 109.416509, -7.77132 ], [ 109.41614, -7.771881 ], [ 109.414848, -7.773111 ], [ 109.414714, -7.773811 ], [ 109.414582, -7.773742 ], [ 109.414292, -7.773473 ], [ 109.414123, -7.774001 ], [ 109.414275, -7.77447 ], [ 109.414081, -7.77493 ], [ 109.413742, -7.775002 ], [ 109.413025, -7.775669 ], [ 109.412709, -7.776112 ], [ 109.412064, -7.776384 ], [ 109.411379, -7.775943 ], [ 109.410893, -7.775204 ], [ 109.410484, -7.77501 ], [ 109.410555, -7.774803 ], [ 109.410787, -7.774466 ], [ 109.410851, -7.773811 ], [ 109.411743, -7.77317 ], [ 109.412561, -7.772544 ], [ 109.41292, -7.771531 ], [ 109.412899, -7.770834 ], [ 109.412529, -7.769853 ], [ 109.411484, -7.76887 ], [ 109.410751, -7.767733 ], [ 109.410175, -7.766759 ], [ 109.409172, -7.765855 ], [ 109.407272, -7.764636 ], [ 109.405235, -7.764003 ], [ 109.402954, -7.763677 ], [ 109.402595, -7.763529 ], [ 109.401665, -7.76317 ], [ 109.399935, -7.762558 ], [ 109.399175, -7.762536 ], [ 109.398647, -7.762663 ], [ 109.398394, -7.762874 ], [ 109.398225, -7.763085 ], [ 109.398087, -7.763753 ], [ 109.397275, -7.763254 ], [ 109.397148, -7.762642 ], [ 109.397462, -7.761101 ], [ 109.397613, -7.760953 ], [ 109.397591, -7.760552 ], [ 109.397278, -7.760319 ], [ 109.396536, -7.759834 ], [ 109.396517, -7.759234 ], [ 109.396346, -7.758989 ], [ 109.396187, -7.758567 ], [ 109.397169, -7.758124 ], [ 109.397127, -7.757533 ], [ 109.396916, -7.757089 ], [ 109.395923, -7.756899 ], [ 109.395227, -7.757723 ], [ 109.394234, -7.757406 ], [ 109.393837, -7.755633 ], [ 109.392862, -7.754978 ], [ 109.392727, -7.755159 ], [ 109.392461, -7.755485 ], [ 109.391823, -7.754772 ], [ 109.391131, -7.754598 ], [ 109.39056, -7.754893 ], [ 109.389793, -7.75525 ], [ 109.389294, -7.755949 ], [ 109.388555, -7.756202 ], [ 109.387726, -7.755559 ], [ 109.387225, -7.754492 ], [ 109.387192, -7.753608 ], [ 109.387183, -7.753014 ], [ 109.386546, -7.751926 ], [ 109.386275, -7.75122 ], [ 109.386338, -7.750818 ], [ 109.386665, -7.750272 ], [ 109.386703, -7.749748 ], [ 109.386887, -7.748327 ], [ 109.387504, -7.74738 ], [ 109.387542, -7.74687 ], [ 109.387774, -7.746596 ], [ 109.388111, -7.745646 ], [ 109.387848, -7.745078 ], [ 109.387732, -7.744337 ], [ 109.388091, -7.744168 ], [ 109.388069, -7.743957 ], [ 109.387526, -7.74401 ], [ 109.387415, -7.74364 ], [ 109.387436, -7.74345 ], [ 109.387774, -7.743154 ], [ 109.388268, -7.743003 ], [ 109.387921, -7.742584 ], [ 109.387732, -7.741909 ], [ 109.387858, -7.741275 ], [ 109.388339, -7.740592 ], [ 109.388504, -7.740037 ], [ 109.388428, -7.739122 ], [ 109.388428, -7.738594 ], [ 109.387921, -7.73853 ], [ 109.387611, -7.738226 ], [ 109.387732, -7.737665 ], [ 109.387626, -7.737285 ], [ 109.387562, -7.736461 ], [ 109.387626, -7.736208 ], [ 109.387816, -7.736102 ], [ 109.388639, -7.73606 ], [ 109.388914, -7.735765 ], [ 109.389465, -7.735765 ], [ 109.389674, -7.735258 ], [ 109.389956, -7.734703 ], [ 109.389991, -7.734392 ], [ 109.390096, -7.73416 ], [ 109.389991, -7.733611 ], [ 109.390569, -7.733373 ], [ 109.391025, -7.733168 ], [ 109.391109, -7.732745 ], [ 109.390945, -7.73256 ], [ 109.390666, -7.732408 ], [ 109.390666, -7.732006 ], [ 109.39073, -7.731795 ], [ 109.391314, -7.731434 ], [ 109.391684, -7.730307 ], [ 109.391288, -7.729878 ], [ 109.391411, -7.729532 ], [ 109.391618, -7.72902 ], [ 109.392146, -7.728591 ], [ 109.392934, -7.728503 ], [ 109.393499, -7.728426 ], [ 109.393829, -7.727899 ], [ 109.393692, -7.727154 ], [ 109.391747, -7.725046 ], [ 109.393349, -7.723668 ], [ 109.394165, -7.721839 ], [ 109.392738, -7.72016 ], [ 109.390472, -7.720213 ], [ 109.387962, -7.719617 ], [ 109.38739, -7.717624 ], [ 109.387436, -7.715267 ], [ 109.387817, -7.713095 ], [ 109.388687, -7.710827 ], [ 109.389198, -7.708741 ], [ 109.389015, -7.706516 ], [ 109.38987, -7.704211 ], [ 109.390587, -7.702101 ], [ 109.391701, -7.700261 ], [ 109.393722, -7.699609 ], [ 109.395454, -7.69799 ], [ 109.39534, -7.695779 ], [ 109.394096, -7.694114 ], [ 109.392563, -7.692703 ], [ 109.390854, -7.690889 ], [ 109.38903, -7.68916 ], [ 109.387192, -7.687395 ], [ 109.385651, -7.688916 ], [ 109.384369, -7.690853 ], [ 109.38282, -7.689318 ], [ 109.380989, -7.687736 ], [ 109.380631, -7.685597 ], [ 109.382469, -7.684346 ], [ 109.384376, -7.682692 ], [ 109.386635, -7.681259 ], [ 109.387428, -7.679137 ], [ 109.387245, -7.676877 ], [ 109.386948, -7.674677 ], [ 109.387306, -7.672529 ], [ 109.38942, -7.672517 ], [ 109.391709, -7.672008 ], [ 109.391838, -7.670006 ], [ 109.390007, -7.668765 ], [ 109.387558, -7.669095 ], [ 109.385223, -7.670298 ], [ 109.384277, -7.668293 ], [ 109.383308, -7.666182 ], [ 109.382553, -7.662418 ], [ 109.385162, -7.661946 ], [ 109.386818, -7.660088 ], [ 109.387886, -7.65813 ], [ 109.390388, -7.65922 ], [ 109.39257, -7.659333 ], [ 109.394417, -7.658033 ], [ 109.39679, -7.656075 ], [ 109.398102, -7.654046 ], [ 109.398888, -7.652194 ], [ 109.400948, -7.649213 ], [ 109.404617, -7.649688 ], [ 109.406303, -7.647844 ], [ 109.407791, -7.650892 ], [ 109.41053, -7.648509 ], [ 109.414818, -7.646243 ], [ 109.416595, -7.643387 ], [ 109.417862, -7.641711 ], [ 109.418701, -7.639805 ], [ 109.419937, -7.638084 ], [ 109.422081, -7.637576 ], [ 109.423996, -7.636996 ], [ 109.42453, -7.634723 ], [ 109.426407, -7.632761 ], [ 109.428833, -7.632692 ], [ 109.430939, -7.63362 ], [ 109.432709, -7.634899 ], [ 109.435173, -7.635456 ], [ 109.436539, -7.633987 ], [ 109.438263, -7.632534 ], [ 109.439628, -7.630626 ], [ 109.439964, -7.62857 ], [ 109.440033, -7.626413 ], [ 109.441872, -7.624349 ], [ 109.44326, -7.622263 ], [ 109.443955, -7.618961 ], [ 109.442917, -7.615833 ], [ 109.438049, -7.605232 ], [ 109.436485, -7.602278 ], [ 109.433182, -7.599671 ], [ 109.430397, -7.59689 ], [ 109.428665, -7.5955 ], [ 109.427795, -7.593241 ], [ 109.425011, -7.589765 ], [ 109.423446, -7.588375 ], [ 109.421364, -7.586463 ], [ 109.420669, -7.584377 ], [ 109.420669, -7.582118 ], [ 109.419975, -7.579685 ], [ 109.418411, -7.576383 ], [ 109.416321, -7.573603 ], [ 109.414932, -7.570996 ], [ 109.413719, -7.566998 ], [ 109.414238, -7.564913 ], [ 109.416672, -7.560742 ], [ 109.418587, -7.558657 ], [ 109.424316, -7.556397 ], [ 109.42675, -7.555529 ], [ 109.429359, -7.551531 ], [ 109.430397, -7.548403 ], [ 109.433441, -7.542494 ], [ 109.43483, -7.538323 ], [ 109.435577, -7.535787 ], [ 109.436699, -7.53195 ], [ 109.435554, -7.528664 ], [ 109.437332, -7.527263 ], [ 109.439522, -7.526506 ], [ 109.441864, -7.52607 ], [ 109.445587, -7.524661 ], [ 109.449272, -7.524505 ], [ 109.451698, -7.523883 ], [ 109.453918, -7.523567 ], [ 109.456444, -7.522918 ], [ 109.458702, -7.521042 ], [ 109.462257, -7.519381 ], [ 109.465988, -7.520546 ], [ 109.467583, -7.522381 ], [ 109.469833, -7.521936 ], [ 109.473144, -7.520252 ], [ 109.475067, -7.519571 ], [ 109.477242, -7.518823 ], [ 109.479752, -7.518227 ], [ 109.481819, -7.517865 ], [ 109.483025, -7.516123 ], [ 109.483063, -7.513807 ], [ 109.484131, -7.511847 ], [ 109.486168, -7.510771 ], [ 109.48941, -7.510492 ], [ 109.491539, -7.509729 ], [ 109.492874, -7.507894 ], [ 109.49485, -7.507504 ], [ 109.496147, -7.505969 ], [ 109.498428, -7.501835 ], [ 109.49839, -7.506322 ], [ 109.498787, -7.508758 ], [ 109.5, -7.510419 ], [ 109.50367, -7.509346 ], [ 109.505943, -7.509053 ], [ 109.508453, -7.508788 ], [ 109.510918, -7.509465 ], [ 109.513351, -7.509672 ], [ 109.515579, -7.510184 ], [ 109.517799, -7.510707 ], [ 109.521462, -7.512467 ], [ 109.523468, -7.513914 ], [ 109.525177, -7.515419 ], [ 109.527283, -7.515755 ], [ 109.529358, -7.51576 ], [ 109.531418, -7.515739 ], [ 109.533501, -7.515605 ], [ 109.535995, -7.515554 ], [ 109.538445, -7.516225 ], [ 109.539482, -7.518289 ], [ 109.541115, -7.520009 ], [ 109.543099, -7.521269 ], [ 109.544662, -7.522587 ], [ 109.546425, -7.521245 ], [ 109.547814, -7.518969 ], [ 109.548241, -7.516916 ], [ 109.548996, -7.514427 ], [ 109.550354, -7.512797 ], [ 109.552132, -7.511316 ], [ 109.554886, -7.511546 ], [ 109.556824, -7.510876 ], [ 109.558746, -7.509846 ], [ 109.560898, -7.509619 ], [ 109.562973, -7.50927 ], [ 109.564979, -7.50969 ], [ 109.567383, -7.509758 ], [ 109.56945, -7.510136 ], [ 109.570847, -7.511644 ], [ 109.572105, -7.513242 ], [ 109.574463, -7.51325 ], [ 109.576538, -7.513197 ], [ 109.579346, -7.51343 ], [ 109.581367, -7.513407 ], [ 109.583511, -7.513559 ], [ 109.587868, -7.515 ], [ 109.589241, -7.513488 ], [ 109.59124, -7.513703 ], [ 109.594307, -7.512646 ], [ 109.595634, -7.511082 ], [ 109.597549, -7.510435 ], [ 109.599129, -7.50885 ], [ 109.601074, -7.507783 ], [ 109.602501, -7.505977 ], [ 109.604996, -7.505569 ], [ 109.606995, -7.504764 ], [ 109.609032, -7.50484 ], [ 109.611404, -7.504424 ], [ 109.613464, -7.503862 ], [ 109.613564, -7.50186 ], [ 109.615082, -7.498904 ], [ 109.615776, -7.495523 ], [ 109.617508, -7.493544 ], [ 109.619316, -7.491858 ], [ 109.622665, -7.489295 ], [ 109.625, -7.487834 ], [ 109.626854, -7.486776 ], [ 109.628639, -7.485264 ], [ 109.630356, -7.483951 ], [ 109.632073, -7.482208 ], [ 109.634033, -7.481769 ], [ 109.637565, -7.481167 ], [ 109.63971, -7.4824 ], [ 109.641663, -7.4842 ], [ 109.643311, -7.486207 ], [ 109.644508, -7.488482 ], [ 109.645462, -7.490705 ], [ 109.646187, -7.492786 ], [ 109.647217, -7.494648 ], [ 109.648979, -7.495596 ], [ 109.651039, -7.495912 ], [ 109.653511, -7.496062 ], [ 109.655914, -7.49554 ], [ 109.658119, -7.494398 ], [ 109.660339, -7.493526 ], [ 109.66272, -7.49294 ], [ 109.665093, -7.492921 ], [ 109.666695, -7.494527 ], [ 109.668007, -7.496274 ], [ 109.669586, -7.498528 ], [ 109.671173, -7.500939 ], [ 109.672173, -7.503447 ], [ 109.675949, -7.502543 ], [ 109.677978, -7.502446 ], [ 109.680038, -7.50195 ], [ 109.682457, -7.502369 ], [ 109.685036, -7.503138 ], [ 109.687729, -7.502063 ], [ 109.688469, -7.49904 ], [ 109.688858, -7.496892 ], [ 109.690865, -7.496633 ], [ 109.693268, -7.496627 ], [ 109.695274, -7.496362 ], [ 109.697998, -7.495944 ], [ 109.699966, -7.494685 ], [ 109.701942, -7.493025 ], [ 109.703903, -7.491521 ], [ 109.705376, -7.489741 ], [ 109.70681, -7.488137 ], [ 109.70758, -7.486209 ], [ 109.709396, -7.484923 ], [ 109.710861, -7.483331 ], [ 109.712906, -7.48245 ], [ 109.715118, -7.482253 ], [ 109.716408, -7.48065 ], [ 109.717964, -7.47909 ], [ 109.719841, -7.478038 ], [ 109.72213, -7.477374 ], [ 109.724243, -7.476236 ], [ 109.726623, -7.476167 ], [ 109.728714, -7.476874 ], [ 109.730606, -7.477726 ], [ 109.733337, -7.477917 ], [ 109.734566, -7.476248 ], [ 109.735763, -7.474547 ], [ 109.734222, -7.473127 ], [ 109.732575, -7.471581 ], [ 109.733086, -7.469246 ], [ 109.732803, -7.467154 ], [ 109.731896, -7.465189 ], [ 109.732247, -7.463086 ], [ 109.731659, -7.46098 ], [ 109.732078, -7.458799 ], [ 109.733482, -7.45713 ], [ 109.735474, -7.456813 ], [ 109.737854, -7.456742 ], [ 109.740692, -7.456935 ], [ 109.742798, -7.456912 ], [ 109.745041, -7.456686 ], [ 109.747246, -7.456588 ], [ 109.751213, -7.455953 ], [ 109.751785, -7.459136 ], [ 109.753151, -7.462029 ], [ 109.754852, -7.464513 ], [ 109.75663, -7.468148 ], [ 109.757324, -7.470535 ], [ 109.758446, -7.474057 ], [ 109.759018, -7.478386 ], [ 109.758186, -7.482365 ], [ 109.756828, -7.48531 ], [ 109.755699, -7.487002 ], [ 109.753899, -7.4894 ], [ 109.754082, -7.491796 ], [ 109.755943, -7.493756 ], [ 109.757492, -7.495232 ], [ 109.76284, -7.500321 ], [ 109.764702, -7.502501 ], [ 109.76622, -7.504336 ], [ 109.767868, -7.505678 ], [ 109.768608, -7.507735 ], [ 109.767555, -7.50961 ], [ 109.768974, -7.511281 ], [ 109.77092, -7.512827 ], [ 109.77211, -7.514466 ], [ 109.773643, -7.51586 ], [ 109.773544, -7.518232 ], [ 109.7706, -7.518664 ], [ 109.768371, -7.518258 ], [ 109.766517, -7.520113 ], [ 109.762802, -7.521398 ], [ 109.761574, -7.523355 ], [ 109.758476, -7.52342 ], [ 109.756347, -7.522736 ], [ 109.754318, -7.523107 ], [ 109.752189, -7.523576 ], [ 109.751259, -7.525861 ], [ 109.750229, -7.527974 ], [ 109.747711, -7.529469 ], [ 109.7453, -7.530493 ], [ 109.742493, -7.530679 ], [ 109.740204, -7.531059 ], [ 109.739021, -7.533119 ], [ 109.737915, -7.535306 ], [ 109.738563, -7.538791 ], [ 109.738823, -7.540892 ], [ 109.739174, -7.543294 ], [ 109.73719, -7.543931 ], [ 109.737442, -7.546435 ], [ 109.737701, -7.549022 ], [ 109.737694, -7.551069 ], [ 109.738098, -7.553103 ], [ 109.736275, -7.55449 ], [ 109.737595, -7.557959 ], [ 109.739578, -7.558322 ], [ 109.741386, -7.559577 ], [ 109.741837, -7.561613 ], [ 109.741264, -7.564126 ], [ 109.741028, -7.566697 ], [ 109.741364, -7.569185 ], [ 109.741325, -7.571361 ], [ 109.741577, -7.573594 ], [ 109.744095, -7.574901 ], [ 109.74678, -7.576492 ], [ 109.747627, -7.578868 ], [ 109.748215, -7.581526 ], [ 109.750305, -7.582076 ], [ 109.752426, -7.584458 ], [ 109.753632, -7.586141 ], [ 109.754776, -7.588619 ], [ 109.754883, -7.590658 ], [ 109.755325, -7.594143 ], [ 109.756584, -7.595929 ], [ 109.75785, -7.599486 ], [ 109.761246, -7.600476 ], [ 109.762764, -7.601871 ], [ 109.764343, -7.603125 ], [ 109.766479, -7.603534 ], [ 109.76886, -7.604137 ], [ 109.770813, -7.604857 ], [ 109.772797, -7.605529 ], [ 109.775261, -7.6048 ], [ 109.777946, -7.60473 ], [ 109.782036, -7.608253 ], [ 109.784264, -7.609055 ], [ 109.787216, -7.609533 ], [ 109.78936, -7.609912 ], [ 109.791733, -7.610779 ], [ 109.794266, -7.610842 ], [ 109.797997, -7.611063 ], [ 109.800911, -7.612097 ], [ 109.802841, -7.610651 ], [ 109.803993, -7.608304 ], [ 109.806091, -7.607003 ], [ 109.808227, -7.606926 ], [ 109.808769, -7.6048 ], [ 109.808952, -7.60274 ], [ 109.810028, -7.600879 ], [ 109.811607, -7.599407 ], [ 109.814278, -7.598326 ], [ 109.814163, -7.603033 ], [ 109.81324, -7.608191 ], [ 109.81337, -7.611366 ], [ 109.81337, -7.614011 ], [ 109.812843, -7.617318 ], [ 109.812309, -7.620492 ], [ 109.813103, -7.623534 ], [ 109.814445, -7.626862 ], [ 109.814377, -7.628955 ], [ 109.814774, -7.631046 ], [ 109.812698, -7.631542 ], [ 109.810448, -7.633395 ], [ 109.808655, -7.632398 ], [ 109.807587, -7.634118 ], [ 109.805786, -7.636745 ], [ 109.806511, -7.638641 ], [ 109.804947, -7.640097 ], [ 109.804191, -7.641993 ], [ 109.800865, -7.643292 ], [ 109.799934, -7.645106 ], [ 109.798515, -7.646594 ], [ 109.800911, -7.651762 ], [ 109.802269, -7.653278 ], [ 109.803482, -7.654876 ], [ 109.802887, -7.656974 ], [ 109.802757, -7.659527 ], [ 109.802895, -7.663302 ], [ 109.804153, -7.666053 ], [ 109.80584, -7.667347 ], [ 109.807015, -7.668992 ], [ 109.807861, -7.670923 ], [ 109.806984, -7.673012 ], [ 109.806786, -7.675005 ], [ 109.806915, -7.677017 ], [ 109.806198, -7.679053 ], [ 109.805954, -7.681166 ], [ 109.805382, -7.68363 ], [ 109.80468, -7.685732 ], [ 109.803887, -7.690032 ], [ 109.803352, -7.692825 ], [ 109.801605, -7.694119 ], [ 109.799759, -7.695398 ], [ 109.798149, -7.696801 ], [ 109.798134, -7.699051 ], [ 109.799034, -7.700973 ], [ 109.799927, -7.702825 ], [ 109.80011, -7.706199 ], [ 109.80201, -7.706901 ], [ 109.802612, -7.708991 ], [ 109.804581, -7.708213 ], [ 109.806587, -7.708281 ], [ 109.807892, -7.709853 ], [ 109.80986, -7.710334 ], [ 109.811699, -7.711134 ], [ 109.814575, -7.712234 ], [ 109.81675, -7.7133 ], [ 109.818985, -7.71388 ], [ 109.821205, -7.714272 ], [ 109.823357, -7.714617 ], [ 109.825531, -7.714788 ], [ 109.827545, -7.714577 ], [ 109.829575, -7.713695 ], [ 109.830597, -7.715502 ], [ 109.829841, -7.717558 ], [ 109.828804, -7.719517 ], [ 109.830444, -7.722347 ], [ 109.830322, -7.724556 ], [ 109.831253, -7.72653 ], [ 109.83136, -7.729157 ], [ 109.831428, -7.731339 ], [ 109.831619, -7.734344 ], [ 109.831863, -7.738058 ], [ 109.832207, -7.740122 ], [ 109.832466, -7.742463 ], [ 109.832169, -7.744797 ], [ 109.832077, -7.746986 ], [ 109.831695, -7.749077 ], [ 109.831688, -7.752034 ], [ 109.832847, -7.755802 ], [ 109.832947, -7.760545 ], [ 109.83297, -7.762593 ], [ 109.833076, -7.76524 ], [ 109.833305, -7.767446 ], [ 109.833229, -7.770976 ], [ 109.832939, -7.773779 ], [ 109.832275, -7.775696 ], [ 109.831222, -7.779612 ], [ 109.830002, -7.783884 ], [ 109.829376, -7.786097 ], [ 109.829285, -7.788421 ], [ 109.830689, -7.790485 ], [ 109.83268, -7.791762 ], [ 109.834793, -7.793115 ], [ 109.833008, -7.796944 ], [ 109.833313, -7.799292 ] ] ] } },
{ "type": "Feature", "properties": { "STATISTIK": "3324", "KABUPATEN": "KENDAL", "PROPINSI": "JAWA TENGAH", "LUAS_KM2": "25.0131", "DATA": "BAKOSURTANAL, BPS" }, "geometry": { "type": "Polygon", "coordinates": [ [ [ 110.349792, -7.159276 ], [ 110.349716, -7.162808 ], [ 110.349381, -7.165545 ], [ 110.351417, -7.166223 ], [ 110.353294, -7.167467 ], [ 110.354927, -7.168644 ], [ 110.35733, -7.169379 ], [ 110.359703, -7.169317 ], [ 110.361816, -7.169065 ], [ 110.364075, -7.169627 ], [ 110.364822, -7.171634 ], [ 110.365563, -7.173903 ], [ 110.364899, -7.176255 ], [ 110.362182, -7.17653 ], [ 110.360268, -7.177473 ], [ 110.358551, -7.178523 ], [ 110.356323, -7.179704 ], [ 110.354462, -7.180737 ], [ 110.352059, -7.182016 ], [ 110.349686, -7.182901 ], [ 110.347588, -7.184773 ], [ 110.34613, -7.186331 ], [ 110.343002, -7.18895 ], [ 110.34034, -7.189687 ], [ 110.33902, -7.19127 ], [ 110.337082, -7.192165 ], [ 110.334984, -7.192147 ], [ 110.333069, -7.192882 ], [ 110.331047, -7.193683 ], [ 110.329117, -7.194309 ], [ 110.32724, -7.19541 ], [ 110.32502, -7.196579 ], [ 110.322868, -7.197295 ], [ 110.320923, -7.196334 ], [ 110.319786, -7.194461 ], [ 110.317802, -7.193727 ], [ 110.315559, -7.193363 ], [ 110.313576, -7.193067 ], [ 110.311317, -7.193412 ], [ 110.309021, -7.19292 ], [ 110.307221, -7.194396 ], [ 110.305039, -7.195075 ], [ 110.302757, -7.194931 ], [ 110.300316, -7.195192 ], [ 110.298454, -7.19614 ], [ 110.296295, -7.195734 ], [ 110.294578, -7.194237 ], [ 110.292503, -7.193358 ], [ 110.290291, -7.192594 ], [ 110.288765, -7.191053 ], [ 110.286919, -7.190168 ], [ 110.2855, -7.193596 ], [ 110.281723, -7.194997 ], [ 110.27919, -7.195797 ], [ 110.276565, -7.195859 ], [ 110.274246, -7.195601 ], [ 110.271889, -7.194898 ], [ 110.26989, -7.194829 ], [ 110.267464, -7.194891 ], [ 110.265091, -7.194805 ], [ 110.262985, -7.194555 ], [ 110.260651, -7.194023 ], [ 110.258217, -7.193048 ], [ 110.25602, -7.19183 ], [ 110.251968, -7.189191 ], [ 110.249664, -7.187583 ], [ 110.245979, -7.186496 ], [ 110.243736, -7.186961 ], [ 110.241455, -7.188369 ], [ 110.239487, -7.189906 ], [ 110.237183, -7.190371 ], [ 110.23465, -7.190087 ], [ 110.232063, -7.189919 ], [ 110.229523, -7.189175 ], [ 110.225944, -7.1877 ], [ 110.224563, -7.185671 ], [ 110.222206, -7.185214 ], [ 110.219498, -7.186183 ], [ 110.215294, -7.183383 ], [ 110.213165, -7.182696 ], [ 110.209244, -7.181149 ], [ 110.206246, -7.180175 ], [ 110.201698, -7.179261 ], [ 110.198418, -7.178115 ], [ 110.195587, -7.176738 ], [ 110.190803, -7.174443 ], [ 110.188614, -7.17197 ], [ 110.188896, -7.169148 ], [ 110.188248, -7.164714 ], [ 110.186562, -7.160513 ], [ 110.184769, -7.156197 ], [ 110.18338, -7.153781 ], [ 110.181473, -7.151423 ], [ 110.177841, -7.148262 ], [ 110.172943, -7.147407 ], [ 110.170814, -7.146777 ], [ 110.168281, -7.14609 ], [ 110.16597, -7.14523 ], [ 110.163902, -7.14581 ], [ 110.156426, -7.148242 ], [ 110.154129, -7.148304 ], [ 110.151649, -7.147848 ], [ 110.148132, -7.146069 ], [ 110.147438, -7.14417 ], [ 110.146797, -7.140945 ], [ 110.14444, -7.140777 ], [ 110.141487, -7.136578 ], [ 110.141998, -7.134043 ], [ 110.143432, -7.132024 ], [ 110.145096, -7.130812 ], [ 110.144913, -7.127184 ], [ 110.148651, -7.125046 ], [ 110.154465, -7.126418 ], [ 110.158028, -7.124396 ], [ 110.159172, -7.121687 ], [ 110.160599, -7.118228 ], [ 110.162087, -7.116037 ], [ 110.164383, -7.11419 ], [ 110.16996, -7.112279 ], [ 110.172989, -7.111304 ], [ 110.175713, -7.110426 ], [ 110.17836, -7.1095 ], [ 110.1791, -7.107048 ], [ 110.179092, -7.104258 ], [ 110.179031, -7.099751 ], [ 110.176483, -7.099252 ], [ 110.173256, -7.096205 ], [ 110.16893, -7.094888 ], [ 110.166687, -7.095122 ], [ 110.164391, -7.09576 ], [ 110.162033, -7.096456 ], [ 110.152649, -7.0963 ], [ 110.147232, -7.095043 ], [ 110.143036, -7.094417 ], [ 110.140556, -7.094939 ], [ 110.137108, -7.095119 ], [ 110.132095, -7.094264 ], [ 110.128006, -7.093695 ], [ 110.117073, -7.093311 ], [ 110.11161, -7.09574 ], [ 110.103912, -7.099613 ], [ 110.096497, -7.103197 ], [ 110.093513, -7.104239 ], [ 110.087479, -7.108167 ], [ 110.086266, -7.109817 ], [ 110.083237, -7.113934 ], [ 110.08094, -7.115896 ], [ 110.078415, -7.117168 ], [ 110.075295, -7.117713 ], [ 110.072434, -7.118084 ], [ 110.069153, -7.118336 ], [ 110.062057, -7.119017 ], [ 110.059372, -7.119275 ], [ 110.053108, -7.122685 ], [ 110.050835, -7.124149 ], [ 110.047996, -7.125977 ], [ 110.038231, -7.133021 ], [ 110.034065, -7.135909 ], [ 110.032135, -7.139101 ], [ 110.029221, -7.141964 ], [ 110.026863, -7.143639 ], [ 110.025261, -7.144851 ], [ 110.023422, -7.145718 ], [ 110.017555, -7.147975 ], [ 110.01503, -7.14965 ], [ 110.010262, -7.15346 ], [ 110.007858, -7.155701 ], [ 110.006363, -7.157095 ], [ 110.003548, -7.159288 ], [ 110.001137, -7.161193 ], [ 109.99913, -7.163616 ], [ 109.997299, -7.166614 ], [ 109.994598, -7.169614 ], [ 109.991386, -7.171654 ], [ 109.988052, -7.173772 ], [ 109.980583, -7.1792 ], [ 109.974495, -7.183242 ], [ 109.968575, -7.186018 ], [ 109.962662, -7.189196 ], [ 109.959396, -7.190528 ], [ 109.957481, -7.191629 ], [ 109.953865, -7.193877 ], [ 109.94944, -7.195843 ], [ 109.947144, -7.196538 ], [ 109.944206, -7.19735 ], [ 109.94001, -7.197818 ], [ 109.932869, -7.195239 ], [ 109.930832, -7.193082 ], [ 109.92836, -7.190467 ], [ 109.926689, -7.188454 ], [ 109.926102, -7.185864 ], [ 109.928276, -7.182001 ], [ 109.929596, -7.18004 ], [ 109.933083, -7.172374 ], [ 109.93512, -7.166326 ], [ 109.936913, -7.162289 ], [ 109.938675, -7.156296 ], [ 109.93911, -7.153022 ], [ 109.939522, -7.149959 ], [ 109.94014, -7.144083 ], [ 109.941414, -7.139575 ], [ 109.944084, -7.136474 ], [ 109.946152, -7.133475 ], [ 109.947289, -7.130651 ], [ 109.947975, -7.127712 ], [ 109.948715, -7.125753 ], [ 109.951294, -7.122235 ], [ 109.953758, -7.118948 ], [ 109.95668, -7.113701 ], [ 109.958489, -7.109603 ], [ 109.960739, -7.104249 ], [ 109.962448, -7.098913 ], [ 109.963364, -7.096411 ], [ 109.965767, -7.091684 ], [ 109.970146, -7.08771 ], [ 109.973969, -7.083375 ], [ 109.976151, -7.080665 ], [ 109.97731, -7.078068 ], [ 109.978325, -7.075811 ], [ 109.979401, -7.069889 ], [ 109.979622, -7.0677 ], [ 109.980247, -7.065798 ], [ 109.981438, -7.058482 ], [ 109.980553, -7.052091 ], [ 109.979332, -7.048176 ], [ 109.977539, -7.045415 ], [ 109.975174, -7.043519 ], [ 109.973679, -7.041681 ], [ 109.973373, -7.038454 ], [ 109.973831, -7.03517 ], [ 109.973648, -7.032866 ], [ 109.976288, -7.029924 ], [ 109.978241, -7.029057 ], [ 109.980774, -7.027901 ], [ 109.985535, -7.024724 ], [ 109.992722, -7.02212 ], [ 109.996048, -7.022278 ], [ 110.000549, -7.021299 ], [ 110.002731, -7.020432 ], [ 110.007095, -7.01789 ], [ 110.009048, -7.015812 ], [ 110.010712, -7.014082 ], [ 110.012291, -7.012413 ], [ 110.01651, -7.007563 ], [ 110.020752, -7.003121 ], [ 110.02224, -7.000526 ], [ 110.024963, -6.997758 ], [ 110.028504, -6.995331 ], [ 110.030189, -6.992483 ], [ 110.033325, -6.991937 ], [ 110.035835, -6.99133 ], [ 110.037826, -6.990856 ], [ 110.040199, -6.989621 ], [ 110.041962, -6.985875 ], [ 110.044113, -6.982972 ], [ 110.045242, -6.98015 ], [ 110.047424, -6.976775 ], [ 110.047821, -6.971811 ], [ 110.047028, -6.96923 ], [ 110.046631, -6.965457 ], [ 110.047867, -6.960258 ], [ 110.046234, -6.95831 ], [ 110.04612, -6.955184 ], [ 110.046036, -6.952949 ], [ 110.045242, -6.950368 ], [ 110.043854, -6.947985 ], [ 110.041664, -6.946794 ], [ 110.038094, -6.944412 ], [ 110.033722, -6.941433 ], [ 110.031341, -6.938654 ], [ 110.029358, -6.93508 ], [ 110.028961, -6.9323 ], [ 110.030151, -6.929123 ], [ 110.031738, -6.927535 ], [ 110.034721, -6.925947 ], [ 110.038292, -6.923961 ], [ 110.041466, -6.921182 ], [ 110.041664, -6.917409 ], [ 110.039482, -6.916417 ], [ 110.036903, -6.916615 ], [ 110.034721, -6.917012 ], [ 110.032333, -6.916615 ], [ 110.030151, -6.916218 ], [ 110.027771, -6.915027 ], [ 110.026123, -6.911779 ], [ 110.028534, -6.910746 ], [ 110.029696, -6.90999 ], [ 110.030617, -6.909758 ], [ 110.03117, -6.90934 ], [ 110.032417, -6.908833 ], [ 110.035179, -6.907496 ], [ 110.037216, -6.906731 ], [ 110.038022, -6.9065 ], [ 110.038585, -6.906803 ], [ 110.04006, -6.906868 ], [ 110.041382, -6.906673 ], [ 110.041989, -6.905372 ], [ 110.042206, -6.905069 ], [ 110.042141, -6.904895 ], [ 110.041902, -6.904852 ], [ 110.041555, -6.904895 ], [ 110.04123, -6.905134 ], [ 110.040905, -6.905091 ], [ 110.041165, -6.904614 ], [ 110.041153, -6.904349 ], [ 110.042379, -6.904527 ], [ 110.043861, -6.904601 ], [ 110.045838, -6.904984 ], [ 110.047966, -6.905399 ], [ 110.049707, -6.905437 ], [ 110.050613, -6.905241 ], [ 110.053413, -6.904938 ], [ 110.055649, -6.904392 ], [ 110.056515, -6.904267 ], [ 110.057664, -6.903898 ], [ 110.057512, -6.902641 ], [ 110.057859, -6.902662 ], [ 110.058022, -6.902333 ], [ 110.058228, -6.902229 ], [ 110.060005, -6.902748 ], [ 110.06234, -6.902843 ], [ 110.063952, -6.902381 ], [ 110.064223, -6.90215 ], [ 110.06472, -6.901967 ], [ 110.066803, -6.901445 ], [ 110.069817, -6.901184 ], [ 110.070608, -6.901123 ], [ 110.070846, -6.900885 ], [ 110.071843, -6.900928 ], [ 110.07222, -6.900717 ], [ 110.074219, -6.899938 ], [ 110.076446, -6.899347 ], [ 110.07683, -6.898977 ], [ 110.078056, -6.89892 ], [ 110.079843, -6.898435 ], [ 110.080219, -6.898151 ], [ 110.080322, -6.898115 ], [ 110.081816, -6.897611 ], [ 110.083473, -6.897189 ], [ 110.085663, -6.896651 ], [ 110.087475, -6.896267 ], [ 110.088631, -6.895435 ], [ 110.091469, -6.894526 ], [ 110.093742, -6.893925 ], [ 110.094369, -6.893491 ], [ 110.094955, -6.893383 ], [ 110.096017, -6.893882 ], [ 110.096494, -6.893925 ], [ 110.096855, -6.893822 ], [ 110.096841, -6.893773 ], [ 110.097752, -6.89334 ], [ 110.098359, -6.892754 ], [ 110.099022, -6.892419 ], [ 110.099161, -6.892169 ], [ 110.10009, -6.892235 ], [ 110.101006, -6.892078 ], [ 110.102305, -6.891844 ], [ 110.10334, -6.89163 ], [ 110.104483, -6.891083 ], [ 110.105167, -6.890868 ], [ 110.105797, -6.890454 ], [ 110.106619, -6.890413 ], [ 110.107918, -6.889904 ], [ 110.110123, -6.888856 ], [ 110.112923, -6.887611 ], [ 110.114619, -6.886879 ], [ 110.114776, -6.886541 ], [ 110.114879, -6.886489 ], [ 110.11618, -6.886228 ], [ 110.116419, -6.88638 ], [ 110.117004, -6.886185 ], [ 110.11717, -6.88582 ], [ 110.117302, -6.885781 ], [ 110.118457, -6.885491 ], [ 110.119461, -6.88529 ], [ 110.121658, -6.884929 ], [ 110.123682, -6.884472 ], [ 110.125, -6.883971 ], [ 110.127434, -6.883228 ], [ 110.130058, -6.882435 ], [ 110.131292, -6.881654 ], [ 110.132545, -6.881235 ], [ 110.134154, -6.880591 ], [ 110.134261, -6.880632 ], [ 110.134796, -6.880444 ], [ 110.135259, -6.880288 ], [ 110.136078, -6.879134 ], [ 110.136625, -6.878575 ], [ 110.136795, -6.878485 ], [ 110.136756, -6.878402 ], [ 110.137926, -6.877643 ], [ 110.139943, -6.876472 ], [ 110.141724, -6.875 ], [ 110.143715, -6.873735 ], [ 110.146347, -6.872221 ], [ 110.149162, -6.870484 ], [ 110.151672, -6.869137 ], [ 110.153427, -6.868149 ], [ 110.155197, -6.867052 ], [ 110.158241, -6.865069 ], [ 110.160873, -6.863568 ], [ 110.16256, -6.862268 ], [ 110.16429, -6.860775 ], [ 110.165375, -6.859672 ], [ 110.167351, -6.858397 ], [ 110.168171, -6.857545 ], [ 110.168821, -6.857024 ], [ 110.16984, -6.856461 ], [ 110.170729, -6.856482 ], [ 110.170729, -6.856244 ], [ 110.171778, -6.855447 ], [ 110.172052, -6.855095 ], [ 110.174068, -6.853707 ], [ 110.174306, -6.853274 ], [ 110.174458, -6.853035 ], [ 110.174718, -6.852927 ], [ 110.176019, -6.85284 ], [ 110.176539, -6.852884 ], [ 110.177689, -6.853274 ], [ 110.178079, -6.853165 ], [ 110.177992, -6.852103 ], [ 110.178057, -6.850585 ], [ 110.177856, -6.849456 ], [ 110.177623, -6.848742 ], [ 110.176062, -6.845707 ], [ 110.175976, -6.845165 ], [ 110.176648, -6.844753 ], [ 110.178635, -6.844614 ], [ 110.179163, -6.844753 ], [ 110.17977, -6.845187 ], [ 110.180267, -6.846345 ], [ 110.182816, -6.849688 ], [ 110.183802, -6.850303 ], [ 110.184746, -6.850759 ], [ 110.18506, -6.850802 ], [ 110.186913, -6.851804 ], [ 110.189026, -6.852838 ], [ 110.190415, -6.853447 ], [ 110.191369, -6.853707 ], [ 110.192329, -6.853443 ], [ 110.193277, -6.85336 ], [ 110.193794, -6.853569 ], [ 110.194296, -6.853859 ], [ 110.194816, -6.853902 ], [ 110.195922, -6.854076 ], [ 110.196638, -6.854076 ], [ 110.197093, -6.854033 ], [ 110.197365, -6.853876 ], [ 110.197895, -6.853599 ], [ 110.198805, -6.853837 ], [ 110.199982, -6.854839 ], [ 110.200518, -6.856114 ], [ 110.201981, -6.856919 ], [ 110.202404, -6.857024 ], [ 110.203163, -6.855463 ], [ 110.206398, -6.85651 ], [ 110.20845, -6.85705 ], [ 110.209754, -6.857306 ], [ 110.210296, -6.857306 ], [ 110.210599, -6.857145 ], [ 110.210752, -6.857003 ], [ 110.210945, -6.85716 ], [ 110.211575, -6.857436 ], [ 110.212069, -6.857455 ], [ 110.213483, -6.857827 ], [ 110.214409, -6.858121 ], [ 110.215514, -6.858479 ], [ 110.21641, -6.858629 ], [ 110.217934, -6.859262 ], [ 110.218513, -6.859496 ], [ 110.218925, -6.859908 ], [ 110.219253, -6.860872 ], [ 110.219467, -6.861317 ], [ 110.219334, -6.861662 ], [ 110.219294, -6.861773 ], [ 110.218687, -6.86225 ], [ 110.218492, -6.862575 ], [ 110.219294, -6.863138 ], [ 110.219424, -6.863572 ], [ 110.219551, -6.86377 ], [ 110.220053, -6.864114 ], [ 110.220399, -6.864873 ], [ 110.220413, -6.865712 ], [ 110.220616, -6.866217 ], [ 110.220681, -6.867106 ], [ 110.220356, -6.867149 ], [ 110.220204, -6.867345 ], [ 110.220551, -6.867583 ], [ 110.220985, -6.867648 ], [ 110.221332, -6.867648 ], [ 110.221565, -6.86906 ], [ 110.221462, -6.869534 ], [ 110.221462, -6.869773 ], [ 110.221548, -6.86999 ], [ 110.221941, -6.870081 ], [ 110.222313, -6.871089 ], [ 110.222481, -6.87142 ], [ 110.222069, -6.872071 ], [ 110.223335, -6.873364 ], [ 110.223692, -6.874178 ], [ 110.224237, -6.874889 ], [ 110.224801, -6.876103 ], [ 110.22476, -6.876611 ], [ 110.224922, -6.876981 ], [ 110.225603, -6.878076 ], [ 110.226417, -6.879895 ], [ 110.226709, -6.88044 ], [ 110.227806, -6.881404 ], [ 110.228226, -6.882087 ], [ 110.22807, -6.882425 ], [ 110.228333, -6.883446 ], [ 110.228703, -6.884147 ], [ 110.22892, -6.885101 ], [ 110.227661, -6.885719 ], [ 110.226904, -6.886424 ], [ 110.226665, -6.887139 ], [ 110.226947, -6.887638 ], [ 110.227121, -6.887898 ], [ 110.227706, -6.889047 ], [ 110.228291, -6.888895 ], [ 110.229447, -6.887851 ], [ 110.230286, -6.887182 ], [ 110.230611, -6.887638 ], [ 110.230785, -6.888115 ], [ 110.229941, -6.889 ], [ 110.229592, -6.889264 ], [ 110.229722, -6.889741 ], [ 110.230575, -6.890474 ], [ 110.231218, -6.890976 ], [ 110.231869, -6.891172 ], [ 110.232433, -6.890811 ], [ 110.232801, -6.890761 ], [ 110.23317, -6.890716 ], [ 110.233917, -6.890905 ], [ 110.23626, -6.89126 ], [ 110.236985, -6.891497 ], [ 110.23803, -6.892297 ], [ 110.238221, -6.892429 ], [ 110.238264, -6.892624 ], [ 110.237809, -6.893361 ], [ 110.23833, -6.894489 ], [ 110.238915, -6.89545 ], [ 110.239777, -6.897487 ], [ 110.240845, -6.899362 ], [ 110.24205, -6.901138 ], [ 110.243225, -6.902866 ], [ 110.24469, -6.904328 ], [ 110.246582, -6.905853 ], [ 110.248558, -6.907408 ], [ 110.249712, -6.908343 ], [ 110.250969, -6.908917 ], [ 110.25277, -6.9094 ], [ 110.253289, -6.909318 ], [ 110.253639, -6.909633 ], [ 110.254048, -6.909947 ], [ 110.254509, -6.909867 ], [ 110.254568, -6.909427 ], [ 110.253939, -6.908863 ], [ 110.253961, -6.908668 ], [ 110.254872, -6.909123 ], [ 110.255045, -6.909318 ], [ 110.256554, -6.910016 ], [ 110.258758, -6.910787 ], [ 110.259468, -6.911009 ], [ 110.26053, -6.910988 ], [ 110.260921, -6.910663 ], [ 110.261354, -6.910532 ], [ 110.262113, -6.910836 ], [ 110.264588, -6.911641 ], [ 110.268082, -6.912538 ], [ 110.270454, -6.91308 ], [ 110.27433, -6.913951 ], [ 110.276375, -6.914454 ], [ 110.278458, -6.914922 ], [ 110.280238, -6.915389 ], [ 110.281235, -6.915735 ], [ 110.283339, -6.916321 ], [ 110.285172, -6.917066 ], [ 110.288345, -6.918682 ], [ 110.290108, -6.919998 ], [ 110.292519, -6.922172 ], [ 110.293968, -6.923788 ], [ 110.295685, -6.925391 ], [ 110.29747, -6.926426 ], [ 110.299024, -6.927105 ], [ 110.299354, -6.927574 ], [ 110.300464, -6.92799 ], [ 110.301002, -6.928163 ], [ 110.301819, -6.928399 ], [ 110.302285, -6.92825 ], [ 110.302615, -6.928285 ], [ 110.302823, -6.927903 ], [ 110.302921, -6.927839 ], [ 110.303205, -6.927591 ], [ 110.303392, -6.9276 ], [ 110.303711, -6.927438 ], [ 110.303829, -6.927157 ], [ 110.304141, -6.927053 ], [ 110.304679, -6.927018 ], [ 110.30539, -6.927436 ], [ 110.305778, -6.927436 ], [ 110.305945, -6.927261 ], [ 110.306257, -6.927435 ], [ 110.306406, -6.927668 ], [ 110.306604, -6.92766 ], [ 110.306899, -6.927851 ], [ 110.306969, -6.928094 ], [ 110.307487, -6.928558 ], [ 110.307699, -6.928952 ], [ 110.307461, -6.929169 ], [ 110.307612, -6.929364 ], [ 110.307179, -6.929516 ], [ 110.30694, -6.929451 ], [ 110.305557, -6.930562 ], [ 110.305206, -6.930774 ], [ 110.305726, -6.931446 ], [ 110.304596, -6.932405 ], [ 110.303124, -6.933592 ], [ 110.303108, -6.933864 ], [ 110.302409, -6.934416 ], [ 110.302799, -6.934741 ], [ 110.30332, -6.935608 ], [ 110.303818, -6.935787 ], [ 110.30587, -6.936449 ], [ 110.306875, -6.936714 ], [ 110.308083, -6.936494 ], [ 110.309098, -6.936182 ], [ 110.311479, -6.936498 ], [ 110.313433, -6.936964 ], [ 110.314438, -6.937112 ], [ 110.31548, -6.936759 ], [ 110.315833, -6.936629 ], [ 110.315871, -6.93648 ], [ 110.315517, -6.936033 ], [ 110.313973, -6.935494 ], [ 110.313322, -6.935397 ], [ 110.312713, -6.935187 ], [ 110.312009, -6.934984 ], [ 110.311537, -6.934801 ], [ 110.311271, -6.934781 ], [ 110.310463, -6.934539 ], [ 110.309357, -6.934251 ], [ 110.308127, -6.933545 ], [ 110.307439, -6.933045 ], [ 110.307191, -6.932989 ], [ 110.306183, -6.932902 ], [ 110.306058, -6.932783 ], [ 110.306007, -6.932681 ], [ 110.306001, -6.932516 ], [ 110.306127, -6.93234 ], [ 110.306427, -6.932135 ], [ 110.306683, -6.932192 ], [ 110.307042, -6.93238 ], [ 110.307513, -6.932755 ], [ 110.308354, -6.933374 ], [ 110.30952, -6.933937 ], [ 110.31027, -6.934249 ], [ 110.311247, -6.934517 ], [ 110.311975, -6.93475 ], [ 110.312895, -6.934972 ], [ 110.313259, -6.935119 ], [ 110.314491, -6.935357 ], [ 110.317489, -6.936629 ], [ 110.318196, -6.936759 ], [ 110.319555, -6.938285 ], [ 110.317955, -6.939515 ], [ 110.314285, -6.942194 ], [ 110.311775, -6.943804 ], [ 110.309769, -6.945156 ], [ 110.307876, -6.946184 ], [ 110.304382, -6.94555 ], [ 110.302322, -6.944725 ], [ 110.297577, -6.944374 ], [ 110.295639, -6.944962 ], [ 110.293289, -6.947011 ], [ 110.291443, -6.949659 ], [ 110.289772, -6.952609 ], [ 110.288254, -6.955418 ], [ 110.287361, -6.957415 ], [ 110.288345, -6.960515 ], [ 110.290039, -6.961851 ], [ 110.291252, -6.964672 ], [ 110.289543, -6.96688 ], [ 110.287536, -6.968472 ], [ 110.285568, -6.970035 ], [ 110.288437, -6.972574 ], [ 110.290184, -6.97383 ], [ 110.291344, -6.975548 ], [ 110.291809, -6.977782 ], [ 110.293968, -6.97835 ], [ 110.295013, -6.980162 ], [ 110.29409, -6.982137 ], [ 110.293335, -6.984448 ], [ 110.291237, -6.984391 ], [ 110.289337, -6.985378 ], [ 110.287315, -6.985318 ], [ 110.285484, -6.986203 ], [ 110.285103, -6.988258 ], [ 110.283333, -6.989238 ], [ 110.285347, -6.992676 ], [ 110.28711, -6.99381 ], [ 110.287422, -6.996029 ], [ 110.285446, -6.996955 ], [ 110.283279, -6.997369 ], [ 110.281662, -6.998821 ], [ 110.281044, -7.002185 ], [ 110.280411, -7.004468 ], [ 110.282509, -7.004991 ], [ 110.283325, -7.00697 ], [ 110.285271, -7.008185 ], [ 110.285454, -7.010453 ], [ 110.284485, -7.012852 ], [ 110.274681, -7.012436 ], [ 110.273567, -7.015921 ], [ 110.274315, -7.018044 ], [ 110.2743, -7.020173 ], [ 110.272247, -7.02062 ], [ 110.270546, -7.022271 ], [ 110.271881, -7.023946 ], [ 110.270744, -7.025711 ], [ 110.271843, -7.02746 ], [ 110.272354, -7.029804 ], [ 110.271683, -7.031811 ], [ 110.272316, -7.033802 ], [ 110.273041, -7.036472 ], [ 110.277191, -7.039751 ], [ 110.279175, -7.041987 ], [ 110.28067, -7.044471 ], [ 110.281166, -7.048694 ], [ 110.282783, -7.050682 ], [ 110.285759, -7.05006 ], [ 110.288368, -7.050806 ], [ 110.29023, -7.053414 ], [ 110.292221, -7.055401 ], [ 110.293831, -7.05714 ], [ 110.295326, -7.060245 ], [ 110.29731, -7.062729 ], [ 110.298927, -7.065338 ], [ 110.299675, -7.068194 ], [ 110.300537, -7.071424 ], [ 110.300911, -7.073535 ], [ 110.300293, -7.076268 ], [ 110.299675, -7.078752 ], [ 110.301163, -7.081732 ], [ 110.302155, -7.084465 ], [ 110.30265, -7.086452 ], [ 110.303276, -7.090054 ], [ 110.303581, -7.092662 ], [ 110.303581, -7.094774 ], [ 110.303337, -7.096761 ], [ 110.304207, -7.10086 ], [ 110.305572, -7.103468 ], [ 110.306816, -7.105704 ], [ 110.308052, -7.107443 ], [ 110.310661, -7.109306 ], [ 110.313148, -7.109181 ], [ 110.315758, -7.107691 ], [ 110.319359, -7.107318 ], [ 110.322212, -7.107691 ], [ 110.324699, -7.107691 ], [ 110.326561, -7.106946 ], [ 110.329422, -7.105952 ], [ 110.333267, -7.106449 ], [ 110.335755, -7.106822 ], [ 110.33799, -7.106325 ], [ 110.339356, -7.103965 ], [ 110.339234, -7.101481 ], [ 110.339356, -7.098997 ], [ 110.340973, -7.096388 ], [ 110.341835, -7.094401 ], [ 110.341835, -7.088936 ], [ 110.343574, -7.084962 ], [ 110.346298, -7.082525 ], [ 110.34684, -7.086478 ], [ 110.348083, -7.088373 ], [ 110.347443, -7.090273 ], [ 110.348244, -7.092385 ], [ 110.349213, -7.094202 ], [ 110.350227, -7.095947 ], [ 110.351242, -7.097699 ], [ 110.351616, -7.099914 ], [ 110.352379, -7.10188 ], [ 110.353089, -7.104176 ], [ 110.35408, -7.106024 ], [ 110.355698, -7.107566 ], [ 110.352432, -7.109205 ], [ 110.348884, -7.107162 ], [ 110.349357, -7.111354 ], [ 110.349404, -7.113422 ], [ 110.349922, -7.115508 ], [ 110.348862, -7.117712 ], [ 110.349449, -7.119915 ], [ 110.351349, -7.12138 ], [ 110.352738, -7.122997 ], [ 110.35257, -7.125 ], [ 110.352646, -7.12703 ], [ 110.352447, -7.129118 ], [ 110.352181, -7.131122 ], [ 110.352532, -7.133556 ], [ 110.353081, -7.135549 ], [ 110.353264, -7.137937 ], [ 110.353211, -7.140289 ], [ 110.353211, -7.142295 ], [ 110.352821, -7.144844 ], [ 110.352234, -7.147389 ], [ 110.35157, -7.149915 ], [ 110.351273, -7.151931 ], [ 110.351318, -7.154899 ], [ 110.349792, -7.159276 ] ] ] } },
{ "type": "Feature", "properties": { "STATISTIK": "3310", "KABUPATEN": "KLATEN", "PROPINSI": "JAWA TENGAH", "LUAS_KM2": "34.1462", "DATA": "BAKOSURTANAL, BPS" }, "geometry": { "type": "Polygon", "coordinates": [ [ [ 110.770775, -7.683824 ], [ 110.770104, -7.688623 ], [ 110.767838, -7.689886 ], [ 110.770134, -7.69212 ], [ 110.772644, -7.692018 ], [ 110.774178, -7.693364 ], [ 110.772377, -7.694942 ], [ 110.770981, -7.6966 ], [ 110.770012, -7.69858 ], [ 110.76786, -7.704125 ], [ 110.768959, -7.70606 ], [ 110.769539, -7.708004 ], [ 110.769287, -7.710144 ], [ 110.77063, -7.712389 ], [ 110.76931, -7.716198 ], [ 110.766113, -7.715322 ], [ 110.764488, -7.716988 ], [ 110.763657, -7.718858 ], [ 110.763931, -7.721028 ], [ 110.763764, -7.723593 ], [ 110.762161, -7.724804 ], [ 110.760071, -7.726956 ], [ 110.759613, -7.728966 ], [ 110.758614, -7.73135 ], [ 110.758728, -7.733551 ], [ 110.75695, -7.735075 ], [ 110.755623, -7.737203 ], [ 110.753456, -7.739706 ], [ 110.750763, -7.739992 ], [ 110.748825, -7.738113 ], [ 110.746414, -7.737149 ], [ 110.743332, -7.736874 ], [ 110.744987, -7.739147 ], [ 110.743881, -7.742604 ], [ 110.7425, -7.744401 ], [ 110.739456, -7.74689 ], [ 110.735451, -7.750485 ], [ 110.732681, -7.754356 ], [ 110.730469, -7.758781 ], [ 110.728676, -7.763206 ], [ 110.72757, -7.765695 ], [ 110.72522, -7.767907 ], [ 110.722176, -7.772055 ], [ 110.720238, -7.778139 ], [ 110.717339, -7.78685 ], [ 110.716232, -7.789616 ], [ 110.712624, -7.793676 ], [ 110.713226, -7.795928 ], [ 110.71389, -7.797833 ], [ 110.713852, -7.799917 ], [ 110.712501, -7.801666 ], [ 110.710571, -7.803531 ], [ 110.709053, -7.805017 ], [ 110.707069, -7.805501 ], [ 110.704994, -7.805537 ], [ 110.702766, -7.805598 ], [ 110.700744, -7.806819 ], [ 110.698547, -7.807573 ], [ 110.69648, -7.807458 ], [ 110.694122, -7.807278 ], [ 110.692192, -7.8083 ], [ 110.690399, -7.80725 ], [ 110.68837, -7.807156 ], [ 110.685524, -7.806393 ], [ 110.68341, -7.806434 ], [ 110.681381, -7.806057 ], [ 110.679314, -7.806185 ], [ 110.677765, -7.804885 ], [ 110.67614, -7.803506 ], [ 110.674004, -7.803425 ], [ 110.671951, -7.803492 ], [ 110.672264, -7.801314 ], [ 110.672874, -7.799209 ], [ 110.672112, -7.797289 ], [ 110.672768, -7.795296 ], [ 110.673591, -7.793048 ], [ 110.675224, -7.791449 ], [ 110.674965, -7.789176 ], [ 110.673287, -7.787611 ], [ 110.671204, -7.786928 ], [ 110.669067, -7.787693 ], [ 110.667839, -7.789312 ], [ 110.666328, -7.7913 ], [ 110.664162, -7.791972 ], [ 110.663391, -7.793867 ], [ 110.662003, -7.797019 ], [ 110.660927, -7.798918 ], [ 110.660118, -7.800805 ], [ 110.659363, -7.802712 ], [ 110.657845, -7.804734 ], [ 110.655807, -7.803892 ], [ 110.654877, -7.801966 ], [ 110.653748, -7.800298 ], [ 110.651833, -7.799592 ], [ 110.65036, -7.798171 ], [ 110.648254, -7.796954 ], [ 110.646294, -7.796365 ], [ 110.644295, -7.797168 ], [ 110.64212, -7.798023 ], [ 110.636955, -7.799512 ], [ 110.633339, -7.79903 ], [ 110.631912, -7.79745 ], [ 110.62986, -7.798159 ], [ 110.62896, -7.800137 ], [ 110.623413, -7.7999 ], [ 110.620804, -7.799631 ], [ 110.617577, -7.80008 ], [ 110.615418, -7.80026 ], [ 110.612228, -7.799361 ], [ 110.60955, -7.796944 ], [ 110.607529, -7.796615 ], [ 110.604599, -7.797835 ], [ 110.601814, -7.798374 ], [ 110.599121, -7.800169 ], [ 110.597687, -7.801965 ], [ 110.595802, -7.804929 ], [ 110.594002, -7.806814 ], [ 110.591308, -7.806725 ], [ 110.588882, -7.805377 ], [ 110.586998, -7.803761 ], [ 110.58493, -7.803223 ], [ 110.58242, -7.80457 ], [ 110.580628, -7.805557 ], [ 110.57856, -7.805557 ], [ 110.576401, -7.8043 ], [ 110.577751, -7.802325 ], [ 110.580444, -7.799892 ], [ 110.581764, -7.797612 ], [ 110.582466, -7.795507 ], [ 110.582291, -7.793052 ], [ 110.580887, -7.790947 ], [ 110.578079, -7.789194 ], [ 110.573341, -7.787264 ], [ 110.570015, -7.786037 ], [ 110.565979, -7.783932 ], [ 110.562821, -7.782354 ], [ 110.560539, -7.782003 ], [ 110.556687, -7.783231 ], [ 110.553703, -7.785861 ], [ 110.551773, -7.788141 ], [ 110.547913, -7.790596 ], [ 110.545631, -7.791649 ], [ 110.543182, -7.793052 ], [ 110.54116, -7.794401 ], [ 110.538971, -7.795858 ], [ 110.534935, -7.794981 ], [ 110.533005, -7.794455 ], [ 110.530731, -7.793052 ], [ 110.529152, -7.791649 ], [ 110.526954, -7.788492 ], [ 110.523857, -7.786115 ], [ 110.523277, -7.782529 ], [ 110.520294, -7.780776 ], [ 110.518188, -7.779899 ], [ 110.515907, -7.777969 ], [ 110.513626, -7.774988 ], [ 110.512222, -7.772182 ], [ 110.510468, -7.77113 ], [ 110.508018, -7.769727 ], [ 110.505211, -7.769551 ], [ 110.501701, -7.7692 ], [ 110.497459, -7.767983 ], [ 110.495567, -7.768674 ], [ 110.493637, -7.766921 ], [ 110.493637, -7.764114 ], [ 110.494515, -7.761133 ], [ 110.495217, -7.75745 ], [ 110.49469, -7.751136 ], [ 110.493896, -7.7457 ], [ 110.493195, -7.740263 ], [ 110.492111, -7.736574 ], [ 110.49144, -7.7343 ], [ 110.490036, -7.729916 ], [ 110.488289, -7.725181 ], [ 110.487587, -7.722374 ], [ 110.487411, -7.719568 ], [ 110.487061, -7.71343 ], [ 110.486458, -7.708831 ], [ 110.486183, -7.706766 ], [ 110.484779, -7.700276 ], [ 110.483726, -7.695366 ], [ 110.4832, -7.690455 ], [ 110.481972, -7.686597 ], [ 110.480041, -7.680985 ], [ 110.478966, -7.677868 ], [ 110.478287, -7.675899 ], [ 110.477936, -7.671865 ], [ 110.475662, -7.662219 ], [ 110.474411, -7.655933 ], [ 110.473244, -7.650349 ], [ 110.472427, -7.646606 ], [ 110.471665, -7.643095 ], [ 110.470558, -7.637855 ], [ 110.470207, -7.633708 ], [ 110.470245, -7.630081 ], [ 110.470642, -7.627316 ], [ 110.470512, -7.621672 ], [ 110.469925, -7.617987 ], [ 110.4683, -7.612806 ], [ 110.46714, -7.610332 ], [ 110.465859, -7.606591 ], [ 110.465218, -7.603539 ], [ 110.465034, -7.599739 ], [ 110.464508, -7.596168 ], [ 110.463226, -7.591276 ], [ 110.461258, -7.586902 ], [ 110.458824, -7.581492 ], [ 110.456963, -7.576485 ], [ 110.457115, -7.569363 ], [ 110.455612, -7.566639 ], [ 110.456406, -7.561685 ], [ 110.456741, -7.558056 ], [ 110.456383, -7.554831 ], [ 110.455338, -7.551781 ], [ 110.451256, -7.545461 ], [ 110.455322, -7.545445 ], [ 110.458031, -7.546938 ], [ 110.461891, -7.550038 ], [ 110.466392, -7.553431 ], [ 110.4702, -7.556822 ], [ 110.474648, -7.561997 ], [ 110.478111, -7.565677 ], [ 110.481697, -7.56976 ], [ 110.484581, -7.572519 ], [ 110.487923, -7.575277 ], [ 110.491852, -7.578438 ], [ 110.49456, -7.580391 ], [ 110.497009, -7.58224 ], [ 110.499527, -7.584206 ], [ 110.502754, -7.58723 ], [ 110.504479, -7.588552 ], [ 110.5065, -7.589066 ], [ 110.510307, -7.593033 ], [ 110.512512, -7.597579 ], [ 110.514526, -7.600604 ], [ 110.516037, -7.602872 ], [ 110.519272, -7.608856 ], [ 110.523323, -7.616278 ], [ 110.525925, -7.618519 ], [ 110.530335, -7.620456 ], [ 110.535972, -7.622268 ], [ 110.53804, -7.619716 ], [ 110.539009, -7.617715 ], [ 110.540802, -7.616129 ], [ 110.543411, -7.614935 ], [ 110.545441, -7.613042 ], [ 110.547058, -7.611571 ], [ 110.548782, -7.610173 ], [ 110.549515, -7.608235 ], [ 110.547722, -7.607297 ], [ 110.545921, -7.606369 ], [ 110.544693, -7.604669 ], [ 110.546249, -7.602759 ], [ 110.547386, -7.601046 ], [ 110.54924, -7.601809 ], [ 110.551033, -7.602735 ], [ 110.553337, -7.603873 ], [ 110.553512, -7.601395 ], [ 110.555351, -7.599132 ], [ 110.557381, -7.59761 ], [ 110.558304, -7.595819 ], [ 110.560196, -7.59411 ], [ 110.562195, -7.593986 ], [ 110.563629, -7.592191 ], [ 110.56488, -7.59063 ], [ 110.566101, -7.589 ], [ 110.569191, -7.586063 ], [ 110.571274, -7.58681 ], [ 110.572411, -7.58507 ], [ 110.574554, -7.583878 ], [ 110.576347, -7.584814 ], [ 110.578308, -7.585341 ], [ 110.580788, -7.584198 ], [ 110.584099, -7.584068 ], [ 110.586029, -7.584815 ], [ 110.587761, -7.586672 ], [ 110.589233, -7.584609 ], [ 110.592018, -7.585217 ], [ 110.59401, -7.58615 ], [ 110.597145, -7.588246 ], [ 110.597755, -7.58602 ], [ 110.599243, -7.584472 ], [ 110.599853, -7.582385 ], [ 110.599098, -7.580328 ], [ 110.596863, -7.579709 ], [ 110.59732, -7.57553 ], [ 110.597351, -7.573427 ], [ 110.59848, -7.571667 ], [ 110.59932, -7.569752 ], [ 110.601379, -7.570314 ], [ 110.603111, -7.571335 ], [ 110.604828, -7.572374 ], [ 110.606544, -7.573525 ], [ 110.608986, -7.574246 ], [ 110.610794, -7.575561 ], [ 110.612701, -7.576189 ], [ 110.615288, -7.57679 ], [ 110.617889, -7.577714 ], [ 110.619964, -7.578568 ], [ 110.622139, -7.579296 ], [ 110.624702, -7.578673 ], [ 110.625, -7.580764 ], [ 110.627243, -7.580991 ], [ 110.629318, -7.581196 ], [ 110.631187, -7.582266 ], [ 110.633262, -7.582692 ], [ 110.635765, -7.583791 ], [ 110.637726, -7.58471 ], [ 110.639603, -7.585722 ], [ 110.642242, -7.585988 ], [ 110.644775, -7.58624 ], [ 110.646813, -7.586947 ], [ 110.649933, -7.58694 ], [ 110.653061, -7.587472 ], [ 110.655075, -7.588184 ], [ 110.657036, -7.589037 ], [ 110.659126, -7.588324 ], [ 110.661758, -7.587984 ], [ 110.663757, -7.587536 ], [ 110.665817, -7.587381 ], [ 110.66787, -7.586941 ], [ 110.66996, -7.586281 ], [ 110.672775, -7.586574 ], [ 110.674004, -7.588264 ], [ 110.676415, -7.588143 ], [ 110.678787, -7.589125 ], [ 110.680809, -7.589946 ], [ 110.682777, -7.589146 ], [ 110.685364, -7.588456 ], [ 110.688164, -7.587512 ], [ 110.690826, -7.587397 ], [ 110.692726, -7.588217 ], [ 110.694527, -7.589744 ], [ 110.696724, -7.590274 ], [ 110.697907, -7.592484 ], [ 110.700302, -7.592528 ], [ 110.702011, -7.593709 ], [ 110.706322, -7.593027 ], [ 110.709442, -7.595718 ], [ 110.71164, -7.595963 ], [ 110.713806, -7.595964 ], [ 110.715858, -7.596725 ], [ 110.717918, -7.597347 ], [ 110.719559, -7.595787 ], [ 110.721542, -7.595419 ], [ 110.724381, -7.596818 ], [ 110.726585, -7.597193 ], [ 110.728523, -7.596128 ], [ 110.730698, -7.597993 ], [ 110.731766, -7.599827 ], [ 110.733483, -7.598785 ], [ 110.736069, -7.598834 ], [ 110.738037, -7.598479 ], [ 110.740036, -7.598113 ], [ 110.741203, -7.60006 ], [ 110.743179, -7.598969 ], [ 110.744636, -7.600607 ], [ 110.746681, -7.601445 ], [ 110.748703, -7.601633 ], [ 110.75, -7.603183 ], [ 110.752174, -7.604742 ], [ 110.753082, -7.606574 ], [ 110.755081, -7.607696 ], [ 110.754845, -7.609693 ], [ 110.756805, -7.611721 ], [ 110.757057, -7.614422 ], [ 110.757461, -7.616497 ], [ 110.759712, -7.618853 ], [ 110.762062, -7.62008 ], [ 110.764366, -7.620028 ], [ 110.765823, -7.621485 ], [ 110.766914, -7.623485 ], [ 110.768295, -7.626781 ], [ 110.767357, -7.62857 ], [ 110.766388, -7.630369 ], [ 110.763924, -7.63621 ], [ 110.765678, -7.637271 ], [ 110.767548, -7.638316 ], [ 110.770943, -7.638785 ], [ 110.773605, -7.638469 ], [ 110.775101, -7.635747 ], [ 110.776108, -7.633795 ], [ 110.777817, -7.635086 ], [ 110.780022, -7.63526 ], [ 110.781616, -7.637572 ], [ 110.783935, -7.638561 ], [ 110.785629, -7.640039 ], [ 110.787262, -7.641765 ], [ 110.791221, -7.642608 ], [ 110.794823, -7.643753 ], [ 110.796562, -7.642492 ], [ 110.79982, -7.642806 ], [ 110.796684, -7.645246 ], [ 110.79454, -7.646014 ], [ 110.792511, -7.647164 ], [ 110.793945, -7.649001 ], [ 110.792381, -7.652581 ], [ 110.794403, -7.655859 ], [ 110.7929, -7.657592 ], [ 110.791069, -7.655857 ], [ 110.788971, -7.655566 ], [ 110.786964, -7.655749 ], [ 110.786781, -7.657841 ], [ 110.788757, -7.658408 ], [ 110.790367, -7.659636 ], [ 110.790566, -7.661805 ], [ 110.789093, -7.663358 ], [ 110.787094, -7.662777 ], [ 110.785057, -7.661526 ], [ 110.783012, -7.662103 ], [ 110.780762, -7.662227 ], [ 110.779213, -7.663569 ], [ 110.777634, -7.664888 ], [ 110.779548, -7.667649 ], [ 110.779465, -7.67043 ], [ 110.779648, -7.67253 ], [ 110.78019, -7.674509 ], [ 110.778984, -7.676304 ], [ 110.777626, -7.679317 ], [ 110.776932, -7.681769 ], [ 110.77533, -7.683005 ], [ 110.773094, -7.683859 ], [ 110.770775, -7.683824 ] ] ] } },
{ "type": "Feature", "properties": { "STATISTIK": "3371", "KABUPATEN": "KOTA MAGELANG", "PROPINSI": "JAWA TENGAH", "LUAS_KM2": "5.34515", "DATA": "BAKOSURTANAL, BPS" }, "geometry": { "type": "Polygon", "coordinates": [ [ [ 110.210053, -7.49911 ], [ 110.212929, -7.499082 ], [ 110.214401, -7.497493 ], [ 110.215714, -7.49583 ], [ 110.216744, -7.493927 ], [ 110.216797, -7.491848 ], [ 110.218864, -7.491362 ], [ 110.220322, -7.489917 ], [ 110.223572, -7.4918 ], [ 110.22522, -7.492968 ], [ 110.226471, -7.494594 ], [ 110.229447, -7.497074 ], [ 110.23246, -7.49937 ], [ 110.234741, -7.502621 ], [ 110.234436, -7.504658 ], [ 110.233978, -7.506713 ], [ 110.233635, -7.508733 ], [ 110.234268, -7.511151 ], [ 110.230934, -7.511997 ], [ 110.228691, -7.517273 ], [ 110.22615, -7.515792 ], [ 110.224182, -7.514955 ], [ 110.222359, -7.513964 ], [ 110.219353, -7.514059 ], [ 110.21801, -7.512483 ], [ 110.216042, -7.511731 ], [ 110.212379, -7.511357 ], [ 110.210579, -7.510382 ], [ 110.209221, -7.508749 ], [ 110.208717, -7.506723 ], [ 110.209366, -7.504704 ], [ 110.21093, -7.501399 ], [ 110.210053, -7.49911 ] ] ] } },
{ "type": "Feature", "properties": { "STATISTIK": "3375", "KABUPATEN": "KOTA PEKALONGAN", "PROPINSI": "JAWA TENGAH", "LUAS_KM2": "11.9998", "DATA": "BAKOSURTANAL, BPS" }, "geometry": { "type": "Polygon", "coordinates": [ [ [ 109.707947, -6.915193 ], [ 109.709816, -6.918455 ], [ 109.712357, -6.921205 ], [ 109.712875, -6.923996 ], [ 109.714294, -6.927092 ], [ 109.714271, -6.929289 ], [ 109.714096, -6.932428 ], [ 109.715401, -6.934629 ], [ 109.717277, -6.935791 ], [ 109.719147, -6.936754 ], [ 109.718872, -6.939611 ], [ 109.71888, -6.942899 ], [ 109.719437, -6.945181 ], [ 109.720627, -6.947679 ], [ 109.722626, -6.949221 ], [ 109.724838, -6.949359 ], [ 109.726273, -6.952158 ], [ 109.722732, -6.95237 ], [ 109.720047, -6.951451 ], [ 109.717926, -6.951451 ], [ 109.715309, -6.952087 ], [ 109.712341, -6.951592 ], [ 109.711281, -6.949047 ], [ 109.710716, -6.947067 ], [ 109.709648, -6.942894 ], [ 109.708801, -6.940702 ], [ 109.706894, -6.939854 ], [ 109.704491, -6.939642 ], [ 109.700882, -6.939712 ], [ 109.69735, -6.939924 ], [ 109.694305, -6.939924 ], [ 109.689285, -6.939924 ], [ 109.687233, -6.940136 ], [ 109.683983, -6.940561 ], [ 109.678368, -6.940578 ], [ 109.676308, -6.94118 ], [ 109.6754, -6.93924 ], [ 109.676132, -6.937201 ], [ 109.673706, -6.937062 ], [ 109.672623, -6.933104 ], [ 109.67041, -6.93417 ], [ 109.669563, -6.930841 ], [ 109.669167, -6.928845 ], [ 109.669128, -6.926845 ], [ 109.668152, -6.924972 ], [ 109.66639, -6.926261 ], [ 109.66526, -6.92409 ], [ 109.662895, -6.924271 ], [ 109.660805, -6.923054 ], [ 109.660027, -6.921126 ], [ 109.660911, -6.919049 ], [ 109.65873, -6.918915 ], [ 109.657181, -6.920465 ], [ 109.656967, -6.922574 ], [ 109.656479, -6.924582 ], [ 109.653953, -6.924593 ], [ 109.651161, -6.924567 ], [ 109.648911, -6.924341 ], [ 109.647262, -6.922835 ], [ 109.64608, -6.920801 ], [ 109.643555, -6.918814 ], [ 109.643471, -6.921727 ], [ 109.642403, -6.924267 ], [ 109.637978, -6.924377 ], [ 109.637787, -6.922133 ], [ 109.637527, -6.919441 ], [ 109.638748, -6.917518 ], [ 109.639359, -6.915595 ], [ 109.638588, -6.911685 ], [ 109.636856, -6.909825 ], [ 109.636726, -6.90771 ], [ 109.638458, -6.906043 ], [ 109.64019, -6.904569 ], [ 109.64064, -6.902325 ], [ 109.639969, -6.900274 ], [ 109.641441, -6.897389 ], [ 109.643623, -6.895978 ], [ 109.645607, -6.895594 ], [ 109.64856, -6.894761 ], [ 109.650032, -6.892966 ], [ 109.650032, -6.890914 ], [ 109.649071, -6.888735 ], [ 109.64843, -6.885465 ], [ 109.648941, -6.882837 ], [ 109.649322, -6.879888 ], [ 109.649712, -6.875785 ], [ 109.651825, -6.874247 ], [ 109.654839, -6.873414 ], [ 109.659843, -6.872396 ], [ 109.658531, -6.870407 ], [ 109.658875, -6.868319 ], [ 109.659729, -6.866315 ], [ 109.659645, -6.864254 ], [ 109.659851, -6.861421 ], [ 109.661446, -6.859432 ], [ 109.663338, -6.858368 ], [ 109.663696, -6.856303 ], [ 109.664772, -6.853561 ], [ 109.665626, -6.851541 ], [ 109.667366, -6.852582 ], [ 109.669289, -6.853792 ], [ 109.670598, -6.854596 ], [ 109.671488, -6.855008 ], [ 109.67247, -6.855172 ], [ 109.676369, -6.856725 ], [ 109.679268, -6.857571 ], [ 109.681894, -6.858369 ], [ 109.682869, -6.858546 ], [ 109.684876, -6.858782 ], [ 109.688873, -6.859318 ], [ 109.690653, -6.859301 ], [ 109.691369, -6.859062 ], [ 109.691826, -6.858154 ], [ 109.692279, -6.856331 ], [ 109.692453, -6.855919 ], [ 109.692908, -6.855919 ], [ 109.693732, -6.856092 ], [ 109.693797, -6.857371 ], [ 109.695343, -6.858477 ], [ 109.697357, -6.860008 ], [ 109.700119, -6.861528 ], [ 109.702812, -6.862743 ], [ 109.705177, -6.863487 ], [ 109.705526, -6.863811 ], [ 109.707123, -6.864452 ], [ 109.709312, -6.86545 ], [ 109.71138, -6.866094 ], [ 109.713387, -6.866736 ], [ 109.716156, -6.867781 ], [ 109.718422, -6.868849 ], [ 109.722122, -6.87049 ], [ 109.724457, -6.871693 ], [ 109.726364, -6.872313 ], [ 109.72751, -6.872548 ], [ 109.728746, -6.873155 ], [ 109.730888, -6.873999 ], [ 109.733467, -6.875 ], [ 109.735027, -6.875664 ], [ 109.735597, -6.8758 ], [ 109.73587, -6.876023 ], [ 109.737288, -6.87645 ], [ 109.739235, -6.877185 ], [ 109.738228, -6.881029 ], [ 109.736694, -6.883798 ], [ 109.735802, -6.885627 ], [ 109.73452, -6.888099 ], [ 109.734123, -6.890275 ], [ 109.734993, -6.892211 ], [ 109.735375, -6.895929 ], [ 109.73439, -6.899513 ], [ 109.73278, -6.902356 ], [ 109.730431, -6.904334 ], [ 109.728706, -6.907362 ], [ 109.727776, -6.909834 ], [ 109.72731, -6.912028 ], [ 109.72805, -6.914314 ], [ 109.727806, -6.916354 ], [ 109.725395, -6.918146 ], [ 109.721527, -6.917066 ], [ 109.718483, -6.915895 ], [ 109.715286, -6.914646 ], [ 109.713097, -6.914412 ], [ 109.710831, -6.914646 ], [ 109.707947, -6.915193 ] ] ] } },
{ "type": "Feature", "properties": { "STATISTIK": "3373", "KABUPATEN": "KOTA SALATIGA", "PROPINSI": "JAWA TENGAH", "LUAS_KM2": "8.79207", "DATA": "BAKOSURTANAL, BPS" }, "geometry": { "type": "Polygon", "coordinates": [ [ [ 110.517258, -7.363478 ], [ 110.515549, -7.367147 ], [ 110.514587, -7.369348 ], [ 110.513458, -7.371941 ], [ 110.515045, -7.374932 ], [ 110.514549, -7.378107 ], [ 110.513001, -7.379635 ], [ 110.512581, -7.382269 ], [ 110.513733, -7.385593 ], [ 110.513412, -7.388647 ], [ 110.510979, -7.390956 ], [ 110.508667, -7.39205 ], [ 110.506607, -7.39284 ], [ 110.503143, -7.393873 ], [ 110.499679, -7.394541 ], [ 110.496696, -7.395514 ], [ 110.494515, -7.396304 ], [ 110.491714, -7.396304 ], [ 110.487587, -7.395088 ], [ 110.490379, -7.39293 ], [ 110.491722, -7.391252 ], [ 110.492813, -7.389089 ], [ 110.494072, -7.384874 ], [ 110.493187, -7.382022 ], [ 110.490395, -7.381362 ], [ 110.488297, -7.380816 ], [ 110.486511, -7.379395 ], [ 110.485107, -7.377461 ], [ 110.483994, -7.373983 ], [ 110.482735, -7.369125 ], [ 110.482643, -7.365757 ], [ 110.481628, -7.362521 ], [ 110.479431, -7.362301 ], [ 110.477028, -7.363789 ], [ 110.474297, -7.363229 ], [ 110.472969, -7.358637 ], [ 110.472008, -7.356394 ], [ 110.470657, -7.353973 ], [ 110.468193, -7.351341 ], [ 110.471809, -7.349232 ], [ 110.475082, -7.348266 ], [ 110.47142, -7.34534 ], [ 110.469475, -7.344082 ], [ 110.466927, -7.343744 ], [ 110.466911, -7.338367 ], [ 110.466698, -7.335588 ], [ 110.466492, -7.331308 ], [ 110.46843, -7.328466 ], [ 110.469971, -7.326359 ], [ 110.470017, -7.32297 ], [ 110.468773, -7.32073 ], [ 110.467667, -7.317942 ], [ 110.466507, -7.315965 ], [ 110.469589, -7.315181 ], [ 110.470428, -7.312473 ], [ 110.473663, -7.312955 ], [ 110.472603, -7.30833 ], [ 110.474648, -7.307618 ], [ 110.474342, -7.30409 ], [ 110.471771, -7.301235 ], [ 110.47168, -7.298699 ], [ 110.475868, -7.297112 ], [ 110.481178, -7.295147 ], [ 110.48378, -7.295423 ], [ 110.486526, -7.29584 ], [ 110.48835, -7.294806 ], [ 110.490417, -7.294662 ], [ 110.494003, -7.295496 ], [ 110.497215, -7.295441 ], [ 110.500389, -7.295448 ], [ 110.502632, -7.294757 ], [ 110.502632, -7.299251 ], [ 110.504066, -7.301067 ], [ 110.506661, -7.300035 ], [ 110.508468, -7.299109 ], [ 110.510117, -7.297867 ], [ 110.512619, -7.297237 ], [ 110.514824, -7.296378 ], [ 110.516487, -7.294953 ], [ 110.516266, -7.29117 ], [ 110.518807, -7.291225 ], [ 110.519524, -7.293239 ], [ 110.518707, -7.29552 ], [ 110.518997, -7.29761 ], [ 110.520546, -7.299266 ], [ 110.520698, -7.301602 ], [ 110.51944, -7.303402 ], [ 110.517799, -7.305161 ], [ 110.517532, -7.307444 ], [ 110.51693, -7.309389 ], [ 110.516808, -7.311423 ], [ 110.516785, -7.314146 ], [ 110.516144, -7.316434 ], [ 110.517013, -7.320361 ], [ 110.519112, -7.321022 ], [ 110.520683, -7.32253 ], [ 110.522232, -7.323969 ], [ 110.522652, -7.326026 ], [ 110.524628, -7.326513 ], [ 110.526497, -7.327808 ], [ 110.526825, -7.330465 ], [ 110.528191, -7.332104 ], [ 110.529564, -7.333646 ], [ 110.529282, -7.335892 ], [ 110.530235, -7.339408 ], [ 110.530724, -7.342098 ], [ 110.530846, -7.344569 ], [ 110.530403, -7.348013 ], [ 110.531868, -7.349943 ], [ 110.533768, -7.351356 ], [ 110.533058, -7.353508 ], [ 110.531532, -7.355103 ], [ 110.530846, -7.35779 ], [ 110.52932, -7.359511 ], [ 110.528297, -7.361279 ], [ 110.527107, -7.362985 ], [ 110.524528, -7.363544 ], [ 110.522301, -7.363893 ], [ 110.519661, -7.363853 ], [ 110.517258, -7.363478 ] ] ] } },
{ "type": "Feature", "properties": { "STATISTIK": "3374", "KABUPATEN": "KOTA SEMARANG", "PROPINSI": "JAWA TENGAH", "LUAS_KM2": "30.0106", "DATA": "BAKOSURTANAL, BPS" }, "geometry": { "type": "MultiPolygon", "coordinates": [ [ [ [ 110.464813, -7.032346 ], [ 110.462921, -7.033732 ], [ 110.461677, -7.036098 ], [ 110.461555, -7.03859 ], [ 110.463921, -7.040707 ], [ 110.466164, -7.041205 ], [ 110.468529, -7.04133 ], [ 110.471268, -7.042575 ], [ 110.471764, -7.046935 ], [ 110.47152, -7.049799 ], [ 110.471764, -7.053536 ], [ 110.472763, -7.056027 ], [ 110.474258, -7.057397 ], [ 110.477997, -7.057896 ], [ 110.48098, -7.057024 ], [ 110.48275, -7.055567 ], [ 110.485764, -7.053812 ], [ 110.48883, -7.053412 ], [ 110.491569, -7.05528 ], [ 110.492813, -7.05827 ], [ 110.494187, -7.060013 ], [ 110.495682, -7.061508 ], [ 110.497177, -7.063501 ], [ 110.497673, -7.06649 ], [ 110.495804, -7.069106 ], [ 110.491569, -7.07359 ], [ 110.486153, -7.079319 ], [ 110.483536, -7.082059 ], [ 110.482041, -7.083928 ], [ 110.477585, -7.085434 ], [ 110.476562, -7.083539 ], [ 110.474693, -7.082536 ], [ 110.472458, -7.08149 ], [ 110.470245, -7.080511 ], [ 110.468384, -7.079753 ], [ 110.466385, -7.079092 ], [ 110.463981, -7.079845 ], [ 110.462067, -7.079247 ], [ 110.459892, -7.079475 ], [ 110.457764, -7.079086 ], [ 110.455605, -7.079628 ], [ 110.452789, -7.079513 ], [ 110.454513, -7.082943 ], [ 110.455376, -7.084981 ], [ 110.454323, -7.086843 ], [ 110.453232, -7.088806 ], [ 110.451363, -7.089907 ], [ 110.449478, -7.089114 ], [ 110.447373, -7.0906 ], [ 110.445251, -7.090277 ], [ 110.444183, -7.091978 ], [ 110.441727, -7.091352 ], [ 110.439659, -7.090864 ], [ 110.436958, -7.090956 ], [ 110.434792, -7.091788 ], [ 110.43277, -7.091946 ], [ 110.430168, -7.091641 ], [ 110.427711, -7.092857 ], [ 110.425934, -7.094524 ], [ 110.424156, -7.095592 ], [ 110.422447, -7.096894 ], [ 110.421944, -7.099518 ], [ 110.421905, -7.101735 ], [ 110.421738, -7.103793 ], [ 110.420051, -7.104969 ], [ 110.41806, -7.106037 ], [ 110.416641, -7.10783 ], [ 110.414284, -7.108718 ], [ 110.41214, -7.108644 ], [ 110.41011, -7.108393 ], [ 110.40789, -7.109229 ], [ 110.404434, -7.110323 ], [ 110.401688, -7.108864 ], [ 110.399811, -7.111508 ], [ 110.398102, -7.112984 ], [ 110.396629, -7.114436 ], [ 110.393806, -7.114435 ], [ 110.390968, -7.114849 ], [ 110.389015, -7.115296 ], [ 110.387657, -7.113728 ], [ 110.385284, -7.113451 ], [ 110.383163, -7.112728 ], [ 110.381927, -7.110508 ], [ 110.379288, -7.110657 ], [ 110.377083, -7.110402 ], [ 110.375, -7.110762 ], [ 110.372803, -7.11034 ], [ 110.3703, -7.108982 ], [ 110.368668, -7.107255 ], [ 110.365898, -7.106691 ], [ 110.363861, -7.105925 ], [ 110.361702, -7.105123 ], [ 110.359703, -7.106348 ], [ 110.35778, -7.107029 ], [ 110.355698, -7.107566 ], [ 110.35408, -7.106024 ], [ 110.353089, -7.104176 ], [ 110.352379, -7.10188 ], [ 110.351616, -7.099914 ], [ 110.351242, -7.097699 ], [ 110.350227, -7.095947 ], [ 110.349213, -7.094202 ], [ 110.348244, -7.092385 ], [ 110.347443, -7.090273 ], [ 110.348083, -7.088373 ], [ 110.34684, -7.086478 ], [ 110.346298, -7.082525 ], [ 110.343574, -7.084962 ], [ 110.341835, -7.088936 ], [ 110.341835, -7.094401 ], [ 110.340973, -7.096388 ], [ 110.339356, -7.098997 ], [ 110.339234, -7.101481 ], [ 110.339356, -7.103965 ], [ 110.33799, -7.106325 ], [ 110.335755, -7.106822 ], [ 110.333267, -7.106449 ], [ 110.329422, -7.105952 ], [ 110.326561, -7.106946 ], [ 110.324699, -7.107691 ], [ 110.322212, -7.107691 ], [ 110.319359, -7.107318 ], [ 110.315758, -7.107691 ], [ 110.313148, -7.109181 ], [ 110.310661, -7.109306 ], [ 110.308052, -7.107443 ], [ 110.306816, -7.105704 ], [ 110.305572, -7.103468 ], [ 110.304207, -7.10086 ], [ 110.303337, -7.096761 ], [ 110.303581, -7.094774 ], [ 110.303581, -7.092662 ], [ 110.303276, -7.090054 ], [ 110.30265, -7.086452 ], [ 110.302155, -7.084465 ], [ 110.301163, -7.081732 ], [ 110.299675, -7.078752 ], [ 110.300293, -7.076268 ], [ 110.300911, -7.073535 ], [ 110.300537, -7.071424 ], [ 110.299675, -7.068194 ], [ 110.298927, -7.065338 ], [ 110.29731, -7.062729 ], [ 110.295326, -7.060245 ], [ 110.293831, -7.05714 ], [ 110.292221, -7.055401 ], [ 110.29023, -7.053414 ], [ 110.288368, -7.050806 ], [ 110.285759, -7.05006 ], [ 110.282783, -7.050682 ], [ 110.281166, -7.048694 ], [ 110.28067, -7.044471 ], [ 110.279175, -7.041987 ], [ 110.277191, -7.039751 ], [ 110.273041, -7.036472 ], [ 110.272316, -7.033802 ], [ 110.271683, -7.031811 ], [ 110.272354, -7.029804 ], [ 110.271843, -7.02746 ], [ 110.270744, -7.025711 ], [ 110.271881, -7.023946 ], [ 110.270546, -7.022271 ], [ 110.272247, -7.02062 ], [ 110.2743, -7.020173 ], [ 110.274315, -7.018044 ], [ 110.273567, -7.015921 ], [ 110.274681, -7.012436 ], [ 110.284485, -7.012852 ], [ 110.285454, -7.010453 ], [ 110.285271, -7.008185 ], [ 110.283325, -7.00697 ], [ 110.282509, -7.004991 ], [ 110.280411, -7.004468 ], [ 110.281044, -7.002185 ], [ 110.281662, -6.998821 ], [ 110.283279, -6.997369 ], [ 110.285446, -6.996955 ], [ 110.287422, -6.996029 ], [ 110.28711, -6.99381 ], [ 110.285347, -6.992676 ], [ 110.283333, -6.989238 ], [ 110.285103, -6.988258 ], [ 110.285484, -6.986203 ], [ 110.287315, -6.985318 ], [ 110.289337, -6.985378 ], [ 110.291237, -6.984391 ], [ 110.293335, -6.984448 ], [ 110.29409, -6.982137 ], [ 110.295013, -6.980162 ], [ 110.293968, -6.97835 ], [ 110.291809, -6.977782 ], [ 110.291344, -6.975548 ], [ 110.290184, -6.97383 ], [ 110.288437, -6.972574 ], [ 110.285568, -6.970035 ], [ 110.287536, -6.968472 ], [ 110.289543, -6.96688 ], [ 110.291252, -6.964672 ], [ 110.290039, -6.961851 ], [ 110.288345, -6.960515 ], [ 110.287361, -6.957415 ], [ 110.288254, -6.955418 ], [ 110.289772, -6.952609 ], [ 110.291443, -6.949659 ], [ 110.293289, -6.947011 ], [ 110.295639, -6.944962 ], [ 110.297577, -6.944374 ], [ 110.302322, -6.944725 ], [ 110.304382, -6.94555 ], [ 110.307876, -6.946184 ], [ 110.309769, -6.945156 ], [ 110.311775, -6.943804 ], [ 110.314285, -6.942194 ], [ 110.317955, -6.939515 ], [ 110.319499, -6.938247 ], [ 110.321676, -6.939308 ], [ 110.322531, -6.939959 ], [ 110.322891, -6.940506 ], [ 110.324768, -6.941362 ], [ 110.326988, -6.942498 ], [ 110.327283, -6.942602 ], [ 110.327555, -6.942787 ], [ 110.328076, -6.942882 ], [ 110.328188, -6.942843 ], [ 110.329109, -6.943246 ], [ 110.329658, -6.943383 ], [ 110.330104, -6.943513 ], [ 110.330716, -6.943909 ], [ 110.331109, -6.944071 ], [ 110.331686, -6.94409 ], [ 110.332573, -6.944675 ], [ 110.333319, -6.944991 ], [ 110.333919, -6.945411 ], [ 110.336205, -6.946214 ], [ 110.338165, -6.946918 ], [ 110.340309, -6.947626 ], [ 110.342766, -6.948361 ], [ 110.344978, -6.949223 ], [ 110.346024, -6.950127 ], [ 110.346218, -6.950546 ], [ 110.346962, -6.951216 ], [ 110.347702, -6.951578 ], [ 110.349325, -6.952202 ], [ 110.350037, -6.952248 ], [ 110.352646, -6.952691 ], [ 110.355202, -6.95317 ], [ 110.356302, -6.953467 ], [ 110.357834, -6.95366 ], [ 110.360306, -6.953985 ], [ 110.362686, -6.954255 ], [ 110.365524, -6.954463 ], [ 110.368192, -6.954528 ], [ 110.369591, -6.954668 ], [ 110.371076, -6.954658 ], [ 110.371887, -6.95473 ], [ 110.375, -6.954604 ], [ 110.377335, -6.954415 ], [ 110.377811, -6.954474 ], [ 110.378295, -6.954714 ], [ 110.378592, -6.95477 ], [ 110.379095, -6.954863 ], [ 110.379585, -6.954693 ], [ 110.379951, -6.954844 ], [ 110.38023, -6.95477 ], [ 110.380397, -6.95477 ], [ 110.380713, -6.954658 ], [ 110.381328, -6.954565 ], [ 110.38196, -6.95464 ], [ 110.382388, -6.954863 ], [ 110.382462, -6.955291 ], [ 110.382314, -6.955756 ], [ 110.382462, -6.955775 ], [ 110.382798, -6.95557 ], [ 110.383082, -6.955451 ], [ 110.383318, -6.955328 ], [ 110.383114, -6.954305 ], [ 110.382798, -6.954119 ], [ 110.381897, -6.953827 ], [ 110.380527, -6.953356 ], [ 110.379207, -6.953002 ], [ 110.378704, -6.952723 ], [ 110.377848, -6.952109 ], [ 110.377272, -6.951458 ], [ 110.378444, -6.951235 ], [ 110.378965, -6.95129 ], [ 110.379982, -6.951189 ], [ 110.383125, -6.950593 ], [ 110.383635, -6.950416 ], [ 110.384005, -6.950462 ], [ 110.38517, -6.950288 ], [ 110.38583, -6.950137 ], [ 110.386202, -6.9517 ], [ 110.38652, -6.95205 ], [ 110.387337, -6.952742 ], [ 110.388618, -6.95259 ], [ 110.390445, -6.952295 ], [ 110.391115, -6.951756 ], [ 110.389427, -6.949369 ], [ 110.388844, -6.948574 ], [ 110.390785, -6.947046 ], [ 110.392548, -6.946059 ], [ 110.393631, -6.947893 ], [ 110.394714, -6.949609 ], [ 110.395152, -6.95036 ], [ 110.39518, -6.950383 ], [ 110.394714, -6.949609 ], [ 110.39524, -6.95043 ], [ 110.395367, -6.950531 ], [ 110.395438, -6.950555 ], [ 110.395785, -6.950974 ], [ 110.39625, -6.950825 ], [ 110.396529, -6.950211 ], [ 110.396547, -6.949969 ], [ 110.396135, -6.948839 ], [ 110.396009, -6.948602 ], [ 110.396003, -6.948117 ], [ 110.396186, -6.94827 ], [ 110.39634, -6.948319 ], [ 110.396865, -6.948315 ], [ 110.397436, -6.947797 ], [ 110.398274, -6.947104 ], [ 110.398869, -6.946745 ], [ 110.398937, -6.946669 ], [ 110.398914, -6.946517 ], [ 110.398945, -6.946387 ], [ 110.398998, -6.946357 ], [ 110.39909, -6.946372 ], [ 110.399204, -6.946608 ], [ 110.399273, -6.946738 ], [ 110.399326, -6.946829 ], [ 110.399311, -6.946898 ], [ 110.399166, -6.946982 ], [ 110.399143, -6.947127 ], [ 110.399044, -6.947172 ], [ 110.398991, -6.947165 ], [ 110.398892, -6.947165 ], [ 110.398632, -6.947081 ], [ 110.397832, -6.947759 ], [ 110.397512, -6.947972 ], [ 110.39708, -6.948366 ], [ 110.397789, -6.949846 ], [ 110.398025, -6.950256 ], [ 110.398844, -6.950461 ], [ 110.400032, -6.950792 ], [ 110.400466, -6.951043 ], [ 110.401615, -6.951421 ], [ 110.401757, -6.951689 ], [ 110.402504, -6.951833 ], [ 110.402859, -6.951988 ], [ 110.403836, -6.951878 ], [ 110.404103, -6.951878 ], [ 110.404511, -6.951647 ], [ 110.405316, -6.951106 ], [ 110.405536, -6.950602 ], [ 110.405465, -6.950063 ], [ 110.405341, -6.949736 ], [ 110.405206, -6.949278 ], [ 110.405206, -6.948975 ], [ 110.40527, -6.948878 ], [ 110.40616, -6.948427 ], [ 110.406218, -6.948356 ], [ 110.406012, -6.947878 ], [ 110.405722, -6.947466 ], [ 110.405483, -6.947343 ], [ 110.405115, -6.947311 ], [ 110.404438, -6.94724 ], [ 110.404109, -6.947214 ], [ 110.4038, -6.947072 ], [ 110.403413, -6.947001 ], [ 110.403045, -6.947008 ], [ 110.402916, -6.946879 ], [ 110.402942, -6.946808 ], [ 110.403071, -6.946634 ], [ 110.402974, -6.946414 ], [ 110.402981, -6.946318 ], [ 110.403019, -6.946292 ], [ 110.403342, -6.946659 ], [ 110.40398, -6.947001 ], [ 110.404406, -6.947124 ], [ 110.404999, -6.947156 ], [ 110.405477, -6.947175 ], [ 110.405599, -6.947195 ], [ 110.405767, -6.947304 ], [ 110.406096, -6.947549 ], [ 110.406341, -6.948149 ], [ 110.406522, -6.948311 ], [ 110.40705, -6.949355 ], [ 110.407128, -6.949394 ], [ 110.40716, -6.949478 ], [ 110.407115, -6.949671 ], [ 110.40736, -6.950491 ], [ 110.407689, -6.950504 ], [ 110.407734, -6.950458 ], [ 110.407521, -6.949852 ], [ 110.407425, -6.949381 ], [ 110.407425, -6.948859 ], [ 110.407238, -6.948414 ], [ 110.407251, -6.948336 ], [ 110.407392, -6.948259 ], [ 110.407451, -6.948137 ], [ 110.407644, -6.948059 ], [ 110.407824, -6.948169 ], [ 110.407915, -6.948317 ], [ 110.407831, -6.948517 ], [ 110.407837, -6.948691 ], [ 110.407644, -6.948852 ], [ 110.407721, -6.949014 ], [ 110.407733, -6.949145 ], [ 110.407779, -6.949252 ], [ 110.407954, -6.949284 ], [ 110.407992, -6.950233 ], [ 110.408058, -6.950329 ], [ 110.409593, -6.950037 ], [ 110.410097, -6.950071 ], [ 110.410114, -6.950245 ], [ 110.41027, -6.950245 ], [ 110.410263, -6.94988 ], [ 110.41086, -6.949759 ], [ 110.411202, -6.950118 ], [ 110.411298, -6.95018 ], [ 110.411396, -6.950385 ], [ 110.411743, -6.950767 ], [ 110.412364, -6.950624 ], [ 110.412924, -6.950411 ], [ 110.413075, -6.950305 ], [ 110.412977, -6.950047 ], [ 110.413031, -6.94994 ], [ 110.413634, -6.949576 ], [ 110.41407, -6.949433 ], [ 110.413963, -6.948972 ], [ 110.414025, -6.948804 ], [ 110.414487, -6.948537 ], [ 110.415047, -6.948111 ], [ 110.415214, -6.947783 ], [ 110.415322, -6.947693 ], [ 110.415455, -6.947658 ], [ 110.415731, -6.94772 ], [ 110.415642, -6.948022 ], [ 110.415729, -6.948234 ], [ 110.415619, -6.948472 ], [ 110.415695, -6.94859 ], [ 110.415821, -6.948637 ], [ 110.416077, -6.949224 ], [ 110.416206, -6.948913 ], [ 110.416371, -6.949041 ], [ 110.416444, -6.948821 ], [ 110.417489, -6.948601 ], [ 110.417306, -6.947005 ], [ 110.416683, -6.946969 ], [ 110.416811, -6.94574 ], [ 110.418076, -6.945685 ], [ 110.418682, -6.945776 ], [ 110.41859, -6.949206 ], [ 110.418556, -6.951101 ], [ 110.418571, -6.951737 ], [ 110.4187, -6.952067 ], [ 110.419195, -6.952195 ], [ 110.419543, -6.953369 ], [ 110.420029, -6.953258 ], [ 110.420277, -6.953241 ], [ 110.42024, -6.952434 ], [ 110.420479, -6.952232 ], [ 110.421102, -6.952562 ], [ 110.421396, -6.953663 ], [ 110.421616, -6.954029 ], [ 110.421543, -6.954378 ], [ 110.421166, -6.955045 ], [ 110.42151, -6.955182 ], [ 110.421758, -6.954633 ], [ 110.421923, -6.954415 ], [ 110.424179, -6.955706 ], [ 110.424365, -6.955317 ], [ 110.42305, -6.954505 ], [ 110.423651, -6.953529 ], [ 110.42607, -6.954949 ], [ 110.426333, -6.954468 ], [ 110.422968, -6.952545 ], [ 110.422637, -6.952312 ], [ 110.422569, -6.952231 ], [ 110.421518, -6.951621 ], [ 110.42136, -6.951471 ], [ 110.421368, -6.951283 ], [ 110.421112, -6.951215 ], [ 110.421022, -6.951133 ], [ 110.421013, -6.950895 ], [ 110.420797, -6.950697 ], [ 110.420677, -6.95075 ], [ 110.420646, -6.950689 ], [ 110.420669, -6.950584 ], [ 110.420822, -6.950367 ], [ 110.420812, -6.950216 ], [ 110.421, -6.949976 ], [ 110.420997, -6.949865 ], [ 110.420938, -6.949796 ], [ 110.420081, -6.949113 ], [ 110.419706, -6.948565 ], [ 110.419677, -6.948031 ], [ 110.419624, -6.947906 ], [ 110.419653, -6.947849 ], [ 110.41979, -6.947741 ], [ 110.419976, -6.947708 ], [ 110.420173, -6.947774 ], [ 110.420896, -6.94842 ], [ 110.420922, -6.948557 ], [ 110.420896, -6.948606 ], [ 110.421476, -6.949055 ], [ 110.421564, -6.949131 ], [ 110.421725, -6.949311 ], [ 110.42187, -6.949372 ], [ 110.422013, -6.949536 ], [ 110.422407, -6.949788 ], [ 110.423134, -6.950255 ], [ 110.423178, -6.950301 ], [ 110.423219, -6.950361 ], [ 110.423286, -6.950541 ], [ 110.4234, -6.950635 ], [ 110.423579, -6.950671 ], [ 110.423682, -6.950685 ], [ 110.423729, -6.950731 ], [ 110.423676, -6.950821 ], [ 110.423606, -6.950824 ], [ 110.423496, -6.950759 ], [ 110.423324, -6.950649 ], [ 110.42319, -6.950628 ], [ 110.423213, -6.950672 ], [ 110.423358, -6.950804 ], [ 110.423399, -6.95085 ], [ 110.423469, -6.951075 ], [ 110.423742, -6.951308 ], [ 110.423906, -6.951416 ], [ 110.424007, -6.951424 ], [ 110.424356, -6.951145 ], [ 110.424196, -6.951564 ], [ 110.424266, -6.951653 ], [ 110.424376, -6.951713 ], [ 110.425912, -6.952604 ], [ 110.426654, -6.951247 ], [ 110.426884, -6.950735 ], [ 110.426321, -6.950044 ], [ 110.424402, -6.946768 ], [ 110.4235, -6.944005 ], [ 110.423988, -6.941606 ], [ 110.424882, -6.941305 ], [ 110.425248, -6.941316 ], [ 110.425678, -6.941599 ], [ 110.425957, -6.942333 ], [ 110.426171, -6.942301 ], [ 110.426804, -6.944213 ], [ 110.427335, -6.94554 ], [ 110.427607, -6.945666 ], [ 110.428413, -6.945458 ], [ 110.428456, -6.945373 ], [ 110.42877, -6.945307 ], [ 110.42916, -6.945142 ], [ 110.429589, -6.945079 ], [ 110.430466, -6.94459 ], [ 110.430847, -6.944303 ], [ 110.431067, -6.944345 ], [ 110.431507, -6.944209 ], [ 110.431423, -6.943737 ], [ 110.431422, -6.943641 ], [ 110.43136, -6.943412 ], [ 110.431563, -6.943316 ], [ 110.43156, -6.942846 ], [ 110.431727, -6.942783 ], [ 110.431842, -6.942773 ], [ 110.431916, -6.94315 ], [ 110.431979, -6.943171 ], [ 110.432495, -6.943036 ], [ 110.432627, -6.94319 ], [ 110.433003, -6.943117 ], [ 110.433111, -6.943119 ], [ 110.433331, -6.944115 ], [ 110.433268, -6.944198 ], [ 110.433445, -6.944762 ], [ 110.433426, -6.944838 ], [ 110.433373, -6.944953 ], [ 110.433677, -6.945813 ], [ 110.433929, -6.945761 ], [ 110.434044, -6.946148 ], [ 110.434086, -6.946337 ], [ 110.43439, -6.946243 ], [ 110.434495, -6.946065 ], [ 110.434443, -6.946012 ], [ 110.434275, -6.945939 ], [ 110.434202, -6.945907 ], [ 110.434086, -6.945593 ], [ 110.433981, -6.945058 ], [ 110.43374, -6.944094 ], [ 110.433395, -6.943036 ], [ 110.433307, -6.942707 ], [ 110.433105, -6.94199 ], [ 110.433307, -6.941829 ], [ 110.433549, -6.941807 ], [ 110.43417, -6.941321 ], [ 110.434295, -6.941346 ], [ 110.434536, -6.941675 ], [ 110.434756, -6.941543 ], [ 110.434514, -6.941104 ], [ 110.435005, -6.940738 ], [ 110.435071, -6.940449 ], [ 110.435268, -6.940365 ], [ 110.435464, -6.940716 ], [ 110.435829, -6.940871 ], [ 110.435914, -6.940913 ], [ 110.436391, -6.942402 ], [ 110.436602, -6.943203 ], [ 110.436756, -6.943737 ], [ 110.436909, -6.943838 ], [ 110.437192, -6.944509 ], [ 110.437514, -6.944574 ], [ 110.437487, -6.94465 ], [ 110.437361, -6.944945 ], [ 110.437459, -6.945409 ], [ 110.437782, -6.946504 ], [ 110.437993, -6.947404 ], [ 110.438428, -6.948584 ], [ 110.439201, -6.948387 ], [ 110.438934, -6.947516 ], [ 110.438681, -6.94649 ], [ 110.438246, -6.94472 ], [ 110.437908, -6.9434 ], [ 110.437796, -6.943315 ], [ 110.437557, -6.942472 ], [ 110.437796, -6.942346 ], [ 110.437684, -6.941966 ], [ 110.43767, -6.941531 ], [ 110.437614, -6.94132 ], [ 110.437487, -6.941348 ], [ 110.437459, -6.941517 ], [ 110.437332, -6.941447 ], [ 110.437304, -6.941067 ], [ 110.437389, -6.940899 ], [ 110.437318, -6.940618 ], [ 110.437365, -6.940039 ], [ 110.43734, -6.939763 ], [ 110.437459, -6.93948 ], [ 110.437824, -6.939072 ], [ 110.438204, -6.939044 ], [ 110.438976, -6.93914 ], [ 110.439369, -6.93899 ], [ 110.440845, -6.938075 ], [ 110.44149, -6.937907 ], [ 110.441969, -6.937934 ], [ 110.442278, -6.938159 ], [ 110.443079, -6.9383 ], [ 110.44329, -6.938721 ], [ 110.443866, -6.938721 ], [ 110.443852, -6.939255 ], [ 110.444118, -6.939215 ], [ 110.444118, -6.939213 ], [ 110.444849, -6.938496 ], [ 110.44499, -6.938131 ], [ 110.445046, -6.937948 ], [ 110.44531, -6.937861 ], [ 110.445542, -6.937623 ], [ 110.445467, -6.937218 ], [ 110.445538, -6.937091 ], [ 110.445706, -6.937105 ], [ 110.445908, -6.937044 ], [ 110.446029, -6.936853 ], [ 110.446001, -6.936656 ], [ 110.445903, -6.936586 ], [ 110.446128, -6.936403 ], [ 110.446437, -6.936291 ], [ 110.446591, -6.936291 ], [ 110.446732, -6.936389 ], [ 110.446917, -6.936943 ], [ 110.447868, -6.936472 ], [ 110.447743, -6.936038 ], [ 110.447645, -6.936052 ], [ 110.44756, -6.936319 ], [ 110.447378, -6.936291 ], [ 110.447378, -6.935953 ], [ 110.447701, -6.935813 ], [ 110.44787, -6.9357 ], [ 110.448375, -6.935462 ], [ 110.448671, -6.935391 ], [ 110.448727, -6.935405 ], [ 110.448867, -6.935476 ], [ 110.449022, -6.935658 ], [ 110.449106, -6.93615 ], [ 110.449036, -6.936375 ], [ 110.44913, -6.936607 ], [ 110.449275, -6.936965 ], [ 110.449865, -6.936529 ], [ 110.450033, -6.936206 ], [ 110.450174, -6.93622 ], [ 110.450371, -6.936024 ], [ 110.450343, -6.935883 ], [ 110.450469, -6.93556 ], [ 110.450722, -6.935827 ], [ 110.45163, -6.935375 ], [ 110.452258, -6.935031 ], [ 110.452519, -6.935657 ], [ 110.452982, -6.936346 ], [ 110.453689, -6.936029 ], [ 110.454207, -6.935733 ], [ 110.45456, -6.935672 ], [ 110.454877, -6.935892 ], [ 110.455231, -6.935831 ], [ 110.455462, -6.935965 ], [ 110.455694, -6.935733 ], [ 110.455877, -6.935636 ], [ 110.455804, -6.935538 ], [ 110.456133, -6.935379 ], [ 110.456048, -6.935245 ], [ 110.455902, -6.935075 ], [ 110.456403, -6.935064 ], [ 110.456779, -6.935331 ], [ 110.456938, -6.935282 ], [ 110.457121, -6.93505 ], [ 110.457267, -6.934867 ], [ 110.457023, -6.934514 ], [ 110.45706, -6.934441 ], [ 110.457084, -6.934233 ], [ 110.457725, -6.933816 ], [ 110.45795, -6.933416 ], [ 110.457913, -6.933172 ], [ 110.457901, -6.933087 ], [ 110.458096, -6.932965 ], [ 110.458596, -6.932514 ], [ 110.458889, -6.932331 ], [ 110.459424, -6.933313 ], [ 110.459548, -6.933368 ], [ 110.459829, -6.933312 ], [ 110.460033, -6.933132 ], [ 110.460178, -6.932993 ], [ 110.460023, -6.932737 ], [ 110.459629, -6.932269 ], [ 110.459654, -6.932219 ], [ 110.460029, -6.932544 ], [ 110.460322, -6.9328 ], [ 110.460553, -6.932987 ], [ 110.460663, -6.932894 ], [ 110.46079, -6.932812 ], [ 110.460597, -6.932556 ], [ 110.45991, -6.931607 ], [ 110.459973, -6.931595 ], [ 110.460091, -6.931756 ], [ 110.460303, -6.931932 ], [ 110.460378, -6.932063 ], [ 110.460778, -6.93245 ], [ 110.461015, -6.932469 ], [ 110.460934, -6.932281 ], [ 110.460996, -6.932244 ], [ 110.461084, -6.932338 ], [ 110.461139, -6.932381 ], [ 110.461221, -6.9324 ], [ 110.461315, -6.932325 ], [ 110.461265, -6.932245 ], [ 110.461258, -6.932188 ], [ 110.461406, -6.932092 ], [ 110.46144, -6.932001 ], [ 110.461384, -6.93185 ], [ 110.461359, -6.931582 ], [ 110.461496, -6.93147 ], [ 110.461887, -6.931323 ], [ 110.461858, -6.93122 ], [ 110.461883, -6.931152 ], [ 110.462076, -6.931189 ], [ 110.462282, -6.931095 ], [ 110.462555, -6.930924 ], [ 110.462962, -6.931277 ], [ 110.463, -6.931539 ], [ 110.463231, -6.931501 ], [ 110.465713, -6.933663 ], [ 110.467034, -6.935311 ], [ 110.467682, -6.937335 ], [ 110.469345, -6.938571 ], [ 110.470779, -6.940067 ], [ 110.472572, -6.94142 ], [ 110.47509, -6.942707 ], [ 110.477326, -6.943733 ], [ 110.479889, -6.944945 ], [ 110.482392, -6.945582 ], [ 110.484634, -6.945856 ], [ 110.487801, -6.946412 ], [ 110.488518, -6.948498 ], [ 110.491089, -6.948155 ], [ 110.49057, -6.952261 ], [ 110.491234, -6.95482 ], [ 110.493599, -6.954247 ], [ 110.497788, -6.953109 ], [ 110.5009, -6.952264 ], [ 110.501625, -6.954202 ], [ 110.502144, -6.956266 ], [ 110.502807, -6.958867 ], [ 110.50164, -6.960885 ], [ 110.50119, -6.963808 ], [ 110.501724, -6.965807 ], [ 110.502754, -6.968569 ], [ 110.503372, -6.971082 ], [ 110.50322, -6.975244 ], [ 110.502625, -6.979149 ], [ 110.501953, -6.981911 ], [ 110.501762, -6.984108 ], [ 110.503151, -6.985748 ], [ 110.502449, -6.987676 ], [ 110.50177, -6.990085 ], [ 110.501694, -6.992326 ], [ 110.504372, -6.994676 ], [ 110.506599, -6.993961 ], [ 110.507965, -6.995914 ], [ 110.508591, -6.998291 ], [ 110.5084, -7.002233 ], [ 110.507851, -7.004461 ], [ 110.508423, -7.006843 ], [ 110.508125, -7.008867 ], [ 110.507202, -7.010667 ], [ 110.507149, -7.012817 ], [ 110.505424, -7.014426 ], [ 110.504578, -7.016401 ], [ 110.503182, -7.01806 ], [ 110.501175, -7.018078 ], [ 110.498886, -7.021123 ], [ 110.498611, -7.023243 ], [ 110.496063, -7.026785 ], [ 110.494652, -7.029725 ], [ 110.492493, -7.029629 ], [ 110.490463, -7.029751 ], [ 110.488235, -7.029151 ], [ 110.487678, -7.031153 ], [ 110.487, -7.033049 ], [ 110.486641, -7.035016 ], [ 110.485512, -7.036981 ], [ 110.482765, -7.039016 ], [ 110.48127, -7.036137 ], [ 110.480606, -7.034173 ], [ 110.47982, -7.031362 ], [ 110.476746, -7.034106 ], [ 110.475502, -7.036721 ], [ 110.474129, -7.038216 ], [ 110.472511, -7.036472 ], [ 110.470398, -7.034604 ], [ 110.467529, -7.032985 ], [ 110.464813, -7.032346 ] ] ], [ [ [ 110.395438, -6.950555 ], [ 110.395431, -6.950546 ], [ 110.395452, -6.950559 ], [ 110.395438, -6.950555 ] ] ] ] } },
{ "type": "Feature", "properties": { "STATISTIK": "3372", "KABUPATEN": "KOTA SURAKARTA", "PROPINSI": "JAWA TENGAH", "LUAS_KM2": "19.8015", "DATA": "BAKOSURTANAL, BPS" }, "geometry": { "type": "Polygon", "coordinates": [ [ [ 110.843147, -7.575755 ], [ 110.84317, -7.579719 ], [ 110.841698, -7.58178 ], [ 110.841522, -7.584648 ], [ 110.841133, -7.58674 ], [ 110.839531, -7.591031 ], [ 110.83593, -7.591704 ], [ 110.834205, -7.593811 ], [ 110.832138, -7.594738 ], [ 110.828018, -7.592857 ], [ 110.825546, -7.592118 ], [ 110.824089, -7.594457 ], [ 110.821976, -7.595188 ], [ 110.819908, -7.594346 ], [ 110.8181, -7.593418 ], [ 110.816871, -7.591819 ], [ 110.817444, -7.589585 ], [ 110.815109, -7.586998 ], [ 110.813446, -7.585338 ], [ 110.811668, -7.583629 ], [ 110.809692, -7.583152 ], [ 110.809456, -7.581143 ], [ 110.807579, -7.580326 ], [ 110.807312, -7.576492 ], [ 110.805275, -7.575811 ], [ 110.803154, -7.572988 ], [ 110.801231, -7.571443 ], [ 110.799233, -7.571815 ], [ 110.79689, -7.571776 ], [ 110.794678, -7.571985 ], [ 110.792618, -7.571298 ], [ 110.79248, -7.573427 ], [ 110.79036, -7.573065 ], [ 110.789154, -7.574682 ], [ 110.787926, -7.577737 ], [ 110.785378, -7.576159 ], [ 110.781899, -7.574431 ], [ 110.783913, -7.571895 ], [ 110.783569, -7.569883 ], [ 110.783775, -7.567696 ], [ 110.783852, -7.565495 ], [ 110.783218, -7.563332 ], [ 110.781265, -7.562127 ], [ 110.779518, -7.561032 ], [ 110.778709, -7.559075 ], [ 110.776589, -7.557851 ], [ 110.774475, -7.558296 ], [ 110.772484, -7.558744 ], [ 110.77034, -7.554737 ], [ 110.768898, -7.551964 ], [ 110.769737, -7.549196 ], [ 110.770332, -7.547256 ], [ 110.770912, -7.545239 ], [ 110.773598, -7.545808 ], [ 110.775978, -7.546323 ], [ 110.778274, -7.545972 ], [ 110.780281, -7.545436 ], [ 110.782494, -7.545916 ], [ 110.784515, -7.546739 ], [ 110.786644, -7.547641 ], [ 110.788795, -7.547703 ], [ 110.791107, -7.547342 ], [ 110.793251, -7.547522 ], [ 110.79689, -7.548216 ], [ 110.797363, -7.544612 ], [ 110.798012, -7.542402 ], [ 110.798736, -7.540205 ], [ 110.799462, -7.53761 ], [ 110.80043, -7.533492 ], [ 110.804802, -7.528933 ], [ 110.812973, -7.526802 ], [ 110.824516, -7.526802 ], [ 110.829491, -7.528045 ], [ 110.834465, -7.529999 ], [ 110.837502, -7.531312 ], [ 110.846245, -7.530281 ], [ 110.849823, -7.531711 ], [ 110.853393, -7.533856 ], [ 110.856972, -7.536001 ], [ 110.861259, -7.537431 ], [ 110.863762, -7.538861 ], [ 110.867691, -7.541006 ], [ 110.869843, -7.543866 ], [ 110.871986, -7.545296 ], [ 110.875198, -7.546726 ], [ 110.877365, -7.547685 ], [ 110.880119, -7.547234 ], [ 110.882782, -7.546434 ], [ 110.885529, -7.547215 ], [ 110.886848, -7.549041 ], [ 110.88813, -7.550793 ], [ 110.886734, -7.553175 ], [ 110.88543, -7.555262 ], [ 110.883927, -7.557354 ], [ 110.8824, -7.559283 ], [ 110.881012, -7.561104 ], [ 110.879303, -7.563036 ], [ 110.877937, -7.56631 ], [ 110.873055, -7.567461 ], [ 110.868408, -7.566031 ], [ 110.863045, -7.566031 ], [ 110.861114, -7.567204 ], [ 110.858269, -7.570581 ], [ 110.855782, -7.570234 ], [ 110.854141, -7.571649 ], [ 110.854896, -7.573598 ], [ 110.852592, -7.574006 ], [ 110.850479, -7.573659 ], [ 110.848335, -7.572716 ], [ 110.846512, -7.57457 ], [ 110.846069, -7.576613 ], [ 110.843147, -7.575755 ] ] ] } },
{ "type": "Feature", "properties": { "STATISTIK": "3376", "KABUPATEN": "KOTA TEGAL", "PROPINSI": "JAWA TENGAH", "LUAS_KM2": "8.75396", "DATA": "BAKOSURTANAL, BPS" }, "geometry": { "type": "Polygon", "coordinates": [ [ [ 109.134621, -6.884097 ], [ 109.132812, -6.885747 ], [ 109.132187, -6.887759 ], [ 109.132225, -6.890041 ], [ 109.132698, -6.892238 ], [ 109.132004, -6.894445 ], [ 109.130806, -6.896214 ], [ 109.128883, -6.895334 ], [ 109.12748, -6.897451 ], [ 109.125572, -6.898215 ], [ 109.125, -6.900461 ], [ 109.121651, -6.900001 ], [ 109.119629, -6.900111 ], [ 109.117805, -6.899067 ], [ 109.116249, -6.897774 ], [ 109.113975, -6.897735 ], [ 109.112251, -6.899115 ], [ 109.110725, -6.896758 ], [ 109.109169, -6.89518 ], [ 109.107048, -6.89479 ], [ 109.104866, -6.891884 ], [ 109.101448, -6.891884 ], [ 109.099579, -6.890526 ], [ 109.09716, -6.889944 ], [ 109.094559, -6.889112 ], [ 109.092079, -6.888701 ], [ 109.089928, -6.888424 ], [ 109.087929, -6.888331 ], [ 109.085762, -6.888055 ], [ 109.083779, -6.887717 ], [ 109.081581, -6.889128 ], [ 109.079369, -6.888977 ], [ 109.078117, -6.88735 ], [ 109.076416, -6.883596 ], [ 109.074997, -6.8809 ], [ 109.075302, -6.878605 ], [ 109.07592, -6.875 ], [ 109.07737, -6.873499 ], [ 109.079323, -6.872817 ], [ 109.081276, -6.871457 ], [ 109.081032, -6.869227 ], [ 109.080773, -6.867198 ], [ 109.080872, -6.865187 ], [ 109.081452, -6.863208 ], [ 109.081253, -6.861161 ], [ 109.081871, -6.859124 ], [ 109.084038, -6.859639 ], [ 109.085449, -6.861243 ], [ 109.087372, -6.862349 ], [ 109.089775, -6.863672 ], [ 109.091888, -6.864127 ], [ 109.09388, -6.86381 ], [ 109.096069, -6.863653 ], [ 109.097687, -6.861556 ], [ 109.098206, -6.859354 ], [ 109.100624, -6.856724 ], [ 109.100289, -6.854654 ], [ 109.099854, -6.85184 ], [ 109.098938, -6.849632 ], [ 109.098892, -6.847605 ], [ 109.09848, -6.845135 ], [ 109.098923, -6.842838 ], [ 109.100403, -6.841372 ], [ 109.102143, -6.839592 ], [ 109.102622, -6.839672 ], [ 109.103287, -6.839752 ], [ 109.103686, -6.839699 ], [ 109.106453, -6.840768 ], [ 109.108956, -6.841236 ], [ 109.111229, -6.842228 ], [ 109.113129, -6.843295 ], [ 109.116066, -6.844622 ], [ 109.118065, -6.845507 ], [ 109.120529, -6.846403 ], [ 109.122727, -6.847171 ], [ 109.125221, -6.847838 ], [ 109.13047, -6.848299 ], [ 109.133369, -6.848451 ], [ 109.136566, -6.848299 ], [ 109.13977, -6.847537 ], [ 109.144341, -6.846622 ], [ 109.14769, -6.845708 ], [ 109.15287, -6.844642 ], [ 109.157639, -6.843919 ], [ 109.157639, -6.849572 ], [ 109.15699, -6.851519 ], [ 109.15683, -6.854114 ], [ 109.155693, -6.856385 ], [ 109.154884, -6.859629 ], [ 109.154717, -6.863522 ], [ 109.154556, -6.867901 ], [ 109.153908, -6.870984 ], [ 109.153259, -6.873254 ], [ 109.152771, -6.876012 ], [ 109.150337, -6.878445 ], [ 109.14872, -6.879905 ], [ 109.149689, -6.883311 ], [ 109.151314, -6.887204 ], [ 109.149437, -6.888818 ], [ 109.14727, -6.886289 ], [ 109.145073, -6.886227 ], [ 109.142509, -6.886238 ], [ 109.140213, -6.886117 ], [ 109.137718, -6.885715 ], [ 109.134621, -6.884097 ] ] ] } },
{ "type": "Feature", "properties": { "STATISTIK": "3319", "KABUPATEN": "KUDUS", "PROPINSI": "JAWA TENGAH", "LUAS_KM2": "83.4884", "DATA": "BAKOSURTANAL, BPS" }, "geometry": { "type": "Polygon", "coordinates": [ [ [ 110.919174, -6.867481 ], [ 110.917214, -6.868122 ], [ 110.915169, -6.868903 ], [ 110.91317, -6.869508 ], [ 110.90947, -6.871027 ], [ 110.907112, -6.871441 ], [ 110.904579, -6.871636 ], [ 110.901886, -6.871757 ], [ 110.899223, -6.871806 ], [ 110.896828, -6.872092 ], [ 110.894867, -6.871683 ], [ 110.892632, -6.871172 ], [ 110.890686, -6.870305 ], [ 110.888382, -6.869535 ], [ 110.885574, -6.868819 ], [ 110.883217, -6.868472 ], [ 110.880722, -6.868776 ], [ 110.880119, -6.871023 ], [ 110.880348, -6.873904 ], [ 110.881424, -6.877275 ], [ 110.882728, -6.879208 ], [ 110.882881, -6.881338 ], [ 110.882744, -6.883707 ], [ 110.882668, -6.886394 ], [ 110.882599, -6.88847 ], [ 110.882957, -6.890463 ], [ 110.88298, -6.892545 ], [ 110.881485, -6.895364 ], [ 110.878868, -6.899839 ], [ 110.87748, -6.903485 ], [ 110.876648, -6.905397 ], [ 110.874885, -6.90686 ], [ 110.869484, -6.907223 ], [ 110.863983, -6.904304 ], [ 110.858688, -6.903687 ], [ 110.852661, -6.904 ], [ 110.848869, -6.908715 ], [ 110.846557, -6.911631 ], [ 110.844574, -6.914129 ], [ 110.84156, -6.91934 ], [ 110.840454, -6.923801 ], [ 110.841926, -6.926889 ], [ 110.842705, -6.928952 ], [ 110.842384, -6.932846 ], [ 110.840652, -6.93468 ], [ 110.837906, -6.935409 ], [ 110.835663, -6.935555 ], [ 110.831032, -6.936943 ], [ 110.829208, -6.938465 ], [ 110.826813, -6.939476 ], [ 110.821693, -6.939662 ], [ 110.81704, -6.939553 ], [ 110.811394, -6.943028 ], [ 110.809876, -6.945352 ], [ 110.809273, -6.947663 ], [ 110.808975, -6.950439 ], [ 110.808716, -6.95291 ], [ 110.809494, -6.955318 ], [ 110.811371, -6.958228 ], [ 110.812141, -6.960175 ], [ 110.811348, -6.96508 ], [ 110.810471, -6.967971 ], [ 110.809754, -6.970457 ], [ 110.806816, -6.973951 ], [ 110.804474, -6.975308 ], [ 110.802361, -6.976201 ], [ 110.798088, -6.979072 ], [ 110.798111, -6.976146 ], [ 110.79779, -6.973732 ], [ 110.796959, -6.971671 ], [ 110.79612, -6.969264 ], [ 110.792618, -6.965224 ], [ 110.789215, -6.960262 ], [ 110.786697, -6.956785 ], [ 110.780838, -6.952455 ], [ 110.778168, -6.950857 ], [ 110.774933, -6.949577 ], [ 110.772095, -6.948349 ], [ 110.769485, -6.94637 ], [ 110.771843, -6.938045 ], [ 110.774857, -6.93144 ], [ 110.776718, -6.928432 ], [ 110.778343, -6.925808 ], [ 110.780464, -6.920712 ], [ 110.780815, -6.917137 ], [ 110.781685, -6.915128 ], [ 110.784386, -6.908912 ], [ 110.78672, -6.906345 ], [ 110.790329, -6.902382 ], [ 110.792542, -6.900106 ], [ 110.795052, -6.898517 ], [ 110.798554, -6.893987 ], [ 110.800522, -6.890554 ], [ 110.802132, -6.886501 ], [ 110.803635, -6.884326 ], [ 110.805351, -6.881748 ], [ 110.807541, -6.878252 ], [ 110.810974, -6.873252 ], [ 110.81324, -6.871464 ], [ 110.815018, -6.865827 ], [ 110.813873, -6.861986 ], [ 110.81276, -6.858154 ], [ 110.816513, -6.849772 ], [ 110.813187, -6.846909 ], [ 110.810844, -6.843461 ], [ 110.805679, -6.838167 ], [ 110.800629, -6.834228 ], [ 110.796097, -6.828977 ], [ 110.79319, -6.828025 ], [ 110.790924, -6.82669 ], [ 110.789322, -6.824821 ], [ 110.78611, -6.821215 ], [ 110.782242, -6.819212 ], [ 110.779038, -6.817209 ], [ 110.77623, -6.815473 ], [ 110.774628, -6.813604 ], [ 110.772629, -6.8112 ], [ 110.768486, -6.807728 ], [ 110.76368, -6.804523 ], [ 110.759537, -6.801719 ], [ 110.757896, -6.799777 ], [ 110.756706, -6.796173 ], [ 110.756691, -6.792181 ], [ 110.758926, -6.792242 ], [ 110.759705, -6.790248 ], [ 110.76062, -6.788017 ], [ 110.761391, -6.786003 ], [ 110.762115, -6.783991 ], [ 110.764359, -6.782921 ], [ 110.764961, -6.78051 ], [ 110.765533, -6.77817 ], [ 110.765282, -6.775704 ], [ 110.766136, -6.773386 ], [ 110.766914, -6.771427 ], [ 110.768021, -6.7695 ], [ 110.769821, -6.768393 ], [ 110.772125, -6.767099 ], [ 110.774155, -6.765888 ], [ 110.775444, -6.763864 ], [ 110.777268, -6.763025 ], [ 110.779373, -6.761819 ], [ 110.781242, -6.760747 ], [ 110.783363, -6.761422 ], [ 110.784744, -6.75978 ], [ 110.786865, -6.75901 ], [ 110.787232, -6.756911 ], [ 110.789414, -6.756923 ], [ 110.79026, -6.755055 ], [ 110.79203, -6.753396 ], [ 110.793831, -6.7544 ], [ 110.79573, -6.755305 ], [ 110.797157, -6.757071 ], [ 110.800209, -6.757896 ], [ 110.801964, -6.756625 ], [ 110.803825, -6.755387 ], [ 110.806297, -6.754944 ], [ 110.808243, -6.755564 ], [ 110.810013, -6.756979 ], [ 110.812141, -6.758394 ], [ 110.814171, -6.759101 ], [ 110.818504, -6.758306 ], [ 110.820625, -6.75636 ], [ 110.822395, -6.754502 ], [ 110.824875, -6.752998 ], [ 110.827614, -6.752556 ], [ 110.830094, -6.753264 ], [ 110.833717, -6.755475 ], [ 110.835755, -6.75689 ], [ 110.838669, -6.758394 ], [ 110.840797, -6.758129 ], [ 110.843712, -6.755564 ], [ 110.847077, -6.750345 ], [ 110.848045, -6.748222 ], [ 110.850494, -6.744665 ], [ 110.850861, -6.741305 ], [ 110.848762, -6.740256 ], [ 110.845093, -6.739732 ], [ 110.839584, -6.738683 ], [ 110.83696, -6.736061 ], [ 110.83696, -6.731079 ], [ 110.838013, -6.72531 ], [ 110.838013, -6.722163 ], [ 110.838013, -6.719279 ], [ 110.836441, -6.716394 ], [ 110.834343, -6.714034 ], [ 110.832245, -6.712199 ], [ 110.831978, -6.709839 ], [ 110.833031, -6.707741 ], [ 110.835655, -6.707741 ], [ 110.839584, -6.707741 ], [ 110.84378, -6.706954 ], [ 110.846405, -6.705905 ], [ 110.849022, -6.703807 ], [ 110.850601, -6.700661 ], [ 110.850334, -6.697252 ], [ 110.849289, -6.692794 ], [ 110.850601, -6.685977 ], [ 110.852959, -6.676798 ], [ 110.855057, -6.670767 ], [ 110.856705, -6.667621 ], [ 110.858177, -6.665943 ], [ 110.86132, -6.664894 ], [ 110.864471, -6.662796 ], [ 110.866989, -6.660069 ], [ 110.867615, -6.656503 ], [ 110.866569, -6.651678 ], [ 110.865936, -6.64937 ], [ 110.865936, -6.644755 ], [ 110.866356, -6.637203 ], [ 110.867828, -6.632378 ], [ 110.871811, -6.625875 ], [ 110.876701, -6.620505 ], [ 110.878342, -6.618785 ], [ 110.881874, -6.619158 ], [ 110.884529, -6.618533 ], [ 110.886856, -6.617834 ], [ 110.888977, -6.618323 ], [ 110.890633, -6.620094 ], [ 110.891304, -6.622121 ], [ 110.893738, -6.624392 ], [ 110.897514, -6.624509 ], [ 110.899811, -6.623868 ], [ 110.902184, -6.624066 ], [ 110.902717, -6.627616 ], [ 110.903709, -6.629489 ], [ 110.902886, -6.631986 ], [ 110.901207, -6.633376 ], [ 110.898681, -6.635135 ], [ 110.896851, -6.636132 ], [ 110.898796, -6.640356 ], [ 110.900978, -6.641321 ], [ 110.903511, -6.642599 ], [ 110.905441, -6.644557 ], [ 110.906265, -6.646714 ], [ 110.906914, -6.650091 ], [ 110.907005, -6.653496 ], [ 110.907143, -6.655539 ], [ 110.908226, -6.657866 ], [ 110.909668, -6.660108 ], [ 110.911087, -6.662123 ], [ 110.912109, -6.664535 ], [ 110.913208, -6.666535 ], [ 110.914215, -6.668313 ], [ 110.916, -6.669599 ], [ 110.917313, -6.671262 ], [ 110.919182, -6.672111 ], [ 110.920624, -6.673788 ], [ 110.921936, -6.675693 ], [ 110.923325, -6.677628 ], [ 110.923714, -6.679995 ], [ 110.924095, -6.682015 ], [ 110.924278, -6.684034 ], [ 110.926033, -6.685097 ], [ 110.925194, -6.68697 ], [ 110.925827, -6.688895 ], [ 110.927605, -6.690174 ], [ 110.927688, -6.69231 ], [ 110.92897, -6.694138 ], [ 110.931137, -6.695353 ], [ 110.932403, -6.69697 ], [ 110.934456, -6.697533 ], [ 110.934242, -6.699618 ], [ 110.934128, -6.701997 ], [ 110.933556, -6.704055 ], [ 110.933609, -6.706201 ], [ 110.934471, -6.708293 ], [ 110.93676, -6.709306 ], [ 110.937042, -6.711305 ], [ 110.935531, -6.712893 ], [ 110.935158, -6.714927 ], [ 110.935203, -6.716938 ], [ 110.934525, -6.718866 ], [ 110.935158, -6.720963 ], [ 110.933472, -6.722412 ], [ 110.931343, -6.722279 ], [ 110.929932, -6.719621 ], [ 110.929314, -6.717224 ], [ 110.928421, -6.715282 ], [ 110.925888, -6.716228 ], [ 110.925888, -6.718845 ], [ 110.924919, -6.720708 ], [ 110.924904, -6.722967 ], [ 110.924492, -6.724969 ], [ 110.924492, -6.729159 ], [ 110.926887, -6.729746 ], [ 110.929153, -6.729807 ], [ 110.931389, -6.730216 ], [ 110.93351, -6.730018 ], [ 110.934837, -6.731657 ], [ 110.93631, -6.733297 ], [ 110.937561, -6.735493 ], [ 110.938072, -6.737895 ], [ 110.938766, -6.74028 ], [ 110.9394, -6.743073 ], [ 110.939819, -6.745087 ], [ 110.940308, -6.747994 ], [ 110.941116, -6.75 ], [ 110.943718, -6.751559 ], [ 110.944588, -6.75443 ], [ 110.946228, -6.756032 ], [ 110.949058, -6.755902 ], [ 110.951065, -6.755951 ], [ 110.95404, -6.755363 ], [ 110.956337, -6.75497 ], [ 110.958481, -6.75523 ], [ 110.960556, -6.754986 ], [ 110.962593, -6.755701 ], [ 110.961342, -6.759521 ], [ 110.962029, -6.761782 ], [ 110.963005, -6.764801 ], [ 110.963585, -6.766793 ], [ 110.96418, -6.768901 ], [ 110.964119, -6.770902 ], [ 110.965446, -6.772811 ], [ 110.964653, -6.774716 ], [ 110.964485, -6.776833 ], [ 110.96569, -6.778563 ], [ 110.966354, -6.780888 ], [ 110.967865, -6.782508 ], [ 110.96888, -6.785384 ], [ 110.969444, -6.787673 ], [ 110.970108, -6.78969 ], [ 110.970871, -6.791761 ], [ 110.971023, -6.794312 ], [ 110.970711, -6.796302 ], [ 110.970421, -6.798306 ], [ 110.97036, -6.800427 ], [ 110.970505, -6.802585 ], [ 110.972351, -6.803718 ], [ 110.974319, -6.804719 ], [ 110.974373, -6.807185 ], [ 110.974213, -6.809346 ], [ 110.974503, -6.811568 ], [ 110.974564, -6.813999 ], [ 110.974327, -6.816847 ], [ 110.974136, -6.819187 ], [ 110.974091, -6.821372 ], [ 110.974243, -6.823547 ], [ 110.974777, -6.825593 ], [ 110.975357, -6.827806 ], [ 110.975876, -6.830248 ], [ 110.976959, -6.832739 ], [ 110.975281, -6.834834 ], [ 110.973526, -6.836116 ], [ 110.97152, -6.837679 ], [ 110.969437, -6.839351 ], [ 110.967369, -6.840889 ], [ 110.965378, -6.842428 ], [ 110.963669, -6.843709 ], [ 110.961456, -6.844698 ], [ 110.959251, -6.84559 ], [ 110.956879, -6.846554 ], [ 110.954689, -6.847457 ], [ 110.95227, -6.84836 ], [ 110.949333, -6.849337 ], [ 110.947281, -6.850045 ], [ 110.944847, -6.850924 ], [ 110.942757, -6.85168 ], [ 110.940582, -6.852498 ], [ 110.938553, -6.853413 ], [ 110.936218, -6.854402 ], [ 110.934197, -6.855323 ], [ 110.931839, -6.856367 ], [ 110.929451, -6.857429 ], [ 110.927162, -6.85849 ], [ 110.925842, -6.86031 ], [ 110.925316, -6.862593 ], [ 110.924881, -6.864595 ], [ 110.923691, -6.86645 ], [ 110.921455, -6.866767 ], [ 110.919174, -6.867481 ] ] ] } },
{ "type": "Feature", "properties": { "STATISTIK": "3308", "KABUPATEN": "MAGELANG", "PROPINSI": "JAWA TENGAH", "LUAS_KM2": "65.2448", "DATA": "BAKOSURTANAL, BPS" }, "geometry": { "type": "Polygon", "coordinates": [ [ [ 110.436424, -7.462314 ], [ 110.43512, -7.467961 ], [ 110.434036, -7.470842 ], [ 110.432319, -7.474359 ], [ 110.430374, -7.477875 ], [ 110.427391, -7.482373 ], [ 110.426079, -7.484161 ], [ 110.424759, -7.486525 ], [ 110.423553, -7.488657 ], [ 110.42189, -7.490849 ], [ 110.420288, -7.493329 ], [ 110.416038, -7.497138 ], [ 110.41346, -7.498409 ], [ 110.410988, -7.498882 ], [ 110.407074, -7.49963 ], [ 110.401772, -7.499121 ], [ 110.397347, -7.499936 ], [ 110.392441, -7.502122 ], [ 110.391182, -7.503842 ], [ 110.390213, -7.50571 ], [ 110.388474, -7.507092 ], [ 110.384842, -7.507894 ], [ 110.38324, -7.509115 ], [ 110.381394, -7.51015 ], [ 110.379791, -7.511556 ], [ 110.379143, -7.513954 ], [ 110.382912, -7.513614 ], [ 110.385269, -7.513248 ], [ 110.387375, -7.513574 ], [ 110.389137, -7.514637 ], [ 110.392647, -7.514389 ], [ 110.394798, -7.514461 ], [ 110.398666, -7.515274 ], [ 110.402412, -7.516271 ], [ 110.405213, -7.51707 ], [ 110.408951, -7.519117 ], [ 110.412048, -7.520575 ], [ 110.413689, -7.521754 ], [ 110.41584, -7.523095 ], [ 110.417549, -7.524159 ], [ 110.420769, -7.525755 ], [ 110.422524, -7.526854 ], [ 110.424675, -7.528206 ], [ 110.429596, -7.531304 ], [ 110.432922, -7.533224 ], [ 110.435928, -7.534889 ], [ 110.437805, -7.535653 ], [ 110.439834, -7.536878 ], [ 110.443954, -7.539836 ], [ 110.44648, -7.539687 ], [ 110.447495, -7.542873 ], [ 110.445244, -7.544542 ], [ 110.443184, -7.546504 ], [ 110.440483, -7.548524 ], [ 110.437843, -7.55043 ], [ 110.43531, -7.552392 ], [ 110.432442, -7.554874 ], [ 110.429459, -7.557644 ], [ 110.427391, -7.559548 ], [ 110.425384, -7.560935 ], [ 110.422569, -7.563013 ], [ 110.41803, -7.565785 ], [ 110.414139, -7.568043 ], [ 110.409874, -7.571387 ], [ 110.405395, -7.575023 ], [ 110.401604, -7.578313 ], [ 110.397652, -7.582294 ], [ 110.394318, -7.586044 ], [ 110.391167, -7.589505 ], [ 110.387093, -7.593256 ], [ 110.382897, -7.596028 ], [ 110.379967, -7.597761 ], [ 110.377152, -7.599494 ], [ 110.374741, -7.602033 ], [ 110.373367, -7.603532 ], [ 110.371948, -7.605179 ], [ 110.369751, -7.607513 ], [ 110.3666, -7.612069 ], [ 110.362877, -7.616913 ], [ 110.358688, -7.620894 ], [ 110.354378, -7.624531 ], [ 110.349953, -7.627476 ], [ 110.345764, -7.63019 ], [ 110.341286, -7.633481 ], [ 110.337494, -7.636713 ], [ 110.334381, -7.640367 ], [ 110.332275, -7.641906 ], [ 110.329346, -7.643985 ], [ 110.326187, -7.645776 ], [ 110.322853, -7.64728 ], [ 110.318367, -7.649246 ], [ 110.314285, -7.650636 ], [ 110.310898, -7.652485 ], [ 110.307739, -7.654737 ], [ 110.306244, -7.656813 ], [ 110.304932, -7.659407 ], [ 110.30442, -7.661942 ], [ 110.303566, -7.66465 ], [ 110.301674, -7.667533 ], [ 110.298866, -7.670361 ], [ 110.295822, -7.673707 ], [ 110.294563, -7.675609 ], [ 110.292389, -7.679472 ], [ 110.291016, -7.683218 ], [ 110.289474, -7.686446 ], [ 110.287758, -7.690077 ], [ 110.285698, -7.693422 ], [ 110.283798, -7.695671 ], [ 110.281677, -7.697288 ], [ 110.277115, -7.696806 ], [ 110.27523, -7.698048 ], [ 110.272415, -7.697535 ], [ 110.27005, -7.696214 ], [ 110.267571, -7.694088 ], [ 110.265717, -7.691269 ], [ 110.264793, -7.689025 ], [ 110.264603, -7.684821 ], [ 110.265167, -7.680385 ], [ 110.265846, -7.676295 ], [ 110.266357, -7.673241 ], [ 110.267265, -7.669726 ], [ 110.267601, -7.667537 ], [ 110.267189, -7.663794 ], [ 110.266258, -7.66011 ], [ 110.267227, -7.657114 ], [ 110.267853, -7.653772 ], [ 110.267326, -7.651066 ], [ 110.264839, -7.648536 ], [ 110.261231, -7.646098 ], [ 110.25872, -7.644197 ], [ 110.256348, -7.64574 ], [ 110.25473, -7.64421 ], [ 110.248779, -7.646089 ], [ 110.246307, -7.647763 ], [ 110.244415, -7.649552 ], [ 110.241829, -7.651342 ], [ 110.239761, -7.651979 ], [ 110.236305, -7.651813 ], [ 110.232391, -7.650553 ], [ 110.229278, -7.649637 ], [ 110.226799, -7.649008 ], [ 110.224037, -7.647804 ], [ 110.219719, -7.646371 ], [ 110.217125, -7.645858 ], [ 110.214302, -7.645921 ], [ 110.211838, -7.647422 ], [ 110.209419, -7.649097 ], [ 110.204994, -7.651582 ], [ 110.202873, -7.652104 ], [ 110.200684, -7.65182 ], [ 110.198372, -7.649923 ], [ 110.196068, -7.647278 ], [ 110.194336, -7.645956 ], [ 110.191971, -7.644636 ], [ 110.189552, -7.644295 ], [ 110.182709, -7.645171 ], [ 110.178047, -7.645485 ], [ 110.171547, -7.64594 ], [ 110.167229, -7.646236 ], [ 110.162971, -7.645668 ], [ 110.157845, -7.644986 ], [ 110.154335, -7.645338 ], [ 110.152435, -7.646666 ], [ 110.150719, -7.648454 ], [ 110.147613, -7.649266 ], [ 110.145935, -7.647714 ], [ 110.144836, -7.645527 ], [ 110.141571, -7.644993 ], [ 110.139549, -7.644377 ], [ 110.13839, -7.642465 ], [ 110.136772, -7.640313 ], [ 110.135407, -7.638849 ], [ 110.133072, -7.635679 ], [ 110.131355, -7.634184 ], [ 110.129044, -7.633403 ], [ 110.126121, -7.63125 ], [ 110.124985, -7.628703 ], [ 110.123779, -7.627071 ], [ 110.121536, -7.623906 ], [ 110.121735, -7.62189 ], [ 110.122246, -7.619771 ], [ 110.121552, -7.617279 ], [ 110.121338, -7.614522 ], [ 110.121452, -7.612327 ], [ 110.120529, -7.610317 ], [ 110.119705, -7.60801 ], [ 110.118233, -7.60555 ], [ 110.116432, -7.604157 ], [ 110.114998, -7.602191 ], [ 110.112938, -7.600992 ], [ 110.111473, -7.599023 ], [ 110.110405, -7.596448 ], [ 110.108879, -7.595013 ], [ 110.107468, -7.59308 ], [ 110.107162, -7.590878 ], [ 110.106674, -7.588243 ], [ 110.105591, -7.586427 ], [ 110.104294, -7.584286 ], [ 110.103584, -7.582206 ], [ 110.103096, -7.578775 ], [ 110.103279, -7.576468 ], [ 110.101647, -7.574651 ], [ 110.100929, -7.572759 ], [ 110.101272, -7.570646 ], [ 110.099747, -7.569032 ], [ 110.097664, -7.569527 ], [ 110.09523, -7.568883 ], [ 110.092491, -7.56828 ], [ 110.0905, -7.568816 ], [ 110.088676, -7.57008 ], [ 110.087906, -7.571934 ], [ 110.086411, -7.573277 ], [ 110.08458, -7.574107 ], [ 110.082992, -7.575399 ], [ 110.081406, -7.576752 ], [ 110.079247, -7.576845 ], [ 110.077164, -7.576149 ], [ 110.075478, -7.574315 ], [ 110.073486, -7.573658 ], [ 110.071869, -7.572315 ], [ 110.069725, -7.571431 ], [ 110.067459, -7.571106 ], [ 110.065186, -7.571444 ], [ 110.063957, -7.57336 ], [ 110.062195, -7.572313 ], [ 110.06002, -7.573784 ], [ 110.057937, -7.573563 ], [ 110.056473, -7.571178 ], [ 110.056809, -7.569034 ], [ 110.057121, -7.566938 ], [ 110.056915, -7.56466 ], [ 110.057793, -7.562517 ], [ 110.059174, -7.561053 ], [ 110.058876, -7.558982 ], [ 110.057167, -7.556399 ], [ 110.054993, -7.555973 ], [ 110.053657, -7.554326 ], [ 110.053162, -7.552374 ], [ 110.051598, -7.550718 ], [ 110.052445, -7.548734 ], [ 110.05143, -7.546957 ], [ 110.04995, -7.545403 ], [ 110.049439, -7.543229 ], [ 110.048256, -7.541586 ], [ 110.046715, -7.540134 ], [ 110.045578, -7.538222 ], [ 110.044098, -7.535807 ], [ 110.045151, -7.5324 ], [ 110.044624, -7.528418 ], [ 110.044205, -7.526383 ], [ 110.044067, -7.524205 ], [ 110.044975, -7.522337 ], [ 110.045487, -7.519873 ], [ 110.047119, -7.517426 ], [ 110.047104, -7.515286 ], [ 110.048363, -7.513633 ], [ 110.048493, -7.511558 ], [ 110.047134, -7.51008 ], [ 110.048118, -7.508337 ], [ 110.050255, -7.506705 ], [ 110.050018, -7.504648 ], [ 110.048721, -7.503094 ], [ 110.049889, -7.501164 ], [ 110.051803, -7.500041 ], [ 110.052086, -7.496931 ], [ 110.053398, -7.492666 ], [ 110.054359, -7.48725 ], [ 110.054115, -7.483968 ], [ 110.054291, -7.481612 ], [ 110.056229, -7.476189 ], [ 110.058113, -7.473315 ], [ 110.062241, -7.467021 ], [ 110.063919, -7.462812 ], [ 110.065956, -7.457338 ], [ 110.066002, -7.455092 ], [ 110.063057, -7.452045 ], [ 110.0615, -7.450781 ], [ 110.06057, -7.44796 ], [ 110.059929, -7.4437 ], [ 110.059799, -7.438977 ], [ 110.060013, -7.434196 ], [ 110.060692, -7.42907 ], [ 110.061996, -7.42325 ], [ 110.062958, -7.418295 ], [ 110.064209, -7.413456 ], [ 110.063782, -7.409991 ], [ 110.065468, -7.408845 ], [ 110.067116, -7.403774 ], [ 110.06871, -7.398415 ], [ 110.071007, -7.394783 ], [ 110.07386, -7.388039 ], [ 110.074608, -7.385964 ], [ 110.076736, -7.385903 ], [ 110.080124, -7.384572 ], [ 110.083176, -7.38353 ], [ 110.08519, -7.38416 ], [ 110.093025, -7.386161 ], [ 110.097168, -7.386039 ], [ 110.10038, -7.385673 ], [ 110.104355, -7.38522 ], [ 110.10965, -7.384288 ], [ 110.113808, -7.383993 ], [ 110.118225, -7.383755 ], [ 110.125183, -7.382763 ], [ 110.128754, -7.384081 ], [ 110.130661, -7.38546 ], [ 110.133194, -7.38678 ], [ 110.13636, -7.387465 ], [ 110.138664, -7.387865 ], [ 110.142517, -7.386763 ], [ 110.146141, -7.384741 ], [ 110.148613, -7.383815 ], [ 110.151444, -7.384043 ], [ 110.155113, -7.385013 ], [ 110.15828, -7.385007 ], [ 110.161201, -7.384825 ], [ 110.164375, -7.384229 ], [ 110.167892, -7.383607 ], [ 110.170479, -7.382739 ], [ 110.173599, -7.381817 ], [ 110.176056, -7.38142 ], [ 110.178291, -7.381475 ], [ 110.182213, -7.38266 ], [ 110.185326, -7.383346 ], [ 110.191734, -7.383603 ], [ 110.195076, -7.383641 ], [ 110.198906, -7.383551 ], [ 110.200981, -7.383893 ], [ 110.203171, -7.384792 ], [ 110.207321, -7.387395 ], [ 110.21061, -7.390096 ], [ 110.214127, -7.389647 ], [ 110.213371, -7.392674 ], [ 110.215347, -7.39625 ], [ 110.217941, -7.398146 ], [ 110.219894, -7.3928 ], [ 110.221138, -7.389616 ], [ 110.222748, -7.387079 ], [ 110.223686, -7.385246 ], [ 110.225151, -7.382871 ], [ 110.227043, -7.381485 ], [ 110.229798, -7.380264 ], [ 110.232681, -7.379286 ], [ 110.234398, -7.377382 ], [ 110.237213, -7.373922 ], [ 110.239159, -7.372593 ], [ 110.241867, -7.371421 ], [ 110.244911, -7.370107 ], [ 110.24733, -7.369641 ], [ 110.249336, -7.369235 ], [ 110.251465, -7.369288 ], [ 110.254127, -7.372336 ], [ 110.254829, -7.375906 ], [ 110.256271, -7.378668 ], [ 110.259041, -7.38062 ], [ 110.262329, -7.3809 ], [ 110.26532, -7.381358 ], [ 110.267502, -7.381642 ], [ 110.269524, -7.381984 ], [ 110.273033, -7.382439 ], [ 110.278038, -7.382602 ], [ 110.280571, -7.382367 ], [ 110.283104, -7.381959 ], [ 110.2854, -7.380025 ], [ 110.288574, -7.37875 ], [ 110.291428, -7.377166 ], [ 110.293335, -7.375897 ], [ 110.297142, -7.374307 ], [ 110.299683, -7.372723 ], [ 110.302849, -7.371132 ], [ 110.30571, -7.37018 ], [ 110.309197, -7.369226 ], [ 110.313011, -7.368274 ], [ 110.315224, -7.367958 ], [ 110.317131, -7.36669 ], [ 110.320938, -7.365421 ], [ 110.323479, -7.365099 ], [ 110.327019, -7.364995 ], [ 110.331581, -7.363 ], [ 110.334129, -7.360767 ], [ 110.335411, -7.357575 ], [ 110.335724, -7.353109 ], [ 110.335411, -7.349277 ], [ 110.33445, -7.345128 ], [ 110.332214, -7.342254 ], [ 110.33094, -7.340661 ], [ 110.329666, -7.339062 ], [ 110.329666, -7.336829 ], [ 110.330925, -7.334335 ], [ 110.332825, -7.331028 ], [ 110.334587, -7.329329 ], [ 110.336937, -7.325794 ], [ 110.336838, -7.32247 ], [ 110.338974, -7.323154 ], [ 110.341347, -7.323915 ], [ 110.346931, -7.324193 ], [ 110.35038, -7.324187 ], [ 110.353432, -7.324699 ], [ 110.356087, -7.325847 ], [ 110.358215, -7.326591 ], [ 110.361732, -7.327852 ], [ 110.364075, -7.328537 ], [ 110.366623, -7.329283 ], [ 110.376472, -7.330878 ], [ 110.37941, -7.331794 ], [ 110.381599, -7.333979 ], [ 110.382248, -7.337376 ], [ 110.38237, -7.340774 ], [ 110.382324, -7.343769 ], [ 110.38279, -7.345726 ], [ 110.384873, -7.349811 ], [ 110.387413, -7.351189 ], [ 110.39444, -7.354344 ], [ 110.396576, -7.356183 ], [ 110.398651, -7.358426 ], [ 110.40062, -7.360668 ], [ 110.403221, -7.364868 ], [ 110.406227, -7.370564 ], [ 110.407044, -7.37396 ], [ 110.406944, -7.378396 ], [ 110.407356, -7.382542 ], [ 110.407494, -7.388876 ], [ 110.407387, -7.391526 ], [ 110.408836, -7.396131 ], [ 110.411034, -7.400274 ], [ 110.412483, -7.403957 ], [ 110.414047, -7.407583 ], [ 110.417236, -7.413509 ], [ 110.418274, -7.416041 ], [ 110.41909, -7.419265 ], [ 110.42054, -7.421596 ], [ 110.424988, -7.427202 ], [ 110.426262, -7.429446 ], [ 110.428169, -7.432725 ], [ 110.429909, -7.435525 ], [ 110.436249, -7.441408 ], [ 110.438331, -7.443362 ], [ 110.440521, -7.44595 ], [ 110.441681, -7.447906 ], [ 110.442207, -7.451246 ], [ 110.438019, -7.455918 ], [ 110.437279, -7.457935 ], [ 110.436821, -7.459952 ], [ 110.436424, -7.462314 ] ], [ [ 110.234436, -7.504658 ], [ 110.234741, -7.502621 ], [ 110.23246, -7.49937 ], [ 110.229447, -7.497074 ], [ 110.226471, -7.494594 ], [ 110.22522, -7.492968 ], [ 110.223572, -7.4918 ], [ 110.220322, -7.489917 ], [ 110.218864, -7.491362 ], [ 110.216797, -7.491848 ], [ 110.216744, -7.493927 ], [ 110.215714, -7.49583 ], [ 110.214401, -7.497493 ], [ 110.212929, -7.499082 ], [ 110.210053, -7.49911 ], [ 110.21093, -7.501399 ], [ 110.209366, -7.504704 ], [ 110.208717, -7.506723 ], [ 110.209221, -7.508749 ], [ 110.210579, -7.510382 ], [ 110.212379, -7.511357 ], [ 110.216042, -7.511731 ], [ 110.21801, -7.512483 ], [ 110.219353, -7.514059 ], [ 110.222359, -7.513964 ], [ 110.224182, -7.514955 ], [ 110.22615, -7.515792 ], [ 110.228691, -7.517273 ], [ 110.230934, -7.511997 ], [ 110.234268, -7.511151 ], [ 110.233635, -7.508733 ], [ 110.233978, -7.506713 ], [ 110.234436, -7.504658 ] ] ] } },
{ "type": "Feature", "properties": { "STATISTIK": "3318", "KABUPATEN": "PATI", "PROPINSI": "JAWA TENGAH", "LUAS_KM2": "73.6335", "DATA": "BAKOSURTANAL, BPS" }, "geometry": { "type": "Polygon", "coordinates": [ [ [ 111.24028, -6.856181 ], [ 111.236656, -6.856722 ], [ 111.235031, -6.855266 ], [ 111.235245, -6.853167 ], [ 111.233551, -6.852008 ], [ 111.231827, -6.850761 ], [ 111.229668, -6.850678 ], [ 111.227722, -6.850193 ], [ 111.225708, -6.849216 ], [ 111.223671, -6.8529 ], [ 111.223435, -6.855279 ], [ 111.222793, -6.857285 ], [ 111.223473, -6.859266 ], [ 111.222954, -6.86181 ], [ 111.223656, -6.864285 ], [ 111.223442, -6.866415 ], [ 111.222076, -6.868066 ], [ 111.222122, -6.87022 ], [ 111.220962, -6.871997 ], [ 111.218781, -6.872707 ], [ 111.216728, -6.873121 ], [ 111.214981, -6.871969 ], [ 111.21302, -6.872837 ], [ 111.210434, -6.873998 ], [ 111.208343, -6.875 ], [ 111.206665, -6.876309 ], [ 111.204651, -6.877515 ], [ 111.203621, -6.879255 ], [ 111.203209, -6.881428 ], [ 111.202377, -6.883716 ], [ 111.202156, -6.8864 ], [ 111.201202, -6.888523 ], [ 111.20079, -6.890634 ], [ 111.201119, -6.893024 ], [ 111.200539, -6.895244 ], [ 111.199646, -6.897149 ], [ 111.197578, -6.898405 ], [ 111.195496, -6.898407 ], [ 111.193474, -6.898454 ], [ 111.19136, -6.898413 ], [ 111.187264, -6.897603 ], [ 111.184799, -6.898671 ], [ 111.182701, -6.899731 ], [ 111.180603, -6.901119 ], [ 111.178978, -6.902426 ], [ 111.177307, -6.904729 ], [ 111.175049, -6.905655 ], [ 111.172455, -6.905632 ], [ 111.170006, -6.905792 ], [ 111.167709, -6.906346 ], [ 111.162766, -6.907717 ], [ 111.160141, -6.907919 ], [ 111.157913, -6.908508 ], [ 111.155518, -6.909368 ], [ 111.153351, -6.909839 ], [ 111.151726, -6.908243 ], [ 111.150452, -6.906588 ], [ 111.146942, -6.90468 ], [ 111.144913, -6.903776 ], [ 111.142883, -6.902078 ], [ 111.140663, -6.902375 ], [ 111.141777, -6.905639 ], [ 111.14331, -6.907829 ], [ 111.143791, -6.910363 ], [ 111.143524, -6.912519 ], [ 111.142708, -6.914774 ], [ 111.14254, -6.917108 ], [ 111.140732, -6.918025 ], [ 111.138611, -6.917785 ], [ 111.136421, -6.918288 ], [ 111.133819, -6.917844 ], [ 111.131653, -6.917736 ], [ 111.129456, -6.917957 ], [ 111.127426, -6.916896 ], [ 111.124519, -6.913404 ], [ 111.122398, -6.913022 ], [ 111.120247, -6.912999 ], [ 111.118545, -6.91408 ], [ 111.116432, -6.914868 ], [ 111.114967, -6.916781 ], [ 111.114738, -6.918851 ], [ 111.11438, -6.920921 ], [ 111.113136, -6.924789 ], [ 111.109199, -6.925962 ], [ 111.107193, -6.926301 ], [ 111.10469, -6.926571 ], [ 111.102234, -6.926661 ], [ 111.100456, -6.928102 ], [ 111.098556, -6.928912 ], [ 111.097611, -6.93105 ], [ 111.096825, -6.933278 ], [ 111.096756, -6.93528 ], [ 111.096962, -6.938565 ], [ 111.097053, -6.94221 ], [ 111.097641, -6.944168 ], [ 111.098946, -6.945787 ], [ 111.098404, -6.948555 ], [ 111.096062, -6.950446 ], [ 111.092712, -6.950695 ], [ 111.090111, -6.954632 ], [ 111.087364, -6.95623 ], [ 111.084663, -6.957896 ], [ 111.082046, -6.959291 ], [ 111.078575, -6.960597 ], [ 111.075485, -6.961272 ], [ 111.072624, -6.964715 ], [ 111.070732, -6.967731 ], [ 111.06929, -6.969148 ], [ 111.066475, -6.969149 ], [ 111.062981, -6.969104 ], [ 111.060745, -6.968925 ], [ 111.058357, -6.968745 ], [ 111.056198, -6.968452 ], [ 111.052879, -6.967733 ], [ 111.050675, -6.967013 ], [ 111.048241, -6.967958 ], [ 111.044723, -6.969466 ], [ 111.041473, -6.970592 ], [ 111.038887, -6.971132 ], [ 111.035461, -6.971964 ], [ 111.033066, -6.972347 ], [ 111.030899, -6.972295 ], [ 111.027748, -6.971222 ], [ 111.025566, -6.969468 ], [ 111.021645, -6.968793 ], [ 111.019455, -6.96877 ], [ 111.01709, -6.968636 ], [ 111.01416, -6.968861 ], [ 111.010933, -6.969558 ], [ 111.008408, -6.969806 ], [ 111.005478, -6.969671 ], [ 111.003136, -6.969221 ], [ 111.00048, -6.96891 ], [ 110.997917, -6.969523 ], [ 110.995934, -6.970124 ], [ 110.993782, -6.970067 ], [ 110.991653, -6.970225 ], [ 110.989593, -6.970326 ], [ 110.987152, -6.970387 ], [ 110.984627, -6.970801 ], [ 110.982514, -6.970337 ], [ 110.980118, -6.969131 ], [ 110.978722, -6.966102 ], [ 110.97525, -6.96746 ], [ 110.973213, -6.967321 ], [ 110.971184, -6.968377 ], [ 110.969726, -6.969989 ], [ 110.967865, -6.970847 ], [ 110.965622, -6.970756 ], [ 110.963508, -6.970361 ], [ 110.961563, -6.970905 ], [ 110.958427, -6.971206 ], [ 110.956116, -6.971577 ], [ 110.95385, -6.972474 ], [ 110.952179, -6.973782 ], [ 110.950157, -6.974087 ], [ 110.94812, -6.974849 ], [ 110.945999, -6.975213 ], [ 110.943794, -6.975588 ], [ 110.94159, -6.976021 ], [ 110.938492, -6.976373 ], [ 110.935837, -6.975354 ], [ 110.932594, -6.975184 ], [ 110.929123, -6.97339 ], [ 110.926575, -6.971932 ], [ 110.924545, -6.970945 ], [ 110.923454, -6.96919 ], [ 110.920235, -6.969399 ], [ 110.919884, -6.967386 ], [ 110.91806, -6.966479 ], [ 110.913704, -6.965529 ], [ 110.913277, -6.967618 ], [ 110.912994, -6.969763 ], [ 110.911896, -6.972227 ], [ 110.909798, -6.972613 ], [ 110.908089, -6.974114 ], [ 110.906624, -6.975523 ], [ 110.906258, -6.977615 ], [ 110.905907, -6.980163 ], [ 110.90564, -6.982281 ], [ 110.90525, -6.984293 ], [ 110.90377, -6.985658 ], [ 110.902008, -6.986652 ], [ 110.899376, -6.989186 ], [ 110.89743, -6.990298 ], [ 110.895203, -6.990092 ], [ 110.893242, -6.989087 ], [ 110.891213, -6.988201 ], [ 110.88929, -6.987288 ], [ 110.88649, -6.985961 ], [ 110.883285, -6.985576 ], [ 110.882416, -6.983682 ], [ 110.882637, -6.981212 ], [ 110.883377, -6.978223 ], [ 110.883118, -6.974442 ], [ 110.881409, -6.971965 ], [ 110.878128, -6.972489 ], [ 110.875076, -6.974104 ], [ 110.871628, -6.975892 ], [ 110.868805, -6.976472 ], [ 110.864952, -6.976193 ], [ 110.862015, -6.978094 ], [ 110.861046, -6.979935 ], [ 110.860008, -6.98212 ], [ 110.858345, -6.984708 ], [ 110.856339, -6.988044 ], [ 110.854904, -6.99069 ], [ 110.853828, -6.992916 ], [ 110.85331, -6.996667 ], [ 110.852447, -7.000288 ], [ 110.848343, -7.00137 ], [ 110.844482, -7.001454 ], [ 110.841965, -6.998931 ], [ 110.842941, -6.996688 ], [ 110.842186, -6.994565 ], [ 110.839073, -6.992675 ], [ 110.836426, -6.993887 ], [ 110.834358, -6.994383 ], [ 110.831711, -6.994184 ], [ 110.828369, -6.993099 ], [ 110.825714, -6.993105 ], [ 110.82486, -6.995059 ], [ 110.826477, -6.997527 ], [ 110.827904, -7.000018 ], [ 110.825028, -7.001679 ], [ 110.822433, -7.002817 ], [ 110.820076, -7.001956 ], [ 110.816361, -7.001757 ], [ 110.81089, -6.999993 ], [ 110.80693, -6.999274 ], [ 110.806137, -6.996176 ], [ 110.80381, -6.993905 ], [ 110.801742, -6.992064 ], [ 110.800003, -6.988545 ], [ 110.799164, -6.98159 ], [ 110.798088, -6.979072 ], [ 110.802361, -6.976201 ], [ 110.804474, -6.975308 ], [ 110.806816, -6.973951 ], [ 110.809754, -6.970457 ], [ 110.810471, -6.967971 ], [ 110.811348, -6.96508 ], [ 110.812141, -6.960175 ], [ 110.811371, -6.958228 ], [ 110.809494, -6.955318 ], [ 110.808716, -6.95291 ], [ 110.808975, -6.950439 ], [ 110.809273, -6.947663 ], [ 110.809876, -6.945352 ], [ 110.811394, -6.943028 ], [ 110.81704, -6.939553 ], [ 110.821693, -6.939662 ], [ 110.826813, -6.939476 ], [ 110.829208, -6.938465 ], [ 110.831032, -6.936943 ], [ 110.835663, -6.935555 ], [ 110.837906, -6.935409 ], [ 110.840652, -6.93468 ], [ 110.842384, -6.932846 ], [ 110.842705, -6.928952 ], [ 110.841926, -6.926889 ], [ 110.840454, -6.923801 ], [ 110.84156, -6.91934 ], [ 110.844574, -6.914129 ], [ 110.846557, -6.911631 ], [ 110.848869, -6.908715 ], [ 110.852661, -6.904 ], [ 110.858688, -6.903687 ], [ 110.863983, -6.904304 ], [ 110.869484, -6.907223 ], [ 110.874885, -6.90686 ], [ 110.876648, -6.905397 ], [ 110.87748, -6.903485 ], [ 110.878868, -6.899839 ], [ 110.881485, -6.895364 ], [ 110.88298, -6.892545 ], [ 110.882957, -6.890463 ], [ 110.882599, -6.88847 ], [ 110.882668, -6.886394 ], [ 110.882744, -6.883707 ], [ 110.882881, -6.881338 ], [ 110.882728, -6.879208 ], [ 110.881424, -6.877275 ], [ 110.880348, -6.873904 ], [ 110.880119, -6.871023 ], [ 110.880722, -6.868776 ], [ 110.883217, -6.868472 ], [ 110.885574, -6.868819 ], [ 110.888382, -6.869535 ], [ 110.890686, -6.870305 ], [ 110.892632, -6.871172 ], [ 110.894867, -6.871683 ], [ 110.896828, -6.872092 ], [ 110.899223, -6.871806 ], [ 110.901886, -6.871757 ], [ 110.904579, -6.871636 ], [ 110.907112, -6.871441 ], [ 110.90947, -6.871027 ], [ 110.91317, -6.869508 ], [ 110.915169, -6.868903 ], [ 110.917214, -6.868122 ], [ 110.919174, -6.867481 ], [ 110.921455, -6.866767 ], [ 110.923691, -6.86645 ], [ 110.924881, -6.864595 ], [ 110.925316, -6.862593 ], [ 110.925842, -6.86031 ], [ 110.927162, -6.85849 ], [ 110.929451, -6.857429 ], [ 110.931839, -6.856367 ], [ 110.934197, -6.855323 ], [ 110.936218, -6.854402 ], [ 110.938553, -6.853413 ], [ 110.940582, -6.852498 ], [ 110.942757, -6.85168 ], [ 110.944847, -6.850924 ], [ 110.947281, -6.850045 ], [ 110.949333, -6.849337 ], [ 110.95227, -6.84836 ], [ 110.954689, -6.847457 ], [ 110.956879, -6.846554 ], [ 110.959251, -6.84559 ], [ 110.961456, -6.844698 ], [ 110.963669, -6.843709 ], [ 110.965378, -6.842428 ], [ 110.967369, -6.840889 ], [ 110.969437, -6.839351 ], [ 110.97152, -6.837679 ], [ 110.973526, -6.836116 ], [ 110.975281, -6.834834 ], [ 110.976959, -6.832739 ], [ 110.975876, -6.830248 ], [ 110.975357, -6.827806 ], [ 110.974777, -6.825593 ], [ 110.974243, -6.823547 ], [ 110.974091, -6.821372 ], [ 110.974136, -6.819187 ], [ 110.974327, -6.816847 ], [ 110.974564, -6.813999 ], [ 110.974503, -6.811568 ], [ 110.974213, -6.809346 ], [ 110.974373, -6.807185 ], [ 110.974319, -6.804719 ], [ 110.972351, -6.803718 ], [ 110.970505, -6.802585 ], [ 110.97036, -6.800427 ], [ 110.970421, -6.798306 ], [ 110.970711, -6.796302 ], [ 110.971023, -6.794312 ], [ 110.970871, -6.791761 ], [ 110.970108, -6.78969 ], [ 110.969444, -6.787673 ], [ 110.96888, -6.785384 ], [ 110.967865, -6.782508 ], [ 110.966354, -6.780888 ], [ 110.96569, -6.778563 ], [ 110.964485, -6.776833 ], [ 110.964653, -6.774716 ], [ 110.965446, -6.772811 ], [ 110.964119, -6.770902 ], [ 110.96418, -6.768901 ], [ 110.963585, -6.766793 ], [ 110.963005, -6.764801 ], [ 110.962029, -6.761782 ], [ 110.961342, -6.759521 ], [ 110.962593, -6.755701 ], [ 110.960556, -6.754986 ], [ 110.958481, -6.75523 ], [ 110.956337, -6.75497 ], [ 110.95404, -6.755363 ], [ 110.951065, -6.755951 ], [ 110.949058, -6.755902 ], [ 110.946228, -6.756032 ], [ 110.944588, -6.75443 ], [ 110.943718, -6.751559 ], [ 110.941116, -6.75 ], [ 110.940308, -6.747994 ], [ 110.939819, -6.745087 ], [ 110.9394, -6.743073 ], [ 110.938766, -6.74028 ], [ 110.938072, -6.737895 ], [ 110.937561, -6.735493 ], [ 110.93631, -6.733297 ], [ 110.934837, -6.731657 ], [ 110.93351, -6.730018 ], [ 110.931389, -6.730216 ], [ 110.929153, -6.729807 ], [ 110.926887, -6.729746 ], [ 110.924492, -6.729159 ], [ 110.924492, -6.724969 ], [ 110.924904, -6.722967 ], [ 110.924919, -6.720708 ], [ 110.925888, -6.718845 ], [ 110.925888, -6.716228 ], [ 110.928421, -6.715282 ], [ 110.929314, -6.717224 ], [ 110.929932, -6.719621 ], [ 110.931343, -6.722279 ], [ 110.933472, -6.722412 ], [ 110.935158, -6.720963 ], [ 110.934525, -6.718866 ], [ 110.935203, -6.716938 ], [ 110.935158, -6.714927 ], [ 110.935531, -6.712893 ], [ 110.937042, -6.711305 ], [ 110.93676, -6.709306 ], [ 110.934471, -6.708293 ], [ 110.933609, -6.706201 ], [ 110.933556, -6.704055 ], [ 110.934128, -6.701997 ], [ 110.934242, -6.699618 ], [ 110.934456, -6.697533 ], [ 110.932403, -6.69697 ], [ 110.931137, -6.695353 ], [ 110.92897, -6.694138 ], [ 110.927688, -6.69231 ], [ 110.927605, -6.690174 ], [ 110.925827, -6.688895 ], [ 110.925194, -6.68697 ], [ 110.926033, -6.685097 ], [ 110.924278, -6.684034 ], [ 110.924095, -6.682015 ], [ 110.923714, -6.679995 ], [ 110.923325, -6.677628 ], [ 110.921936, -6.675693 ], [ 110.920624, -6.673788 ], [ 110.919182, -6.672111 ], [ 110.917313, -6.671262 ], [ 110.916, -6.669599 ], [ 110.914215, -6.668313 ], [ 110.913208, -6.666535 ], [ 110.912109, -6.664535 ], [ 110.911087, -6.662123 ], [ 110.909668, -6.660108 ], [ 110.908226, -6.657866 ], [ 110.907143, -6.655539 ], [ 110.907005, -6.653496 ], [ 110.906914, -6.650091 ], [ 110.906265, -6.646714 ], [ 110.905441, -6.644557 ], [ 110.903511, -6.642599 ], [ 110.900978, -6.641321 ], [ 110.898796, -6.640356 ], [ 110.896851, -6.636132 ], [ 110.898681, -6.635135 ], [ 110.901207, -6.633376 ], [ 110.902886, -6.631986 ], [ 110.903709, -6.629489 ], [ 110.902717, -6.627616 ], [ 110.902184, -6.624066 ], [ 110.90258, -6.621817 ], [ 110.904289, -6.618036 ], [ 110.906593, -6.616509 ], [ 110.907562, -6.614265 ], [ 110.908196, -6.611412 ], [ 110.908096, -6.608576 ], [ 110.908562, -6.606531 ], [ 110.91082, -6.602914 ], [ 110.912003, -6.600665 ], [ 110.911804, -6.597645 ], [ 110.91098, -6.594626 ], [ 110.91011, -6.592317 ], [ 110.910027, -6.590008 ], [ 110.910172, -6.586733 ], [ 110.910622, -6.58401 ], [ 110.911194, -6.58178 ], [ 110.912064, -6.57882 ], [ 110.911789, -6.575959 ], [ 110.910805, -6.573926 ], [ 110.909515, -6.571854 ], [ 110.910385, -6.570039 ], [ 110.910545, -6.567789 ], [ 110.909912, -6.564948 ], [ 110.909599, -6.562678 ], [ 110.908615, -6.560764 ], [ 110.908966, -6.558534 ], [ 110.908851, -6.556344 ], [ 110.909836, -6.554548 ], [ 110.910057, -6.552456 ], [ 110.911179, -6.55072 ], [ 110.910843, -6.548589 ], [ 110.911949, -6.546714 ], [ 110.911735, -6.544702 ], [ 110.913139, -6.543262 ], [ 110.914696, -6.541229 ], [ 110.916931, -6.54044 ], [ 110.917206, -6.538072 ], [ 110.917389, -6.535882 ], [ 110.916359, -6.534125 ], [ 110.91478, -6.532566 ], [ 110.914032, -6.530179 ], [ 110.912407, -6.528205 ], [ 110.910973, -6.526685 ], [ 110.908775, -6.525363 ], [ 110.909744, -6.523606 ], [ 110.909195, -6.521633 ], [ 110.90992, -6.519719 ], [ 110.910973, -6.517825 ], [ 110.91024, -6.515555 ], [ 110.909881, -6.512122 ], [ 110.910896, -6.510169 ], [ 110.912292, -6.50713 ], [ 110.912537, -6.504959 ], [ 110.913002, -6.499592 ], [ 110.914039, -6.49786 ], [ 110.914795, -6.49591 ], [ 110.917015, -6.496452 ], [ 110.919403, -6.496785 ], [ 110.921585, -6.496663 ], [ 110.924194, -6.496408 ], [ 110.926765, -6.496195 ], [ 110.92942, -6.495834 ], [ 110.931023, -6.494439 ], [ 110.932495, -6.492854 ], [ 110.933784, -6.491199 ], [ 110.934723, -6.489086 ], [ 110.93531, -6.487014 ], [ 110.936424, -6.485106 ], [ 110.937676, -6.483372 ], [ 110.939323, -6.484813 ], [ 110.941193, -6.485618 ], [ 110.943237, -6.48668 ], [ 110.9449, -6.485366 ], [ 110.946281, -6.483806 ], [ 110.948052, -6.482512 ], [ 110.949997, -6.48194 ], [ 110.950012, -6.4797 ], [ 110.951523, -6.477943 ], [ 110.95359, -6.477301 ], [ 110.954956, -6.475091 ], [ 110.953789, -6.473268 ], [ 110.957451, -6.470735 ], [ 110.957001, -6.467248 ], [ 110.958984, -6.466969 ], [ 110.961166, -6.467138 ], [ 110.962776, -6.465779 ], [ 110.964707, -6.465043 ], [ 110.965897, -6.463422 ], [ 110.967796, -6.464181 ], [ 110.969261, -6.462754 ], [ 110.968811, -6.460783 ], [ 110.969765, -6.458796 ], [ 110.971306, -6.45744 ], [ 110.973457, -6.456663 ], [ 110.973419, -6.454476 ], [ 110.971321, -6.453355 ], [ 110.97155, -6.451262 ], [ 110.972565, -6.449466 ], [ 110.971954, -6.444928 ], [ 110.972466, -6.442993 ], [ 110.9739, -6.441405 ], [ 110.973847, -6.439145 ], [ 110.975738, -6.438183 ], [ 110.976837, -6.436508 ], [ 110.975487, -6.43489 ], [ 110.973465, -6.434505 ], [ 110.972656, -6.432503 ], [ 110.973656, -6.428248 ], [ 110.974754, -6.426361 ], [ 110.975777, -6.424494 ], [ 110.975876, -6.422318 ], [ 110.975418, -6.420332 ], [ 110.974899, -6.418155 ], [ 110.975258, -6.414904 ], [ 110.974091, -6.411561 ], [ 110.974937, -6.411735 ], [ 110.975437, -6.411735 ], [ 110.975913, -6.411497 ], [ 110.976341, -6.411497 ], [ 110.977844, -6.411847 ], [ 110.98056, -6.412146 ], [ 110.981819, -6.412321 ], [ 110.983139, -6.41231 ], [ 110.985703, -6.412172 ], [ 110.986794, -6.412303 ], [ 110.987365, -6.412358 ], [ 110.989693, -6.411828 ], [ 110.991267, -6.411163 ], [ 110.991623, -6.410876 ], [ 110.991995, -6.41036 ], [ 110.991939, -6.409726 ], [ 110.991409, -6.408709 ], [ 110.991099, -6.407504 ], [ 110.991136, -6.407112 ], [ 110.991267, -6.406944 ], [ 110.991638, -6.40665 ], [ 110.992573, -6.406309 ], [ 110.993078, -6.406159 ], [ 110.994164, -6.40626 ], [ 110.995609, -6.406319 ], [ 110.996727, -6.406484 ], [ 110.99807, -6.40688 ], [ 110.998871, -6.407251 ], [ 111.000709, -6.408459 ], [ 111.00163, -6.408966 ], [ 111.001784, -6.409191 ], [ 111.001776, -6.409804 ], [ 111.003274, -6.410097 ], [ 111.00349, -6.409586 ], [ 111.004006, -6.409686 ], [ 111.004699, -6.409925 ], [ 111.005399, -6.410349 ], [ 111.0058, -6.410702 ], [ 111.006439, -6.41098 ], [ 111.008048, -6.411445 ], [ 111.00842, -6.411532 ], [ 111.008919, -6.411863 ], [ 111.00903, -6.411958 ], [ 111.009386, -6.411946 ], [ 111.009708, -6.41205 ], [ 111.012093, -6.413157 ], [ 111.012894, -6.413568 ], [ 111.01294, -6.414051 ], [ 111.013572, -6.41435 ], [ 111.01374, -6.414459 ], [ 111.01547, -6.414614 ], [ 111.017181, -6.415503 ], [ 111.018042, -6.4161 ], [ 111.018776, -6.41638 ], [ 111.019608, -6.417019 ], [ 111.021401, -6.417697 ], [ 111.022362, -6.418223 ], [ 111.025826, -6.419658 ], [ 111.026416, -6.419712 ], [ 111.027607, -6.420137 ], [ 111.029587, -6.420826 ], [ 111.03069, -6.421035 ], [ 111.032318, -6.421561 ], [ 111.034515, -6.422142 ], [ 111.035576, -6.422379 ], [ 111.036529, -6.422716 ], [ 111.037257, -6.422738 ], [ 111.037531, -6.422781 ], [ 111.037764, -6.422791 ], [ 111.037891, -6.422791 ], [ 111.038513, -6.423033 ], [ 111.039456, -6.423362 ], [ 111.039836, -6.423383 ], [ 111.039963, -6.423415 ], [ 111.040132, -6.423479 ], [ 111.040999, -6.423648 ], [ 111.042633, -6.424106 ], [ 111.043579, -6.424261 ], [ 111.044213, -6.424536 ], [ 111.044701, -6.424633 ], [ 111.045175, -6.424641 ], [ 111.04565, -6.424821 ], [ 111.046274, -6.424906 ], [ 111.046997, -6.425078 ], [ 111.047352, -6.425223 ], [ 111.04768, -6.425381 ], [ 111.048156, -6.425677 ], [ 111.04842, -6.425825 ], [ 111.048653, -6.426005 ], [ 111.048684, -6.426132 ], [ 111.048706, -6.426308 ], [ 111.048348, -6.426911 ], [ 111.048142, -6.428646 ], [ 111.04775, -6.429153 ], [ 111.046561, -6.429153 ], [ 111.046005, -6.429535 ], [ 111.044632, -6.431074 ], [ 111.044472, -6.433753 ], [ 111.044655, -6.436272 ], [ 111.044749, -6.437267 ], [ 111.044955, -6.437524 ], [ 111.045023, -6.43778 ], [ 111.045023, -6.437986 ], [ 111.044991, -6.438323 ], [ 111.045158, -6.440548 ], [ 111.045723, -6.443093 ], [ 111.046005, -6.445157 ], [ 111.046486, -6.448785 ], [ 111.046913, -6.451595 ], [ 111.047182, -6.452401 ], [ 111.047418, -6.452873 ], [ 111.047503, -6.453261 ], [ 111.047655, -6.454172 ], [ 111.047739, -6.454273 ], [ 111.047891, -6.454307 ], [ 111.047851, -6.455057 ], [ 111.047908, -6.455589 ], [ 111.048076, -6.455809 ], [ 111.048805, -6.459143 ], [ 111.049156, -6.461647 ], [ 111.04937, -6.464009 ], [ 111.04949, -6.465664 ], [ 111.049454, -6.467453 ], [ 111.049062, -6.467508 ], [ 111.049358, -6.468067 ], [ 111.049621, -6.469219 ], [ 111.049667, -6.469704 ], [ 111.050224, -6.472793 ], [ 111.050857, -6.474964 ], [ 111.051285, -6.47704 ], [ 111.052056, -6.480892 ], [ 111.0523, -6.483204 ], [ 111.052704, -6.485179 ], [ 111.053337, -6.487504 ], [ 111.054077, -6.491242 ], [ 111.054113, -6.49162 ], [ 111.054131, -6.491917 ], [ 111.054576, -6.492361 ], [ 111.054674, -6.492681 ], [ 111.055062, -6.493944 ], [ 111.055736, -6.495535 ], [ 111.055823, -6.495941 ], [ 111.056389, -6.497884 ], [ 111.056938, -6.500001 ], [ 111.057655, -6.502754 ], [ 111.058227, -6.504816 ], [ 111.05922, -6.508751 ], [ 111.060501, -6.512576 ], [ 111.061119, -6.514924 ], [ 111.062599, -6.519198 ], [ 111.064186, -6.522618 ], [ 111.065361, -6.524907 ], [ 111.066406, -6.526984 ], [ 111.067871, -6.529036 ], [ 111.069565, -6.531677 ], [ 111.070877, -6.533777 ], [ 111.073189, -6.538594 ], [ 111.074028, -6.540747 ], [ 111.075584, -6.543849 ], [ 111.076576, -6.546239 ], [ 111.078064, -6.550032 ], [ 111.078789, -6.552041 ], [ 111.079712, -6.554088 ], [ 111.080549, -6.555083 ], [ 111.080873, -6.555256 ], [ 111.081291, -6.555865 ], [ 111.081434, -6.555925 ], [ 111.081845, -6.556918 ], [ 111.082108, -6.558283 ], [ 111.082406, -6.559985 ], [ 111.08313, -6.561894 ], [ 111.083923, -6.563845 ], [ 111.085022, -6.567248 ], [ 111.085602, -6.568751 ], [ 111.086906, -6.571366 ], [ 111.088097, -6.573883 ], [ 111.090149, -6.578345 ], [ 111.09214, -6.582193 ], [ 111.092995, -6.584054 ], [ 111.094116, -6.58644 ], [ 111.09581, -6.587989 ], [ 111.096549, -6.589129 ], [ 111.096853, -6.58968 ], [ 111.097291, -6.590441 ], [ 111.097504, -6.591068 ], [ 111.097652, -6.591639 ], [ 111.098382, -6.592493 ], [ 111.098603, -6.593198 ], [ 111.098496, -6.593757 ], [ 111.098375, -6.594396 ], [ 111.098565, -6.594548 ], [ 111.09923, -6.594967 ], [ 111.099686, -6.595271 ], [ 111.10022, -6.595813 ], [ 111.100694, -6.596951 ], [ 111.101204, -6.597859 ], [ 111.101815, -6.599017 ], [ 111.102249, -6.599611 ], [ 111.102816, -6.600231 ], [ 111.103516, -6.601462 ], [ 111.104553, -6.603329 ], [ 111.105606, -6.605146 ], [ 111.107559, -6.608503 ], [ 111.109123, -6.610932 ], [ 111.110855, -6.613595 ], [ 111.112678, -6.615966 ], [ 111.114349, -6.618578 ], [ 111.115492, -6.620046 ], [ 111.115633, -6.620309 ], [ 111.115527, -6.620853 ], [ 111.1157, -6.621302 ], [ 111.116898, -6.623106 ], [ 111.117142, -6.623486 ], [ 111.117599, -6.623908 ], [ 111.117827, -6.624259 ], [ 111.117967, -6.624487 ], [ 111.118187, -6.625 ], [ 111.119438, -6.627318 ], [ 111.12101, -6.629556 ], [ 111.122574, -6.631763 ], [ 111.125, -6.635181 ], [ 111.126434, -6.637264 ], [ 111.127552, -6.638463 ], [ 111.128509, -6.639904 ], [ 111.130899, -6.64285 ], [ 111.13131, -6.643607 ], [ 111.132843, -6.645268 ], [ 111.134926, -6.647241 ], [ 111.13635, -6.648479 ], [ 111.137314, -6.649602 ], [ 111.138817, -6.651107 ], [ 111.142845, -6.654539 ], [ 111.145035, -6.656052 ], [ 111.147003, -6.657137 ], [ 111.148895, -6.658226 ], [ 111.152443, -6.65956 ], [ 111.155251, -6.660367 ], [ 111.158333, -6.660789 ], [ 111.161522, -6.66112 ], [ 111.163858, -6.661137 ], [ 111.165939, -6.660851 ], [ 111.168449, -6.66103 ], [ 111.1707, -6.661043 ], [ 111.173241, -6.660874 ], [ 111.174877, -6.660902 ], [ 111.176132, -6.660924 ], [ 111.178276, -6.660973 ], [ 111.179456, -6.661004 ], [ 111.180592, -6.661138 ], [ 111.181227, -6.661272 ], [ 111.182449, -6.661777 ], [ 111.183367, -6.662341 ], [ 111.184357, -6.663491 ], [ 111.185305, -6.664414 ], [ 111.18564, -6.664781 ], [ 111.185722, -6.665144 ], [ 111.185606, -6.66565 ], [ 111.185372, -6.666352 ], [ 111.184704, -6.667957 ], [ 111.18437, -6.668625 ], [ 111.184837, -6.668926 ], [ 111.185406, -6.66916 ], [ 111.186442, -6.669594 ], [ 111.187311, -6.668759 ], [ 111.187958, -6.668137 ], [ 111.189522, -6.666563 ], [ 111.190419, -6.66565 ], [ 111.191429, -6.665337 ], [ 111.192358, -6.665283 ], [ 111.192826, -6.66535 ], [ 111.193405, -6.665765 ], [ 111.195259, -6.667201 ], [ 111.197098, -6.66842 ], [ 111.200241, -6.670115 ], [ 111.201709, -6.670798 ], [ 111.202606, -6.671344 ], [ 111.204572, -6.672653 ], [ 111.205041, -6.672951 ], [ 111.205688, -6.673478 ], [ 111.207077, -6.675242 ], [ 111.208878, -6.676883 ], [ 111.211899, -6.679721 ], [ 111.213646, -6.681301 ], [ 111.215584, -6.68272 ], [ 111.217689, -6.683785 ], [ 111.219673, -6.684758 ], [ 111.22226, -6.685986 ], [ 111.225204, -6.686833 ], [ 111.227348, -6.687036 ], [ 111.229637, -6.687038 ], [ 111.230178, -6.687103 ], [ 111.230402, -6.687169 ], [ 111.230717, -6.687269 ], [ 111.23099, -6.687327 ], [ 111.231413, -6.687169 ], [ 111.231972, -6.686871 ], [ 111.232216, -6.686797 ], [ 111.232548, -6.68678 ], [ 111.23297, -6.686788 ], [ 111.23418, -6.687012 ], [ 111.234781, -6.687197 ], [ 111.235077, -6.692297 ], [ 111.237671, -6.696207 ], [ 111.239517, -6.69891 ], [ 111.241241, -6.701785 ], [ 111.242569, -6.704718 ], [ 111.243614, -6.708457 ], [ 111.243904, -6.711448 ], [ 111.243332, -6.71536 ], [ 111.24266, -6.717295 ], [ 111.241295, -6.721252 ], [ 111.240387, -6.726891 ], [ 111.23922, -6.736016 ], [ 111.239128, -6.740613 ], [ 111.238434, -6.746315 ], [ 111.237404, -6.75017 ], [ 111.238502, -6.753563 ], [ 111.23732, -6.7577 ], [ 111.241142, -6.758854 ], [ 111.243965, -6.760213 ], [ 111.244659, -6.762145 ], [ 111.245895, -6.763746 ], [ 111.246223, -6.765756 ], [ 111.246231, -6.76795 ], [ 111.246636, -6.77017 ], [ 111.245514, -6.771865 ], [ 111.24572, -6.774093 ], [ 111.244148, -6.775475 ], [ 111.243523, -6.777486 ], [ 111.245606, -6.777977 ], [ 111.247375, -6.77919 ], [ 111.248581, -6.780843 ], [ 111.249069, -6.783034 ], [ 111.247871, -6.785113 ], [ 111.246818, -6.786908 ], [ 111.246963, -6.791144 ], [ 111.245255, -6.792423 ], [ 111.244476, -6.794336 ], [ 111.244659, -6.796374 ], [ 111.246414, -6.797702 ], [ 111.246643, -6.799727 ], [ 111.248756, -6.800926 ], [ 111.250488, -6.803971 ], [ 111.250175, -6.806169 ], [ 111.253311, -6.8078 ], [ 111.256042, -6.809877 ], [ 111.256859, -6.811876 ], [ 111.259247, -6.812436 ], [ 111.260231, -6.81439 ], [ 111.260796, -6.816932 ], [ 111.262649, -6.81815 ], [ 111.263397, -6.820029 ], [ 111.264321, -6.821968 ], [ 111.265556, -6.825057 ], [ 111.268982, -6.825867 ], [ 111.268669, -6.827936 ], [ 111.270706, -6.828482 ], [ 111.268768, -6.831834 ], [ 111.267075, -6.833466 ], [ 111.263275, -6.833796 ], [ 111.261833, -6.83519 ], [ 111.259743, -6.834591 ], [ 111.257767, -6.835391 ], [ 111.255859, -6.836883 ], [ 111.256897, -6.8393 ], [ 111.259788, -6.840862 ], [ 111.260017, -6.843061 ], [ 111.26191, -6.843873 ], [ 111.262558, -6.845814 ], [ 111.263832, -6.848388 ], [ 111.26294, -6.85027 ], [ 111.26297, -6.852371 ], [ 111.259323, -6.8535 ], [ 111.257286, -6.854935 ], [ 111.255669, -6.856324 ], [ 111.25399, -6.858161 ], [ 111.25135, -6.858997 ], [ 111.25, -6.860585 ], [ 111.248192, -6.861946 ], [ 111.244835, -6.862691 ], [ 111.242874, -6.861069 ], [ 111.242439, -6.859115 ], [ 111.24028, -6.856181 ] ] ] } },
{ "type": "Feature", "properties": { "STATISTIK": "3326", "KABUPATEN": "PEKALONGAN", "PROPINSI": "JAWA TENGAH", "LUAS_KM2": "27.8574", "DATA": "BAKOSURTANAL, BPS" }, "geometry": { "type": "Polygon", "coordinates": [ [ [ 109.790657, -7.092091 ], [ 109.794899, -7.093317 ], [ 109.797378, -7.094464 ], [ 109.803765, -7.093647 ], [ 109.80677, -7.099631 ], [ 109.807182, -7.101761 ], [ 109.809097, -7.106826 ], [ 109.810944, -7.108839 ], [ 109.815102, -7.11269 ], [ 109.817444, -7.116349 ], [ 109.818626, -7.118212 ], [ 109.819671, -7.120917 ], [ 109.82135, -7.124082 ], [ 109.824402, -7.126806 ], [ 109.824814, -7.128807 ], [ 109.825813, -7.133692 ], [ 109.826233, -7.141179 ], [ 109.826362, -7.145037 ], [ 109.825508, -7.14884 ], [ 109.826439, -7.152755 ], [ 109.827736, -7.161622 ], [ 109.829475, -7.16565 ], [ 109.830177, -7.169565 ], [ 109.828407, -7.176019 ], [ 109.826462, -7.178614 ], [ 109.816712, -7.177175 ], [ 109.813278, -7.174691 ], [ 109.809013, -7.175075 ], [ 109.805557, -7.173526 ], [ 109.802322, -7.171113 ], [ 109.798355, -7.170602 ], [ 109.796226, -7.171009 ], [ 109.793983, -7.171992 ], [ 109.791741, -7.17309 ], [ 109.789101, -7.17465 ], [ 109.786049, -7.176326 ], [ 109.780304, -7.178467 ], [ 109.776909, -7.178761 ], [ 109.773453, -7.178652 ], [ 109.769081, -7.178372 ], [ 109.765633, -7.179184 ], [ 109.763504, -7.180398 ], [ 109.761894, -7.182538 ], [ 109.760002, -7.184436 ], [ 109.756272, -7.186631 ], [ 109.750816, -7.187892 ], [ 109.747299, -7.188836 ], [ 109.743294, -7.191195 ], [ 109.73661, -7.195133 ], [ 109.734558, -7.196046 ], [ 109.731514, -7.197403 ], [ 109.72834, -7.1986 ], [ 109.722916, -7.19974 ], [ 109.71936, -7.199829 ], [ 109.711815, -7.197711 ], [ 109.705482, -7.195592 ], [ 109.701508, -7.194332 ], [ 109.695228, -7.192501 ], [ 109.69194, -7.191355 ], [ 109.688133, -7.186293 ], [ 109.686905, -7.180421 ], [ 109.685745, -7.177889 ], [ 109.68309, -7.174841 ], [ 109.680206, -7.172773 ], [ 109.67733, -7.172548 ], [ 109.674049, -7.173936 ], [ 109.6698, -7.176305 ], [ 109.666985, -7.177038 ], [ 109.663315, -7.176381 ], [ 109.659149, -7.175633 ], [ 109.653389, -7.174549 ], [ 109.650734, -7.174292 ], [ 109.648727, -7.174097 ], [ 109.64228, -7.174454 ], [ 109.634888, -7.178459 ], [ 109.633209, -7.18 ], [ 109.630279, -7.183 ], [ 109.628235, -7.190721 ], [ 109.627258, -7.193199 ], [ 109.62577, -7.195679 ], [ 109.624222, -7.198043 ], [ 109.619751, -7.202259 ], [ 109.617683, -7.204102 ], [ 109.615623, -7.205993 ], [ 109.611481, -7.209527 ], [ 109.606933, -7.209132 ], [ 109.603767, -7.208043 ], [ 109.600998, -7.207242 ], [ 109.596626, -7.207077 ], [ 109.593117, -7.207659 ], [ 109.590416, -7.20801 ], [ 109.587768, -7.209915 ], [ 109.586121, -7.212213 ], [ 109.582169, -7.216302 ], [ 109.579971, -7.218511 ], [ 109.57019, -7.220947 ], [ 109.566948, -7.223015 ], [ 109.563881, -7.22643 ], [ 109.560204, -7.229489 ], [ 109.556122, -7.23013 ], [ 109.553131, -7.230884 ], [ 109.550263, -7.233078 ], [ 109.545845, -7.239364 ], [ 109.541466, -7.241446 ], [ 109.539032, -7.240686 ], [ 109.538429, -7.23791 ], [ 109.537018, -7.23468 ], [ 109.534943, -7.231097 ], [ 109.532471, -7.230037 ], [ 109.52961, -7.230473 ], [ 109.528961, -7.228372 ], [ 109.527695, -7.226469 ], [ 109.525574, -7.224449 ], [ 109.523384, -7.222659 ], [ 109.521599, -7.221043 ], [ 109.519875, -7.218333 ], [ 109.518555, -7.215508 ], [ 109.517525, -7.211533 ], [ 109.518158, -7.209001 ], [ 109.520348, -7.205665 ], [ 109.521278, -7.20227 ], [ 109.520935, -7.199217 ], [ 109.519554, -7.195759 ], [ 109.517662, -7.191724 ], [ 109.514732, -7.18642 ], [ 109.513771, -7.184626 ], [ 109.511513, -7.180425 ], [ 109.508354, -7.174199 ], [ 109.505882, -7.168608 ], [ 109.50428, -7.163307 ], [ 109.503494, -7.159041 ], [ 109.50296, -7.156164 ], [ 109.50193, -7.151382 ], [ 109.498711, -7.146826 ], [ 109.49765, -7.143363 ], [ 109.496437, -7.140778 ], [ 109.495216, -7.13779 ], [ 109.494003, -7.134629 ], [ 109.492325, -7.13147 ], [ 109.491341, -7.129171 ], [ 109.491104, -7.125377 ], [ 109.491402, -7.121781 ], [ 109.491905, -7.118877 ], [ 109.493858, -7.115021 ], [ 109.495003, -7.111856 ], [ 109.495522, -7.10898 ], [ 109.497482, -7.106238 ], [ 109.506233, -7.104703 ], [ 109.508484, -7.104412 ], [ 109.508583, -7.101621 ], [ 109.507698, -7.099146 ], [ 109.505844, -7.097016 ], [ 109.502907, -7.094917 ], [ 109.497177, -7.091094 ], [ 109.496536, -7.089139 ], [ 109.496017, -7.086323 ], [ 109.495606, -7.083103 ], [ 109.494957, -7.074192 ], [ 109.493996, -7.069587 ], [ 109.492874, -7.06718 ], [ 109.491196, -7.065171 ], [ 109.489181, -7.064024 ], [ 109.487969, -7.062244 ], [ 109.487556, -7.059657 ], [ 109.487785, -7.056839 ], [ 109.48835, -7.052065 ], [ 109.488235, -7.049133 ], [ 109.486961, -7.046893 ], [ 109.485115, -7.044653 ], [ 109.483955, -7.041148 ], [ 109.484161, -7.036535 ], [ 109.484634, -7.033361 ], [ 109.484627, -7.030968 ], [ 109.48497, -7.027517 ], [ 109.486763, -7.022661 ], [ 109.488068, -7.020898 ], [ 109.490196, -7.018517 ], [ 109.492531, -7.014826 ], [ 109.495331, -7.002017 ], [ 109.495422, -6.999566 ], [ 109.494835, -6.996864 ], [ 109.493828, -6.994673 ], [ 109.49234, -6.99238 ], [ 109.491241, -6.990603 ], [ 109.491745, -6.987669 ], [ 109.493141, -6.985563 ], [ 109.495354, -6.982599 ], [ 109.495812, -6.980068 ], [ 109.495796, -6.976329 ], [ 109.496246, -6.974315 ], [ 109.496582, -6.970875 ], [ 109.496559, -6.965343 ], [ 109.49881, -6.964156 ], [ 109.501297, -6.962853 ], [ 109.503365, -6.961023 ], [ 109.505005, -6.959679 ], [ 109.506706, -6.957985 ], [ 109.507614, -6.956171 ], [ 109.508774, -6.954361 ], [ 109.509857, -6.951216 ], [ 109.51297, -6.947487 ], [ 109.515343, -6.947517 ], [ 109.517693, -6.94827 ], [ 109.519959, -6.948196 ], [ 109.520813, -6.946367 ], [ 109.520805, -6.944106 ], [ 109.522965, -6.942963 ], [ 109.524918, -6.941791 ], [ 109.526917, -6.940878 ], [ 109.530617, -6.940373 ], [ 109.53096, -6.938194 ], [ 109.532387, -6.936238 ], [ 109.534721, -6.935906 ], [ 109.535858, -6.933983 ], [ 109.537308, -6.932172 ], [ 109.539574, -6.929383 ], [ 109.544007, -6.927217 ], [ 109.546311, -6.925528 ], [ 109.548302, -6.924934 ], [ 109.550766, -6.924197 ], [ 109.553223, -6.924453 ], [ 109.555626, -6.925272 ], [ 109.558647, -6.925067 ], [ 109.559998, -6.923165 ], [ 109.559425, -6.919515 ], [ 109.563416, -6.918291 ], [ 109.563026, -6.916196 ], [ 109.562721, -6.914156 ], [ 109.561371, -6.912207 ], [ 109.562538, -6.910455 ], [ 109.56337, -6.908611 ], [ 109.564873, -6.907224 ], [ 109.56424, -6.905215 ], [ 109.564453, -6.903168 ], [ 109.563476, -6.901079 ], [ 109.563927, -6.898691 ], [ 109.565834, -6.897726 ], [ 109.566032, -6.895331 ], [ 109.567688, -6.893656 ], [ 109.567467, -6.891509 ], [ 109.566933, -6.888611 ], [ 109.567146, -6.885821 ], [ 109.568008, -6.883996 ], [ 109.569832, -6.883031 ], [ 109.573372, -6.881636 ], [ 109.575089, -6.88024 ], [ 109.577125, -6.878631 ], [ 109.578201, -6.876698 ], [ 109.580322, -6.875 ], [ 109.581299, -6.873057 ], [ 109.583961, -6.872226 ], [ 109.584015, -6.869289 ], [ 109.584251, -6.865417 ], [ 109.586151, -6.863689 ], [ 109.588325, -6.86367 ], [ 109.587715, -6.859457 ], [ 109.58522, -6.859211 ], [ 109.583618, -6.857801 ], [ 109.584435, -6.855707 ], [ 109.583916, -6.853756 ], [ 109.58625, -6.850727 ], [ 109.586464, -6.84858 ], [ 109.589363, -6.846863 ], [ 109.591942, -6.845683 ], [ 109.591187, -6.843644 ], [ 109.59025, -6.839983 ], [ 109.592873, -6.840095 ], [ 109.596184, -6.840358 ], [ 109.600067, -6.840642 ], [ 109.6026, -6.840875 ], [ 109.605446, -6.841077 ], [ 109.60836, -6.841141 ], [ 109.610611, -6.841341 ], [ 109.612624, -6.841328 ], [ 109.614059, -6.841068 ], [ 109.617103, -6.840826 ], [ 109.618218, -6.840916 ], [ 109.619148, -6.84131 ], [ 109.620516, -6.841891 ], [ 109.6216, -6.842152 ], [ 109.622536, -6.841977 ], [ 109.622988, -6.841588 ], [ 109.623595, -6.841566 ], [ 109.625534, -6.842465 ], [ 109.62915, -6.844141 ], [ 109.631683, -6.845279 ], [ 109.633789, -6.846016 ], [ 109.635519, -6.846488 ], [ 109.636177, -6.846578 ], [ 109.638748, -6.847166 ], [ 109.642471, -6.847739 ], [ 109.644852, -6.848048 ], [ 109.647087, -6.848223 ], [ 109.649338, -6.848184 ], [ 109.652771, -6.848034 ], [ 109.653688, -6.848244 ], [ 109.654671, -6.848875 ], [ 109.655682, -6.849415 ], [ 109.65772, -6.850108 ], [ 109.65855, -6.849559 ], [ 109.659047, -6.849646 ], [ 109.6588, -6.848921 ], [ 109.658739, -6.848764 ], [ 109.658436, -6.848677 ], [ 109.658523, -6.848244 ], [ 109.659108, -6.848135 ], [ 109.660545, -6.848572 ], [ 109.662582, -6.849583 ], [ 109.665626, -6.851541 ], [ 109.664772, -6.853561 ], [ 109.663696, -6.856303 ], [ 109.663338, -6.858368 ], [ 109.661446, -6.859432 ], [ 109.659851, -6.861421 ], [ 109.659645, -6.864254 ], [ 109.659729, -6.866315 ], [ 109.658875, -6.868319 ], [ 109.658531, -6.870407 ], [ 109.659843, -6.872396 ], [ 109.654839, -6.873414 ], [ 109.651825, -6.874247 ], [ 109.649712, -6.875785 ], [ 109.649322, -6.879888 ], [ 109.648941, -6.882837 ], [ 109.64843, -6.885465 ], [ 109.649071, -6.888735 ], [ 109.650032, -6.890914 ], [ 109.650032, -6.892966 ], [ 109.64856, -6.894761 ], [ 109.645607, -6.895594 ], [ 109.643623, -6.895978 ], [ 109.641441, -6.897389 ], [ 109.639969, -6.900274 ], [ 109.64064, -6.902325 ], [ 109.64019, -6.904569 ], [ 109.638458, -6.906043 ], [ 109.636726, -6.90771 ], [ 109.636856, -6.909825 ], [ 109.638588, -6.911685 ], [ 109.639359, -6.915595 ], [ 109.638748, -6.917518 ], [ 109.637527, -6.919441 ], [ 109.637787, -6.922133 ], [ 109.637978, -6.924377 ], [ 109.642403, -6.924267 ], [ 109.643471, -6.921727 ], [ 109.643555, -6.918814 ], [ 109.64608, -6.920801 ], [ 109.647262, -6.922835 ], [ 109.648911, -6.924341 ], [ 109.651161, -6.924567 ], [ 109.653953, -6.924593 ], [ 109.656479, -6.924582 ], [ 109.656967, -6.922574 ], [ 109.657181, -6.920465 ], [ 109.65873, -6.918915 ], [ 109.660911, -6.919049 ], [ 109.660027, -6.921126 ], [ 109.660805, -6.923054 ], [ 109.662895, -6.924271 ], [ 109.66526, -6.92409 ], [ 109.66639, -6.926261 ], [ 109.668152, -6.924972 ], [ 109.669128, -6.926845 ], [ 109.669167, -6.928845 ], [ 109.669563, -6.930841 ], [ 109.67041, -6.93417 ], [ 109.672623, -6.933104 ], [ 109.673706, -6.937062 ], [ 109.676132, -6.937201 ], [ 109.6754, -6.93924 ], [ 109.676308, -6.94118 ], [ 109.678368, -6.940578 ], [ 109.683983, -6.940561 ], [ 109.687233, -6.940136 ], [ 109.689285, -6.939924 ], [ 109.694305, -6.939924 ], [ 109.69735, -6.939924 ], [ 109.700882, -6.939712 ], [ 109.704491, -6.939642 ], [ 109.706894, -6.939854 ], [ 109.708801, -6.940702 ], [ 109.709648, -6.942894 ], [ 109.710716, -6.947067 ], [ 109.711281, -6.949047 ], [ 109.712341, -6.951592 ], [ 109.715309, -6.952087 ], [ 109.717926, -6.951451 ], [ 109.720047, -6.951451 ], [ 109.722732, -6.95237 ], [ 109.726273, -6.952158 ], [ 109.728188, -6.955167 ], [ 109.730148, -6.957353 ], [ 109.732361, -6.958978 ], [ 109.732834, -6.96159 ], [ 109.731293, -6.963172 ], [ 109.729553, -6.964737 ], [ 109.728554, -6.967411 ], [ 109.729469, -6.970305 ], [ 109.731613, -6.972342 ], [ 109.733734, -6.97367 ], [ 109.732536, -6.975451 ], [ 109.729813, -6.977542 ], [ 109.726623, -6.977253 ], [ 109.723434, -6.98005 ], [ 109.72477, -6.986184 ], [ 109.726196, -6.990047 ], [ 109.727776, -6.994306 ], [ 109.728531, -6.996323 ], [ 109.72818, -7.00013 ], [ 109.727509, -7.003866 ], [ 109.727654, -7.007739 ], [ 109.729744, -7.012458 ], [ 109.729843, -7.016911 ], [ 109.730171, -7.020924 ], [ 109.731155, -7.02432 ], [ 109.734733, -7.025983 ], [ 109.737266, -7.027016 ], [ 109.744507, -7.030985 ], [ 109.746956, -7.033506 ], [ 109.754616, -7.035105 ], [ 109.757378, -7.034639 ], [ 109.759735, -7.033713 ], [ 109.762314, -7.03152 ], [ 109.764496, -7.028982 ], [ 109.766564, -7.027366 ], [ 109.769272, -7.029262 ], [ 109.772339, -7.036109 ], [ 109.773216, -7.038585 ], [ 109.773681, -7.041233 ], [ 109.774551, -7.043823 ], [ 109.776978, -7.046296 ], [ 109.779808, -7.049976 ], [ 109.780472, -7.052114 ], [ 109.7826, -7.054801 ], [ 109.788536, -7.061072 ], [ 109.791672, -7.064432 ], [ 109.793236, -7.066783 ], [ 109.793457, -7.068911 ], [ 109.792679, -7.072382 ], [ 109.791779, -7.07619 ], [ 109.790214, -7.080781 ], [ 109.788872, -7.08414 ], [ 109.788307, -7.087163 ], [ 109.789208, -7.089627 ], [ 109.790657, -7.092091 ] ] ] } },
{ "type": "Feature", "properties": { "STATISTIK": "3327", "KABUPATEN": "PEMALANG", "PROPINSI": "JAWA TENGAH", "LUAS_KM2": "79.2595", "DATA": "BAKOSURTANAL, BPS" }, "geometry": { "type": "Polygon", "coordinates": [ [ [ 109.539574, -6.929383 ], [ 109.537308, -6.932172 ], [ 109.535858, -6.933983 ], [ 109.534721, -6.935906 ], [ 109.532387, -6.936238 ], [ 109.53096, -6.938194 ], [ 109.530617, -6.940373 ], [ 109.526917, -6.940878 ], [ 109.524918, -6.941791 ], [ 109.522965, -6.942963 ], [ 109.520805, -6.944106 ], [ 109.520813, -6.946367 ], [ 109.519959, -6.948196 ], [ 109.517693, -6.94827 ], [ 109.515343, -6.947517 ], [ 109.51297, -6.947487 ], [ 109.509857, -6.951216 ], [ 109.508774, -6.954361 ], [ 109.507614, -6.956171 ], [ 109.506706, -6.957985 ], [ 109.505005, -6.959679 ], [ 109.503365, -6.961023 ], [ 109.501297, -6.962853 ], [ 109.49881, -6.964156 ], [ 109.496559, -6.965343 ], [ 109.496582, -6.970875 ], [ 109.496246, -6.974315 ], [ 109.495796, -6.976329 ], [ 109.495812, -6.980068 ], [ 109.495354, -6.982599 ], [ 109.493141, -6.985563 ], [ 109.491745, -6.987669 ], [ 109.491241, -6.990603 ], [ 109.49234, -6.99238 ], [ 109.493828, -6.994673 ], [ 109.494835, -6.996864 ], [ 109.495422, -6.999566 ], [ 109.495331, -7.002017 ], [ 109.492531, -7.014826 ], [ 109.490196, -7.018517 ], [ 109.488068, -7.020898 ], [ 109.486763, -7.022661 ], [ 109.48497, -7.027517 ], [ 109.484627, -7.030968 ], [ 109.484634, -7.033361 ], [ 109.484161, -7.036535 ], [ 109.483955, -7.041148 ], [ 109.485115, -7.044653 ], [ 109.486961, -7.046893 ], [ 109.488235, -7.049133 ], [ 109.48835, -7.052065 ], [ 109.487785, -7.056839 ], [ 109.487556, -7.059657 ], [ 109.487969, -7.062244 ], [ 109.489181, -7.064024 ], [ 109.491196, -7.065171 ], [ 109.492874, -7.06718 ], [ 109.493996, -7.069587 ], [ 109.494957, -7.074192 ], [ 109.495606, -7.083103 ], [ 109.496017, -7.086323 ], [ 109.496536, -7.089139 ], [ 109.497177, -7.091094 ], [ 109.502907, -7.094917 ], [ 109.505844, -7.097016 ], [ 109.507698, -7.099146 ], [ 109.508583, -7.101621 ], [ 109.508484, -7.104412 ], [ 109.506233, -7.104703 ], [ 109.497482, -7.106238 ], [ 109.495522, -7.10898 ], [ 109.495003, -7.111856 ], [ 109.493858, -7.115021 ], [ 109.491905, -7.118877 ], [ 109.491402, -7.121781 ], [ 109.491104, -7.125377 ], [ 109.491341, -7.129171 ], [ 109.492325, -7.13147 ], [ 109.494003, -7.134629 ], [ 109.495216, -7.13779 ], [ 109.496437, -7.140778 ], [ 109.49765, -7.143363 ], [ 109.498711, -7.146826 ], [ 109.50193, -7.151382 ], [ 109.50296, -7.156164 ], [ 109.503494, -7.159041 ], [ 109.50428, -7.163307 ], [ 109.505882, -7.168608 ], [ 109.508354, -7.174199 ], [ 109.511513, -7.180425 ], [ 109.513771, -7.184626 ], [ 109.514732, -7.18642 ], [ 109.517662, -7.191724 ], [ 109.519554, -7.195759 ], [ 109.520935, -7.199217 ], [ 109.521278, -7.20227 ], [ 109.520348, -7.205665 ], [ 109.518158, -7.209001 ], [ 109.517525, -7.211533 ], [ 109.518555, -7.215508 ], [ 109.519875, -7.218333 ], [ 109.521599, -7.221043 ], [ 109.523384, -7.222659 ], [ 109.525574, -7.224449 ], [ 109.527695, -7.226469 ], [ 109.528961, -7.228372 ], [ 109.52961, -7.230473 ], [ 109.521248, -7.231913 ], [ 109.506447, -7.231213 ], [ 109.50444, -7.230944 ], [ 109.500511, -7.230419 ], [ 109.497223, -7.229965 ], [ 109.494919, -7.229107 ], [ 109.491226, -7.227044 ], [ 109.488342, -7.226532 ], [ 109.485168, -7.225445 ], [ 109.482803, -7.223955 ], [ 109.479454, -7.220798 ], [ 109.477608, -7.217697 ], [ 109.476166, -7.214997 ], [ 109.474777, -7.211434 ], [ 109.472633, -7.207816 ], [ 109.470383, -7.205749 ], [ 109.467728, -7.203742 ], [ 109.464264, -7.200299 ], [ 109.460518, -7.196108 ], [ 109.460785, -7.19318 ], [ 109.462517, -7.188398 ], [ 109.46315, -7.185292 ], [ 109.462334, -7.182706 ], [ 109.459625, -7.178916 ], [ 109.458061, -7.175124 ], [ 109.455574, -7.172023 ], [ 109.4524, -7.169442 ], [ 109.448715, -7.168184 ], [ 109.445137, -7.16888 ], [ 109.44249, -7.170668 ], [ 109.441116, -7.174811 ], [ 109.440773, -7.178205 ], [ 109.438248, -7.180164 ], [ 109.436172, -7.182066 ], [ 109.434502, -7.18437 ], [ 109.433014, -7.186845 ], [ 109.429962, -7.188806 ], [ 109.427536, -7.189213 ], [ 109.425469, -7.190252 ], [ 109.423797, -7.191923 ], [ 109.422188, -7.193709 ], [ 109.416084, -7.198148 ], [ 109.41188, -7.200572 ], [ 109.40876, -7.20149 ], [ 109.406181, -7.20225 ], [ 109.403275, -7.201655 ], [ 109.400711, -7.200662 ], [ 109.397186, -7.199795 ], [ 109.394417, -7.199283 ], [ 109.39251, -7.196008 ], [ 109.390091, -7.193598 ], [ 109.387665, -7.192625 ], [ 109.385445, -7.192307 ], [ 109.382072, -7.192348 ], [ 109.379486, -7.19333 ], [ 109.377121, -7.19483 ], [ 109.374474, -7.196388 ], [ 109.372521, -7.197139 ], [ 109.370293, -7.197628 ], [ 109.368256, -7.198183 ], [ 109.36232, -7.200264 ], [ 109.35852, -7.201709 ], [ 109.35466, -7.203614 ], [ 109.351318, -7.204885 ], [ 109.349098, -7.205705 ], [ 109.345047, -7.207198 ], [ 109.342796, -7.207892 ], [ 109.340668, -7.208816 ], [ 109.338188, -7.210431 ], [ 109.33577, -7.211356 ], [ 109.330239, -7.212172 ], [ 109.325173, -7.212871 ], [ 109.320099, -7.214318 ], [ 109.316414, -7.215533 ], [ 109.312653, -7.21619 ], [ 109.307747, -7.214317 ], [ 109.305458, -7.214556 ], [ 109.302093, -7.215395 ], [ 109.299682, -7.215219 ], [ 109.297325, -7.215454 ], [ 109.295227, -7.215986 ], [ 109.290154, -7.215171 ], [ 109.289398, -7.217804 ], [ 109.287224, -7.218665 ], [ 109.285324, -7.220384 ], [ 109.283211, -7.220281 ], [ 109.280876, -7.220213 ], [ 109.278717, -7.219854 ], [ 109.276581, -7.221205 ], [ 109.274513, -7.222344 ], [ 109.272278, -7.222414 ], [ 109.269661, -7.222398 ], [ 109.266846, -7.223119 ], [ 109.264458, -7.222988 ], [ 109.262543, -7.223703 ], [ 109.260208, -7.224804 ], [ 109.257797, -7.224984 ], [ 109.255638, -7.225919 ], [ 109.253853, -7.22701 ], [ 109.25, -7.227189 ], [ 109.246475, -7.229698 ], [ 109.243194, -7.230912 ], [ 109.240318, -7.232298 ], [ 109.237267, -7.233741 ], [ 109.234718, -7.234766 ], [ 109.232307, -7.235706 ], [ 109.228912, -7.236863 ], [ 109.226555, -7.237672 ], [ 109.224533, -7.238654 ], [ 109.222519, -7.23952 ], [ 109.220245, -7.240483 ], [ 109.21624, -7.242177 ], [ 109.215553, -7.239936 ], [ 109.214737, -7.237292 ], [ 109.215309, -7.233668 ], [ 109.213974, -7.231083 ], [ 109.211723, -7.229477 ], [ 109.208496, -7.227643 ], [ 109.206589, -7.225807 ], [ 109.205086, -7.223165 ], [ 109.204048, -7.219659 ], [ 109.203461, -7.214945 ], [ 109.202766, -7.210978 ], [ 109.201607, -7.206495 ], [ 109.201889, -7.203332 ], [ 109.201706, -7.199882 ], [ 109.201645, -7.197122 ], [ 109.201294, -7.193097 ], [ 109.200073, -7.188327 ], [ 109.199493, -7.183268 ], [ 109.200005, -7.178033 ], [ 109.200455, -7.1728 ], [ 109.199875, -7.169063 ], [ 109.198425, -7.166708 ], [ 109.194794, -7.163495 ], [ 109.193291, -7.16114 ], [ 109.191841, -7.157865 ], [ 109.191437, -7.154358 ], [ 109.192581, -7.151883 ], [ 109.194252, -7.150672 ], [ 109.195923, -7.149232 ], [ 109.197037, -7.145832 ], [ 109.196312, -7.143021 ], [ 109.195275, -7.141297 ], [ 109.19371, -7.138886 ], [ 109.192848, -7.136299 ], [ 109.19313, -7.133941 ], [ 109.196121, -7.13244 ], [ 109.198425, -7.131918 ], [ 109.200386, -7.131512 ], [ 109.20269, -7.131162 ], [ 109.205917, -7.130696 ], [ 109.212486, -7.129074 ], [ 109.216232, -7.128262 ], [ 109.218514, -7.125 ], [ 109.219422, -7.123182 ], [ 109.220543, -7.121156 ], [ 109.221092, -7.119193 ], [ 109.221603, -7.117117 ], [ 109.222321, -7.115167 ], [ 109.222763, -7.11318 ], [ 109.223427, -7.111201 ], [ 109.224106, -7.109278 ], [ 109.224792, -7.1072 ], [ 109.224823, -7.105021 ], [ 109.224106, -7.101686 ], [ 109.226639, -7.101269 ], [ 109.226639, -7.099089 ], [ 109.227425, -7.097242 ], [ 109.228355, -7.095322 ], [ 109.228973, -7.093306 ], [ 109.232391, -7.092407 ], [ 109.235138, -7.08205 ], [ 109.23777, -7.078227 ], [ 109.240639, -7.075359 ], [ 109.244461, -7.073447 ], [ 109.249237, -7.072252 ], [ 109.251625, -7.07058 ], [ 109.254257, -7.066517 ], [ 109.255928, -7.064605 ], [ 109.259751, -7.062454 ], [ 109.262146, -7.060782 ], [ 109.267403, -7.059826 ], [ 109.272179, -7.056958 ], [ 109.276001, -7.055285 ], [ 109.277298, -7.050089 ], [ 109.276321, -7.044627 ], [ 109.276955, -7.042593 ], [ 109.276939, -7.039774 ], [ 109.27578, -7.037921 ], [ 109.276985, -7.036109 ], [ 109.278343, -7.033702 ], [ 109.280922, -7.032439 ], [ 109.283249, -7.031207 ], [ 109.283615, -7.029031 ], [ 109.283569, -7.026412 ], [ 109.282532, -7.024313 ], [ 109.284515, -7.023741 ], [ 109.286095, -7.022259 ], [ 109.287788, -7.02119 ], [ 109.287155, -7.019175 ], [ 109.286835, -7.017024 ], [ 109.287949, -7.014933 ], [ 109.288757, -7.012896 ], [ 109.287827, -7.010687 ], [ 109.286118, -7.009468 ], [ 109.286842, -7.007513 ], [ 109.289833, -7.004612 ], [ 109.292015, -7.002347 ], [ 109.291664, -6.999998 ], [ 109.291222, -6.997978 ], [ 109.291985, -6.995809 ], [ 109.293259, -6.994137 ], [ 109.29554, -6.992822 ], [ 109.297394, -6.991925 ], [ 109.299705, -6.990952 ], [ 109.301483, -6.988003 ], [ 109.304688, -6.988907 ], [ 109.3069, -6.988673 ], [ 109.30909, -6.988447 ], [ 109.311142, -6.988532 ], [ 109.312424, -6.986945 ], [ 109.314072, -6.985765 ], [ 109.315361, -6.984035 ], [ 109.315552, -6.981309 ], [ 109.316086, -6.979336 ], [ 109.317711, -6.977796 ], [ 109.319389, -6.976385 ], [ 109.318069, -6.974809 ], [ 109.316834, -6.972889 ], [ 109.316048, -6.970052 ], [ 109.317375, -6.96782 ], [ 109.318779, -6.969581 ], [ 109.321075, -6.970275 ], [ 109.322136, -6.968483 ], [ 109.320107, -6.967632 ], [ 109.321228, -6.965595 ], [ 109.322983, -6.966667 ], [ 109.325569, -6.966246 ], [ 109.324722, -6.964313 ], [ 109.323448, -6.962664 ], [ 109.324989, -6.961218 ], [ 109.327278, -6.961766 ], [ 109.329849, -6.961225 ], [ 109.331932, -6.960373 ], [ 109.331657, -6.958318 ], [ 109.333618, -6.957825 ], [ 109.335701, -6.9568 ], [ 109.334389, -6.955136 ], [ 109.329903, -6.955801 ], [ 109.329178, -6.953562 ], [ 109.330467, -6.951694 ], [ 109.331627, -6.949766 ], [ 109.331352, -6.947756 ], [ 109.33332, -6.945541 ], [ 109.333008, -6.941447 ], [ 109.331886, -6.939353 ], [ 109.33332, -6.937716 ], [ 109.331375, -6.934647 ], [ 109.328003, -6.933156 ], [ 109.328903, -6.931243 ], [ 109.328934, -6.929049 ], [ 109.328567, -6.927056 ], [ 109.326454, -6.92659 ], [ 109.325554, -6.924679 ], [ 109.327774, -6.924061 ], [ 109.328751, -6.92131 ], [ 109.330338, -6.919992 ], [ 109.3321, -6.91859 ], [ 109.332886, -6.916167 ], [ 109.332924, -6.914166 ], [ 109.334892, -6.913385 ], [ 109.337814, -6.911057 ], [ 109.336357, -6.909491 ], [ 109.337303, -6.907376 ], [ 109.336281, -6.905365 ], [ 109.337532, -6.903698 ], [ 109.339165, -6.905112 ], [ 109.340897, -6.903893 ], [ 109.339485, -6.902339 ], [ 109.341232, -6.900927 ], [ 109.343071, -6.899618 ], [ 109.345139, -6.899484 ], [ 109.346741, -6.898221 ], [ 109.348694, -6.897602 ], [ 109.349609, -6.895585 ], [ 109.34993, -6.893425 ], [ 109.350639, -6.891454 ], [ 109.35215, -6.889721 ], [ 109.354126, -6.890276 ], [ 109.355591, -6.887999 ], [ 109.354607, -6.886173 ], [ 109.356499, -6.884851 ], [ 109.358078, -6.883351 ], [ 109.359589, -6.881631 ], [ 109.359047, -6.878837 ], [ 109.360291, -6.877015 ], [ 109.360031, -6.874964 ], [ 109.359314, -6.873073 ], [ 109.358818, -6.870481 ], [ 109.358269, -6.868134 ], [ 109.358009, -6.866137 ], [ 109.356467, -6.863359 ], [ 109.358841, -6.86313 ], [ 109.363335, -6.86352 ], [ 109.365596, -6.863625 ], [ 109.367117, -6.863015 ], [ 109.367699, -6.861842 ], [ 109.369588, -6.862214 ], [ 109.370643, -6.862208 ], [ 109.375, -6.861841 ], [ 109.380173, -6.861279 ], [ 109.383446, -6.860405 ], [ 109.38752, -6.859652 ], [ 109.390373, -6.858936 ], [ 109.39221, -6.857956 ], [ 109.393478, -6.857743 ], [ 109.395477, -6.856931 ], [ 109.397438, -6.856308 ], [ 109.399658, -6.85564 ], [ 109.402039, -6.854808 ], [ 109.403913, -6.853925 ], [ 109.4048, -6.853618 ], [ 109.406861, -6.852922 ], [ 109.407541, -6.852582 ], [ 109.408003, -6.852154 ], [ 109.408226, -6.852076 ], [ 109.408491, -6.852067 ], [ 109.410294, -6.852231 ], [ 109.4115, -6.852172 ], [ 109.411788, -6.852172 ], [ 109.411927, -6.852181 ], [ 109.412576, -6.852146 ], [ 109.413053, -6.851995 ], [ 109.412987, -6.851633 ], [ 109.413097, -6.851453 ], [ 109.413109, -6.851427 ], [ 109.413104, -6.851408 ], [ 109.413112, -6.851421 ], [ 109.413227, -6.851192 ], [ 109.412887, -6.850899 ], [ 109.413032, -6.851041 ], [ 109.412895, -6.850907 ], [ 109.412817, -6.8509 ], [ 109.412433, -6.850907 ], [ 109.412424, -6.850885 ], [ 109.41238, -6.850893 ], [ 109.412164, -6.850932 ], [ 109.412041, -6.850829 ], [ 109.412067, -6.850576 ], [ 109.412239, -6.850451 ], [ 109.414406, -6.850022 ], [ 109.416481, -6.849711 ], [ 109.419464, -6.848765 ], [ 109.422279, -6.847675 ], [ 109.424278, -6.847138 ], [ 109.42749, -6.846062 ], [ 109.429367, -6.845097 ], [ 109.431297, -6.844288 ], [ 109.432848, -6.843604 ], [ 109.434631, -6.843093 ], [ 109.436638, -6.842238 ], [ 109.439415, -6.840732 ], [ 109.439829, -6.840504 ], [ 109.440198, -6.840157 ], [ 109.441475, -6.839597 ], [ 109.443886, -6.83811 ], [ 109.445119, -6.837273 ], [ 109.446457, -6.836684 ], [ 109.448616, -6.835673 ], [ 109.450882, -6.834479 ], [ 109.453789, -6.83293 ], [ 109.455628, -6.831722 ], [ 109.456328, -6.831051 ], [ 109.457321, -6.830509 ], [ 109.458236, -6.829924 ], [ 109.459694, -6.82929 ], [ 109.462265, -6.827767 ], [ 109.463201, -6.82704 ], [ 109.465363, -6.825676 ], [ 109.467262, -6.824465 ], [ 109.469704, -6.822802 ], [ 109.471581, -6.821619 ], [ 109.472914, -6.820904 ], [ 109.474785, -6.819217 ], [ 109.475689, -6.818411 ], [ 109.476525, -6.818081 ], [ 109.478722, -6.816864 ], [ 109.479309, -6.816286 ], [ 109.480858, -6.815237 ], [ 109.48349, -6.813598 ], [ 109.484752, -6.812666 ], [ 109.486618, -6.811493 ], [ 109.488571, -6.809756 ], [ 109.491776, -6.807397 ], [ 109.492401, -6.806742 ], [ 109.4926, -6.806053 ], [ 109.492836, -6.804252 ], [ 109.493229, -6.803256 ], [ 109.494087, -6.802278 ], [ 109.494963, -6.801392 ], [ 109.495743, -6.800776 ], [ 109.496958, -6.799614 ], [ 109.497879, -6.798441 ], [ 109.5, -6.795778 ], [ 109.501077, -6.794671 ], [ 109.502426, -6.793515 ], [ 109.503224, -6.792806 ], [ 109.502899, -6.791466 ], [ 109.502811, -6.790573 ], [ 109.503532, -6.789096 ], [ 109.504329, -6.78769 ], [ 109.505386, -6.78671 ], [ 109.506562, -6.7855 ], [ 109.506897, -6.785316 ], [ 109.507299, -6.785391 ], [ 109.508015, -6.785933 ], [ 109.508553, -6.786603 ], [ 109.509121, -6.787061 ], [ 109.510161, -6.787039 ], [ 109.510529, -6.787159 ], [ 109.510942, -6.787299 ], [ 109.511354, -6.788188 ], [ 109.511742, -6.789507 ], [ 109.512286, -6.790378 ], [ 109.513348, -6.790573 ], [ 109.514281, -6.7904 ], [ 109.514692, -6.789576 ], [ 109.514953, -6.78941 ], [ 109.515863, -6.788687 ], [ 109.516275, -6.788774 ], [ 109.516449, -6.789164 ], [ 109.516557, -6.789749 ], [ 109.516402, -6.790166 ], [ 109.516167, -6.791245 ], [ 109.516167, -6.791375 ], [ 109.516622, -6.791397 ], [ 109.517099, -6.79053 ], [ 109.518768, -6.790666 ], [ 109.519267, -6.790638 ], [ 109.519267, -6.789836 ], [ 109.518877, -6.789337 ], [ 109.518942, -6.78886 ], [ 109.520113, -6.7886 ], [ 109.520317, -6.788257 ], [ 109.520243, -6.786432 ], [ 109.519402, -6.785165 ], [ 109.519224, -6.782421 ], [ 109.518341, -6.781787 ], [ 109.519989, -6.779354 ], [ 109.520655, -6.777565 ], [ 109.521132, -6.777326 ], [ 109.522476, -6.777153 ], [ 109.522018, -6.775672 ], [ 109.522042, -6.774941 ], [ 109.522563, -6.775028 ], [ 109.523365, -6.775462 ], [ 109.525338, -6.777153 ], [ 109.526711, -6.778575 ], [ 109.5282, -6.780708 ], [ 109.528547, -6.781684 ], [ 109.528547, -6.782811 ], [ 109.528395, -6.783072 ], [ 109.528243, -6.78305 ], [ 109.528026, -6.782529 ], [ 109.527788, -6.782399 ], [ 109.527528, -6.781857 ], [ 109.527137, -6.781857 ], [ 109.526053, -6.782248 ], [ 109.525316, -6.782725 ], [ 109.525598, -6.784242 ], [ 109.525643, -6.785519 ], [ 109.525963, -6.787921 ], [ 109.526357, -6.78886 ], [ 109.525923, -6.789901 ], [ 109.525917, -6.790051 ], [ 109.52614, -6.790356 ], [ 109.526834, -6.790833 ], [ 109.528259, -6.790539 ], [ 109.528677, -6.790703 ], [ 109.529305, -6.791028 ], [ 109.529953, -6.791831 ], [ 109.530845, -6.792958 ], [ 109.531647, -6.793522 ], [ 109.532189, -6.79376 ], [ 109.532514, -6.793825 ], [ 109.532601, -6.793522 ], [ 109.532406, -6.793001 ], [ 109.530975, -6.789944 ], [ 109.530216, -6.788188 ], [ 109.529392, -6.786757 ], [ 109.5295, -6.786541 ], [ 109.529695, -6.786497 ], [ 109.530172, -6.787083 ], [ 109.531192, -6.789012 ], [ 109.532318, -6.791305 ], [ 109.532926, -6.792524 ], [ 109.533386, -6.793191 ], [ 109.535202, -6.795633 ], [ 109.536766, -6.798335 ], [ 109.538468, -6.800595 ], [ 109.539879, -6.802551 ], [ 109.542175, -6.805792 ], [ 109.543051, -6.807202 ], [ 109.54393, -6.809409 ], [ 109.544373, -6.810433 ], [ 109.54438, -6.812071 ], [ 109.544785, -6.812904 ], [ 109.545544, -6.813099 ], [ 109.546411, -6.813294 ], [ 109.546982, -6.814246 ], [ 109.547981, -6.816376 ], [ 109.548688, -6.817132 ], [ 109.549729, -6.817891 ], [ 109.550249, -6.818216 ], [ 109.551018, -6.818879 ], [ 109.551767, -6.819517 ], [ 109.552475, -6.820463 ], [ 109.554039, -6.82228 ], [ 109.556747, -6.825178 ], [ 109.558327, -6.826784 ], [ 109.56028, -6.828856 ], [ 109.561783, -6.830357 ], [ 109.563476, -6.831576 ], [ 109.565468, -6.832783 ], [ 109.568291, -6.834428 ], [ 109.570938, -6.835762 ], [ 109.5728, -6.836503 ], [ 109.574768, -6.837103 ], [ 109.57692, -6.837649 ], [ 109.580856, -6.838498 ], [ 109.582916, -6.838805 ], [ 109.586349, -6.839359 ], [ 109.588407, -6.839528 ], [ 109.59025, -6.839918 ], [ 109.591187, -6.843644 ], [ 109.591942, -6.845683 ], [ 109.589363, -6.846863 ], [ 109.586464, -6.84858 ], [ 109.58625, -6.850727 ], [ 109.583916, -6.853756 ], [ 109.584435, -6.855707 ], [ 109.583618, -6.857801 ], [ 109.58522, -6.859211 ], [ 109.587715, -6.859457 ], [ 109.588325, -6.86367 ], [ 109.586151, -6.863689 ], [ 109.584251, -6.865417 ], [ 109.584015, -6.869289 ], [ 109.583961, -6.872226 ], [ 109.581299, -6.873057 ], [ 109.580322, -6.875 ], [ 109.578201, -6.876698 ], [ 109.577125, -6.878631 ], [ 109.575089, -6.88024 ], [ 109.573372, -6.881636 ], [ 109.569832, -6.883031 ], [ 109.568008, -6.883996 ], [ 109.567146, -6.885821 ], [ 109.566933, -6.888611 ], [ 109.567467, -6.891509 ], [ 109.567688, -6.893656 ], [ 109.566032, -6.895331 ], [ 109.565834, -6.897726 ], [ 109.563927, -6.898691 ], [ 109.563476, -6.901079 ], [ 109.564453, -6.903168 ], [ 109.56424, -6.905215 ], [ 109.564873, -6.907224 ], [ 109.56337, -6.908611 ], [ 109.562538, -6.910455 ], [ 109.561371, -6.912207 ], [ 109.562721, -6.914156 ], [ 109.563026, -6.916196 ], [ 109.563416, -6.918291 ], [ 109.559425, -6.919515 ], [ 109.559998, -6.923165 ], [ 109.558647, -6.925067 ], [ 109.555626, -6.925272 ], [ 109.553223, -6.924453 ], [ 109.550766, -6.924197 ], [ 109.548302, -6.924934 ], [ 109.546311, -6.925528 ], [ 109.544007, -6.927217 ], [ 109.539574, -6.929383 ] ] ] } },
{ "type": "Feature", "properties": { "STATISTIK": "3303", "KABUPATEN": "PURBALINGGA", "PROPINSI": "JAWA TENGAH", "LUAS_KM2": "65.9594", "DATA": "BAKOSURTANAL, BPS" }, "geometry": { "type": "Polygon", "coordinates": [ [ [ 109.535698, -7.376537 ], [ 109.537132, -7.379809 ], [ 109.538612, -7.381937 ], [ 109.53952, -7.384004 ], [ 109.540207, -7.387123 ], [ 109.541031, -7.389774 ], [ 109.542099, -7.391495 ], [ 109.544235, -7.393279 ], [ 109.54602, -7.394637 ], [ 109.548134, -7.39654 ], [ 109.547417, -7.398861 ], [ 109.545883, -7.400223 ], [ 109.543838, -7.401246 ], [ 109.540939, -7.402182 ], [ 109.534981, -7.403885 ], [ 109.526291, -7.406781 ], [ 109.520248, -7.408825 ], [ 109.516411, -7.409165 ], [ 109.511475, -7.409506 ], [ 109.50705, -7.40891 ], [ 109.504151, -7.409336 ], [ 109.502945, -7.411383 ], [ 109.504921, -7.414203 ], [ 109.506485, -7.415689 ], [ 109.507858, -7.417442 ], [ 109.508469, -7.419765 ], [ 109.506988, -7.42137 ], [ 109.505913, -7.423131 ], [ 109.505943, -7.426173 ], [ 109.506828, -7.428278 ], [ 109.506844, -7.430416 ], [ 109.506699, -7.432689 ], [ 109.506836, -7.435073 ], [ 109.507904, -7.438012 ], [ 109.508118, -7.440902 ], [ 109.508011, -7.443268 ], [ 109.507904, -7.445628 ], [ 109.507752, -7.448028 ], [ 109.506104, -7.449314 ], [ 109.503922, -7.448761 ], [ 109.499977, -7.449237 ], [ 109.497932, -7.447479 ], [ 109.49588, -7.447312 ], [ 109.494652, -7.449086 ], [ 109.49266, -7.448257 ], [ 109.491119, -7.446314 ], [ 109.49025, -7.443896 ], [ 109.48864, -7.442191 ], [ 109.487404, -7.444084 ], [ 109.485741, -7.445517 ], [ 109.484367, -7.443859 ], [ 109.482224, -7.441569 ], [ 109.4804, -7.445406 ], [ 109.478218, -7.445796 ], [ 109.476234, -7.445268 ], [ 109.475296, -7.44329 ], [ 109.473869, -7.441735 ], [ 109.472038, -7.442945 ], [ 109.472305, -7.444981 ], [ 109.473641, -7.448196 ], [ 109.469734, -7.448862 ], [ 109.466995, -7.447637 ], [ 109.465233, -7.446051 ], [ 109.462944, -7.446795 ], [ 109.461609, -7.448425 ], [ 109.461258, -7.450948 ], [ 109.4599, -7.452463 ], [ 109.457657, -7.452799 ], [ 109.455612, -7.452563 ], [ 109.453774, -7.451293 ], [ 109.453423, -7.448847 ], [ 109.452431, -7.446822 ], [ 109.450432, -7.446544 ], [ 109.44867, -7.448106 ], [ 109.446938, -7.450062 ], [ 109.447929, -7.452479 ], [ 109.448196, -7.454623 ], [ 109.446251, -7.455642 ], [ 109.444168, -7.454578 ], [ 109.442001, -7.454106 ], [ 109.440407, -7.452887 ], [ 109.440384, -7.450564 ], [ 109.440003, -7.448552 ], [ 109.43792, -7.449169 ], [ 109.436066, -7.450687 ], [ 109.437172, -7.45239 ], [ 109.43692, -7.454955 ], [ 109.435455, -7.45651 ], [ 109.433678, -7.457647 ], [ 109.431137, -7.459025 ], [ 109.429001, -7.458039 ], [ 109.426399, -7.455818 ], [ 109.426949, -7.459138 ], [ 109.42453, -7.458955 ], [ 109.422539, -7.459588 ], [ 109.423729, -7.461746 ], [ 109.424141, -7.464196 ], [ 109.424477, -7.46662 ], [ 109.423431, -7.468975 ], [ 109.421188, -7.470195 ], [ 109.4188, -7.470479 ], [ 109.418678, -7.473482 ], [ 109.419983, -7.475247 ], [ 109.419594, -7.477438 ], [ 109.418358, -7.479039 ], [ 109.415024, -7.47896 ], [ 109.412499, -7.478165 ], [ 109.411651, -7.47623 ], [ 109.412346, -7.474137 ], [ 109.413139, -7.471881 ], [ 109.411705, -7.470435 ], [ 109.409271, -7.471507 ], [ 109.407364, -7.470841 ], [ 109.405212, -7.469115 ], [ 109.401337, -7.468196 ], [ 109.402382, -7.470542 ], [ 109.403595, -7.473202 ], [ 109.403114, -7.475544 ], [ 109.400169, -7.475408 ], [ 109.398331, -7.474545 ], [ 109.39531, -7.474291 ], [ 109.39296, -7.475438 ], [ 109.390549, -7.476371 ], [ 109.387802, -7.47712 ], [ 109.385643, -7.478066 ], [ 109.383484, -7.479438 ], [ 109.381531, -7.481059 ], [ 109.380226, -7.482607 ], [ 109.378014, -7.481283 ], [ 109.37516, -7.478028 ], [ 109.372879, -7.478716 ], [ 109.373192, -7.481185 ], [ 109.372108, -7.48455 ], [ 109.369598, -7.485596 ], [ 109.365746, -7.486735 ], [ 109.363304, -7.486874 ], [ 109.361603, -7.485296 ], [ 109.35807, -7.485814 ], [ 109.356438, -7.483338 ], [ 109.352997, -7.485345 ], [ 109.351806, -7.483708 ], [ 109.351181, -7.481164 ], [ 109.349297, -7.482058 ], [ 109.347702, -7.483901 ], [ 109.345657, -7.483231 ], [ 109.345055, -7.481137 ], [ 109.345711, -7.478776 ], [ 109.342842, -7.479652 ], [ 109.341278, -7.480952 ], [ 109.342476, -7.483259 ], [ 109.340378, -7.485335 ], [ 109.33831, -7.486752 ], [ 109.335693, -7.48568 ], [ 109.333862, -7.484559 ], [ 109.331726, -7.483031 ], [ 109.329384, -7.482522 ], [ 109.32724, -7.483031 ], [ 109.325104, -7.48354 ], [ 109.322349, -7.483643 ], [ 109.32093, -7.482216 ], [ 109.320007, -7.479772 ], [ 109.320114, -7.476513 ], [ 109.319908, -7.473967 ], [ 109.320519, -7.471522 ], [ 109.321541, -7.469383 ], [ 109.324188, -7.467244 ], [ 109.324898, -7.465105 ], [ 109.323982, -7.462661 ], [ 109.324081, -7.460114 ], [ 109.326118, -7.45879 ], [ 109.328156, -7.458179 ], [ 109.330811, -7.458077 ], [ 109.335693, -7.458587 ], [ 109.337837, -7.460114 ], [ 109.34018, -7.46042 ], [ 109.340584, -7.457772 ], [ 109.341095, -7.455429 ], [ 109.340919, -7.451557 ], [ 109.339012, -7.448278 ], [ 109.336517, -7.446693 ], [ 109.33435, -7.446101 ], [ 109.332718, -7.444589 ], [ 109.331322, -7.443055 ], [ 109.331268, -7.439592 ], [ 109.331886, -7.437541 ], [ 109.334885, -7.437278 ], [ 109.335098, -7.435153 ], [ 109.333435, -7.433838 ], [ 109.333603, -7.43179 ], [ 109.333084, -7.429494 ], [ 109.33104, -7.428737 ], [ 109.32827, -7.427203 ], [ 109.325928, -7.426988 ], [ 109.323876, -7.425993 ], [ 109.322433, -7.42377 ], [ 109.321572, -7.421598 ], [ 109.320641, -7.419064 ], [ 109.320839, -7.416583 ], [ 109.321144, -7.414223 ], [ 109.31942, -7.411569 ], [ 109.319359, -7.409337 ], [ 109.316155, -7.409627 ], [ 109.313888, -7.410392 ], [ 109.312546, -7.408872 ], [ 109.311676, -7.406604 ], [ 109.311058, -7.404608 ], [ 109.311402, -7.402631 ], [ 109.311089, -7.400637 ], [ 109.310325, -7.398717 ], [ 109.309349, -7.396373 ], [ 109.308334, -7.393998 ], [ 109.307419, -7.392002 ], [ 109.306442, -7.389945 ], [ 109.304718, -7.388518 ], [ 109.305863, -7.386439 ], [ 109.306114, -7.384432 ], [ 109.304306, -7.382415 ], [ 109.301292, -7.381673 ], [ 109.301414, -7.37939 ], [ 109.301483, -7.377256 ], [ 109.300888, -7.375001 ], [ 109.299988, -7.373129 ], [ 109.298172, -7.372148 ], [ 109.297615, -7.37017 ], [ 109.296898, -7.367118 ], [ 109.295769, -7.365263 ], [ 109.295128, -7.363062 ], [ 109.293762, -7.361349 ], [ 109.292305, -7.359579 ], [ 109.291428, -7.354776 ], [ 109.289192, -7.349087 ], [ 109.285538, -7.342179 ], [ 109.280663, -7.333848 ], [ 109.276192, -7.326737 ], [ 109.274773, -7.324299 ], [ 109.272125, -7.321455 ], [ 109.271111, -7.318001 ], [ 109.26725, -7.308248 ], [ 109.264206, -7.302965 ], [ 109.262375, -7.294432 ], [ 109.260956, -7.288743 ], [ 109.258514, -7.284273 ], [ 109.251808, -7.276349 ], [ 109.242668, -7.262939 ], [ 109.23896, -7.257228 ], [ 109.236221, -7.255664 ], [ 109.234764, -7.253882 ], [ 109.232895, -7.252458 ], [ 109.23111, -7.251383 ], [ 109.229584, -7.249785 ], [ 109.227295, -7.247155 ], [ 109.225464, -7.245326 ], [ 109.222153, -7.243267 ], [ 109.220245, -7.240483 ], [ 109.222519, -7.23952 ], [ 109.224533, -7.238654 ], [ 109.226555, -7.237672 ], [ 109.228912, -7.236863 ], [ 109.232307, -7.235706 ], [ 109.234718, -7.234766 ], [ 109.237267, -7.233741 ], [ 109.240318, -7.232298 ], [ 109.243194, -7.230912 ], [ 109.246475, -7.229698 ], [ 109.25, -7.227189 ], [ 109.253853, -7.22701 ], [ 109.255638, -7.225919 ], [ 109.257797, -7.224984 ], [ 109.260208, -7.224804 ], [ 109.262543, -7.223703 ], [ 109.264458, -7.222988 ], [ 109.266846, -7.223119 ], [ 109.269661, -7.222398 ], [ 109.272278, -7.222414 ], [ 109.274513, -7.222344 ], [ 109.276581, -7.221205 ], [ 109.278717, -7.219854 ], [ 109.280876, -7.220213 ], [ 109.283211, -7.220281 ], [ 109.285324, -7.220384 ], [ 109.287224, -7.218665 ], [ 109.289398, -7.217804 ], [ 109.290154, -7.215171 ], [ 109.295227, -7.215986 ], [ 109.297325, -7.215454 ], [ 109.299682, -7.215219 ], [ 109.302093, -7.215395 ], [ 109.305458, -7.214556 ], [ 109.307747, -7.214317 ], [ 109.312653, -7.21619 ], [ 109.316414, -7.215533 ], [ 109.320099, -7.214318 ], [ 109.325173, -7.212871 ], [ 109.330239, -7.212172 ], [ 109.33577, -7.211356 ], [ 109.338188, -7.210431 ], [ 109.340668, -7.208816 ], [ 109.342796, -7.207892 ], [ 109.345047, -7.207198 ], [ 109.349098, -7.205705 ], [ 109.351318, -7.204885 ], [ 109.35466, -7.203614 ], [ 109.35852, -7.201709 ], [ 109.36232, -7.200264 ], [ 109.368256, -7.198183 ], [ 109.370293, -7.197628 ], [ 109.372521, -7.197139 ], [ 109.374474, -7.196388 ], [ 109.377121, -7.19483 ], [ 109.379486, -7.19333 ], [ 109.382072, -7.192348 ], [ 109.385445, -7.192307 ], [ 109.387665, -7.192625 ], [ 109.390091, -7.193598 ], [ 109.39251, -7.196008 ], [ 109.394417, -7.199283 ], [ 109.397186, -7.199795 ], [ 109.400711, -7.200662 ], [ 109.403275, -7.201655 ], [ 109.406181, -7.20225 ], [ 109.40876, -7.20149 ], [ 109.41188, -7.200572 ], [ 109.416084, -7.198148 ], [ 109.422188, -7.193709 ], [ 109.423797, -7.191923 ], [ 109.425469, -7.190252 ], [ 109.427536, -7.189213 ], [ 109.429962, -7.188806 ], [ 109.433014, -7.186845 ], [ 109.434502, -7.18437 ], [ 109.436172, -7.182066 ], [ 109.438248, -7.180164 ], [ 109.440773, -7.178205 ], [ 109.441116, -7.174811 ], [ 109.44249, -7.170668 ], [ 109.445137, -7.16888 ], [ 109.448715, -7.168184 ], [ 109.4524, -7.169442 ], [ 109.455574, -7.172023 ], [ 109.458061, -7.175124 ], [ 109.459625, -7.178916 ], [ 109.462334, -7.182706 ], [ 109.46315, -7.185292 ], [ 109.462517, -7.188398 ], [ 109.460785, -7.19318 ], [ 109.460518, -7.196108 ], [ 109.464264, -7.200299 ], [ 109.467728, -7.203742 ], [ 109.470383, -7.205749 ], [ 109.472633, -7.207816 ], [ 109.474777, -7.211434 ], [ 109.476166, -7.214997 ], [ 109.477608, -7.217697 ], [ 109.479454, -7.220798 ], [ 109.482803, -7.223955 ], [ 109.485168, -7.225445 ], [ 109.488342, -7.226532 ], [ 109.491226, -7.227044 ], [ 109.494919, -7.229107 ], [ 109.497223, -7.229965 ], [ 109.500511, -7.230419 ], [ 109.50444, -7.230944 ], [ 109.506447, -7.231213 ], [ 109.521248, -7.231913 ], [ 109.52961, -7.230473 ], [ 109.532471, -7.230037 ], [ 109.534943, -7.231097 ], [ 109.537018, -7.23468 ], [ 109.538429, -7.23791 ], [ 109.539032, -7.240686 ], [ 109.541466, -7.241446 ], [ 109.54248, -7.248182 ], [ 109.544617, -7.250885 ], [ 109.548073, -7.253124 ], [ 109.552567, -7.255132 ], [ 109.55603, -7.256681 ], [ 109.560608, -7.255332 ], [ 109.562981, -7.252464 ], [ 109.566826, -7.249577 ], [ 109.573952, -7.246627 ], [ 109.581665, -7.245289 ], [ 109.585571, -7.244821 ], [ 109.591102, -7.24556 ], [ 109.594093, -7.246821 ], [ 109.598015, -7.248888 ], [ 109.599747, -7.250555 ], [ 109.60115, -7.258212 ], [ 109.601044, -7.260573 ], [ 109.600822, -7.263108 ], [ 109.600609, -7.268232 ], [ 109.600731, -7.271574 ], [ 109.600449, -7.274109 ], [ 109.598167, -7.280967 ], [ 109.596459, -7.285635 ], [ 109.592003, -7.292495 ], [ 109.587128, -7.292552 ], [ 109.584068, -7.293322 ], [ 109.58152, -7.294293 ], [ 109.576294, -7.296843 ], [ 109.571922, -7.299878 ], [ 109.570709, -7.301821 ], [ 109.570343, -7.303884 ], [ 109.570343, -7.306434 ], [ 109.570953, -7.309227 ], [ 109.570709, -7.311776 ], [ 109.568832, -7.316147 ], [ 109.567131, -7.320032 ], [ 109.566887, -7.324161 ], [ 109.56543, -7.327196 ], [ 109.561424, -7.329867 ], [ 109.5579, -7.328896 ], [ 109.555473, -7.327681 ], [ 109.552437, -7.32586 ], [ 109.5494, -7.324161 ], [ 109.546852, -7.323675 ], [ 109.543938, -7.323189 ], [ 109.539566, -7.32331 ], [ 109.535927, -7.322825 ], [ 109.532646, -7.321975 ], [ 109.52961, -7.322218 ], [ 109.526215, -7.322946 ], [ 109.523544, -7.324403 ], [ 109.521721, -7.326346 ], [ 109.520752, -7.33011 ], [ 109.520142, -7.337273 ], [ 109.520508, -7.341036 ], [ 109.521477, -7.344436 ], [ 109.522812, -7.3465 ], [ 109.525604, -7.349414 ], [ 109.529007, -7.353056 ], [ 109.530831, -7.356213 ], [ 109.531433, -7.359734 ], [ 109.53289, -7.36374 ], [ 109.533623, -7.366654 ], [ 109.534714, -7.371025 ], [ 109.535316, -7.374546 ], [ 109.535698, -7.376537 ] ] ] } },
{ "type": "Feature", "properties": { "STATISTIK": "3306", "KABUPATEN": "PURWOREJO", "PROPINSI": "JAWA TENGAH", "LUAS_KM2": "102.934", "DATA": "BAKOSURTANAL, BPS" }, "geometry": { "type": "Polygon", "coordinates": [ [ [ 110.118317, -7.672271 ], [ 110.118874, -7.677564 ], [ 110.122208, -7.680546 ], [ 110.127648, -7.683704 ], [ 110.131859, -7.685283 ], [ 110.134491, -7.686511 ], [ 110.136421, -7.688089 ], [ 110.137467, -7.690546 ], [ 110.137467, -7.694756 ], [ 110.136948, -7.700896 ], [ 110.134315, -7.708439 ], [ 110.133613, -7.711948 ], [ 110.133613, -7.714755 ], [ 110.134666, -7.71686 ], [ 110.133964, -7.720368 ], [ 110.131508, -7.723701 ], [ 110.130104, -7.726333 ], [ 110.130279, -7.728613 ], [ 110.131508, -7.735806 ], [ 110.13221, -7.739315 ], [ 110.131592, -7.744051 ], [ 110.129135, -7.748086 ], [ 110.121422, -7.754226 ], [ 110.114052, -7.760191 ], [ 110.111771, -7.762822 ], [ 110.110893, -7.766682 ], [ 110.110893, -7.769839 ], [ 110.111595, -7.773172 ], [ 110.106651, -7.776588 ], [ 110.102829, -7.776206 ], [ 110.098442, -7.776588 ], [ 110.094818, -7.778306 ], [ 110.091186, -7.782122 ], [ 110.089088, -7.787466 ], [ 110.088707, -7.791252 ], [ 110.088036, -7.793614 ], [ 110.085998, -7.800462 ], [ 110.083687, -7.803608 ], [ 110.081093, -7.806384 ], [ 110.077209, -7.808975 ], [ 110.072769, -7.811011 ], [ 110.068138, -7.811566 ], [ 110.063698, -7.813231 ], [ 110.062035, -7.816008 ], [ 110.061112, -7.824891 ], [ 110.059997, -7.827667 ], [ 110.058884, -7.829518 ], [ 110.05944, -7.832479 ], [ 110.059624, -7.834515 ], [ 110.05944, -7.836921 ], [ 110.05722, -7.838401 ], [ 110.05426, -7.839882 ], [ 110.052597, -7.841547 ], [ 110.052597, -7.843769 ], [ 110.0513, -7.849876 ], [ 110.051117, -7.852282 ], [ 110.047966, -7.856908 ], [ 110.04612, -7.859869 ], [ 110.045189, -7.865237 ], [ 110.044937, -7.868934 ], [ 110.040932, -7.869393 ], [ 110.042541, -7.871552 ], [ 110.041176, -7.874357 ], [ 110.038078, -7.87612 ], [ 110.03595, -7.876461 ], [ 110.033333, -7.87428 ], [ 110.032463, -7.872017 ], [ 110.030548, -7.87305 ], [ 110.028374, -7.872383 ], [ 110.027901, -7.875 ], [ 110.028504, -7.877368 ], [ 110.029388, -7.879255 ], [ 110.031418, -7.879388 ], [ 110.033516, -7.880003 ], [ 110.035339, -7.880882 ], [ 110.037522, -7.881903 ], [ 110.040184, -7.882458 ], [ 110.042275, -7.882585 ], [ 110.043159, -7.884395 ], [ 110.042488, -7.887309 ], [ 110.043549, -7.889043 ], [ 110.045242, -7.890248 ], [ 110.043778, -7.893393 ], [ 110.041504, -7.893606 ], [ 110.041199, -7.89567 ], [ 110.040787, -7.898089 ], [ 110.039742, -7.899814 ], [ 110.038765, -7.902181 ], [ 110.036163, -7.901305 ], [ 110.033852, -7.900418 ], [ 110.03333, -7.900269 ], [ 110.032642, -7.900238 ], [ 110.032109, -7.89992 ], [ 110.031853, -7.899847 ], [ 110.031587, -7.899858 ], [ 110.031215, -7.899524 ], [ 110.031122, -7.898845 ], [ 110.03032, -7.898634 ], [ 110.02906, -7.898435 ], [ 110.027016, -7.897998 ], [ 110.024887, -7.897181 ], [ 110.022072, -7.896047 ], [ 110.020035, -7.895146 ], [ 110.017983, -7.894202 ], [ 110.016098, -7.89349 ], [ 110.013931, -7.892573 ], [ 110.012085, -7.891795 ], [ 110.010246, -7.890998 ], [ 110.008156, -7.890174 ], [ 110.005951, -7.889252 ], [ 110.003708, -7.888293 ], [ 110.001457, -7.887401 ], [ 110.001075, -7.887154 ], [ 110.000085, -7.886726 ], [ 109.99585, -7.884477 ], [ 109.985993, -7.880591 ], [ 109.975723, -7.876555 ], [ 109.971764, -7.875 ], [ 109.969338, -7.874001 ], [ 109.966545, -7.87309 ], [ 109.963287, -7.871871 ], [ 109.961136, -7.871158 ], [ 109.959099, -7.870447 ], [ 109.956528, -7.869448 ], [ 109.954407, -7.868667 ], [ 109.951546, -7.86776 ], [ 109.949303, -7.867103 ], [ 109.947121, -7.86628 ], [ 109.943657, -7.864945 ], [ 109.941299, -7.864128 ], [ 109.938789, -7.863359 ], [ 109.935387, -7.862166 ], [ 109.933014, -7.861371 ], [ 109.929527, -7.860199 ], [ 109.926773, -7.85919 ], [ 109.924683, -7.858414 ], [ 109.921234, -7.857383 ], [ 109.918976, -7.856761 ], [ 109.916939, -7.855994 ], [ 109.914337, -7.855127 ], [ 109.911662, -7.854486 ], [ 109.911007, -7.853959 ], [ 109.910522, -7.853789 ], [ 109.9106, -7.853513 ], [ 109.910437, -7.853873 ], [ 109.910353, -7.853852 ], [ 109.907799, -7.853103 ], [ 109.905342, -7.852374 ], [ 109.903351, -7.851794 ], [ 109.901222, -7.850954 ], [ 109.899627, -7.850537 ], [ 109.89814, -7.849887 ], [ 109.896111, -7.849317 ], [ 109.892776, -7.848299 ], [ 109.888802, -7.847093 ], [ 109.886833, -7.846625 ], [ 109.884644, -7.845922 ], [ 109.884046, -7.845829 ], [ 109.883826, -7.845698 ], [ 109.882309, -7.845284 ], [ 109.879807, -7.844596 ], [ 109.878092, -7.844161 ], [ 109.877954, -7.84386 ], [ 109.877724, -7.843768 ], [ 109.875199, -7.843422 ], [ 109.873482, -7.842832 ], [ 109.871002, -7.842053 ], [ 109.868813, -7.841568 ], [ 109.866394, -7.840816 ], [ 109.864395, -7.840238 ], [ 109.862282, -7.839688 ], [ 109.859566, -7.839162 ], [ 109.857361, -7.83849 ], [ 109.855301, -7.837911 ], [ 109.854275, -7.837827 ], [ 109.853111, -7.837477 ], [ 109.850685, -7.836853 ], [ 109.848724, -7.836281 ], [ 109.846611, -7.835778 ], [ 109.843437, -7.8351 ], [ 109.840935, -7.834519 ], [ 109.838188, -7.834042 ], [ 109.835365, -7.833341 ], [ 109.833046, -7.832842 ], [ 109.830902, -7.832328 ], [ 109.828758, -7.831884 ], [ 109.825592, -7.831465 ], [ 109.823517, -7.830911 ], [ 109.820473, -7.830205 ], [ 109.822099, -7.828664 ], [ 109.823205, -7.827905 ], [ 109.824717, -7.826869 ], [ 109.827499, -7.825214 ], [ 109.82885, -7.823114 ], [ 109.829979, -7.819466 ], [ 109.830704, -7.816426 ], [ 109.830956, -7.814097 ], [ 109.83194, -7.810745 ], [ 109.832474, -7.807582 ], [ 109.83297, -7.804263 ], [ 109.833115, -7.802212 ], [ 109.833313, -7.799292 ], [ 109.833008, -7.796944 ], [ 109.834793, -7.793115 ], [ 109.83268, -7.791762 ], [ 109.830689, -7.790485 ], [ 109.829285, -7.788421 ], [ 109.829376, -7.786097 ], [ 109.830002, -7.783884 ], [ 109.831222, -7.779612 ], [ 109.832275, -7.775696 ], [ 109.832939, -7.773779 ], [ 109.833229, -7.770976 ], [ 109.833305, -7.767446 ], [ 109.833076, -7.76524 ], [ 109.83297, -7.762593 ], [ 109.832947, -7.760545 ], [ 109.832847, -7.755802 ], [ 109.831688, -7.752034 ], [ 109.831695, -7.749077 ], [ 109.832077, -7.746986 ], [ 109.832169, -7.744797 ], [ 109.832466, -7.742463 ], [ 109.832207, -7.740122 ], [ 109.831863, -7.738058 ], [ 109.831619, -7.734344 ], [ 109.831428, -7.731339 ], [ 109.83136, -7.729157 ], [ 109.831253, -7.72653 ], [ 109.830322, -7.724556 ], [ 109.830444, -7.722347 ], [ 109.828804, -7.719517 ], [ 109.829841, -7.717558 ], [ 109.830597, -7.715502 ], [ 109.829575, -7.713695 ], [ 109.827545, -7.714577 ], [ 109.825531, -7.714788 ], [ 109.823357, -7.714617 ], [ 109.821205, -7.714272 ], [ 109.818985, -7.71388 ], [ 109.81675, -7.7133 ], [ 109.814575, -7.712234 ], [ 109.811699, -7.711134 ], [ 109.80986, -7.710334 ], [ 109.807892, -7.709853 ], [ 109.806587, -7.708281 ], [ 109.804581, -7.708213 ], [ 109.802612, -7.708991 ], [ 109.80201, -7.706901 ], [ 109.80011, -7.706199 ], [ 109.799927, -7.702825 ], [ 109.799034, -7.700973 ], [ 109.798134, -7.699051 ], [ 109.798149, -7.696801 ], [ 109.799759, -7.695398 ], [ 109.801605, -7.694119 ], [ 109.803352, -7.692825 ], [ 109.803887, -7.690032 ], [ 109.80468, -7.685732 ], [ 109.805382, -7.68363 ], [ 109.805954, -7.681166 ], [ 109.806198, -7.679053 ], [ 109.806915, -7.677017 ], [ 109.806786, -7.675005 ], [ 109.806984, -7.673012 ], [ 109.807861, -7.670923 ], [ 109.807015, -7.668992 ], [ 109.80584, -7.667347 ], [ 109.804153, -7.666053 ], [ 109.802895, -7.663302 ], [ 109.802757, -7.659527 ], [ 109.802887, -7.656974 ], [ 109.803482, -7.654876 ], [ 109.802269, -7.653278 ], [ 109.800911, -7.651762 ], [ 109.798515, -7.646594 ], [ 109.799934, -7.645106 ], [ 109.800865, -7.643292 ], [ 109.804191, -7.641993 ], [ 109.804947, -7.640097 ], [ 109.806511, -7.638641 ], [ 109.805786, -7.636745 ], [ 109.807587, -7.634118 ], [ 109.808655, -7.632398 ], [ 109.810448, -7.633395 ], [ 109.812698, -7.631542 ], [ 109.814774, -7.631046 ], [ 109.814377, -7.628955 ], [ 109.814445, -7.626862 ], [ 109.813103, -7.623534 ], [ 109.812309, -7.620492 ], [ 109.812843, -7.617318 ], [ 109.81337, -7.614011 ], [ 109.81337, -7.611366 ], [ 109.81324, -7.608191 ], [ 109.814163, -7.603033 ], [ 109.814278, -7.598326 ], [ 109.816505, -7.594264 ], [ 109.819344, -7.590615 ], [ 109.82177, -7.588993 ], [ 109.827446, -7.586763 ], [ 109.8311, -7.583722 ], [ 109.833496, -7.580443 ], [ 109.835388, -7.578197 ], [ 109.837677, -7.578322 ], [ 109.840653, -7.577343 ], [ 109.841362, -7.575145 ], [ 109.841179, -7.572988 ], [ 109.842377, -7.571239 ], [ 109.843384, -7.568959 ], [ 109.843956, -7.566871 ], [ 109.846085, -7.564737 ], [ 109.847885, -7.563181 ], [ 109.850395, -7.561963 ], [ 109.852783, -7.561876 ], [ 109.85572, -7.561769 ], [ 109.858032, -7.559377 ], [ 109.861931, -7.557228 ], [ 109.866234, -7.554003 ], [ 109.869995, -7.549435 ], [ 109.873215, -7.545808 ], [ 109.873619, -7.542987 ], [ 109.871872, -7.539628 ], [ 109.869858, -7.537344 ], [ 109.868919, -7.534389 ], [ 109.868782, -7.530761 ], [ 109.870262, -7.529284 ], [ 109.874885, -7.526003 ], [ 109.877533, -7.530599 ], [ 109.878281, -7.532681 ], [ 109.880753, -7.533388 ], [ 109.881851, -7.535301 ], [ 109.883499, -7.533862 ], [ 109.884277, -7.531836 ], [ 109.885765, -7.529422 ], [ 109.887146, -7.527786 ], [ 109.889168, -7.527065 ], [ 109.890648, -7.525311 ], [ 109.892113, -7.52376 ], [ 109.893715, -7.521923 ], [ 109.895775, -7.5224 ], [ 109.896996, -7.520797 ], [ 109.899422, -7.520041 ], [ 109.902069, -7.520397 ], [ 109.904571, -7.521526 ], [ 109.907371, -7.52226 ], [ 109.91037, -7.521838 ], [ 109.912651, -7.521133 ], [ 109.914925, -7.520677 ], [ 109.91703, -7.520021 ], [ 109.920196, -7.519335 ], [ 109.922463, -7.521091 ], [ 109.92527, -7.523477 ], [ 109.928574, -7.526358 ], [ 109.930214, -7.527518 ], [ 109.933197, -7.527905 ], [ 109.93576, -7.52849 ], [ 109.936913, -7.530458 ], [ 109.937508, -7.532408 ], [ 109.938911, -7.533964 ], [ 109.941063, -7.534117 ], [ 109.943138, -7.53361 ], [ 109.945305, -7.533648 ], [ 109.947548, -7.532547 ], [ 109.949501, -7.53067 ], [ 109.951279, -7.528643 ], [ 109.951637, -7.526513 ], [ 109.95356, -7.524229 ], [ 109.955437, -7.527942 ], [ 109.957542, -7.529202 ], [ 109.959259, -7.530263 ], [ 109.962257, -7.531129 ], [ 109.964043, -7.532389 ], [ 109.967194, -7.531835 ], [ 109.969528, -7.530998 ], [ 109.97155, -7.530628 ], [ 109.97335, -7.532156 ], [ 109.97525, -7.533237 ], [ 109.973984, -7.534986 ], [ 109.972695, -7.537436 ], [ 109.975189, -7.539417 ], [ 109.973763, -7.541016 ], [ 109.973656, -7.54346 ], [ 109.973389, -7.545458 ], [ 109.972817, -7.547471 ], [ 109.971626, -7.549235 ], [ 109.970344, -7.551891 ], [ 109.969376, -7.554267 ], [ 109.967331, -7.555485 ], [ 109.96849, -7.557139 ], [ 109.969742, -7.559074 ], [ 109.968399, -7.5613 ], [ 109.968727, -7.563283 ], [ 109.970413, -7.564591 ], [ 109.971466, -7.566592 ], [ 109.971977, -7.569021 ], [ 109.9758, -7.570996 ], [ 109.976715, -7.573145 ], [ 109.977463, -7.575095 ], [ 109.978546, -7.576997 ], [ 109.983086, -7.577354 ], [ 109.985306, -7.577971 ], [ 109.987625, -7.577959 ], [ 109.989944, -7.577833 ], [ 109.991898, -7.576912 ], [ 109.994301, -7.576406 ], [ 109.996116, -7.574842 ], [ 109.997619, -7.576414 ], [ 109.998825, -7.578266 ], [ 109.999329, -7.580216 ], [ 109.999657, -7.582628 ], [ 110.0, -7.584941 ], [ 109.999794, -7.587247 ], [ 109.998367, -7.589522 ], [ 110.002602, -7.589025 ], [ 110.004875, -7.588601 ], [ 110.007301, -7.587804 ], [ 110.009461, -7.586505 ], [ 110.011963, -7.586311 ], [ 110.014351, -7.58627 ], [ 110.016831, -7.585507 ], [ 110.016563, -7.582848 ], [ 110.014336, -7.582128 ], [ 110.015366, -7.580241 ], [ 110.014511, -7.578283 ], [ 110.015289, -7.576011 ], [ 110.016853, -7.573737 ], [ 110.016075, -7.571729 ], [ 110.016708, -7.569817 ], [ 110.016472, -7.567694 ], [ 110.014977, -7.565974 ], [ 110.016319, -7.564475 ], [ 110.017677, -7.562611 ], [ 110.019768, -7.560756 ], [ 110.021828, -7.559854 ], [ 110.022835, -7.558084 ], [ 110.02433, -7.556596 ], [ 110.026184, -7.555498 ], [ 110.028007, -7.554117 ], [ 110.029854, -7.553225 ], [ 110.031967, -7.553335 ], [ 110.032287, -7.551355 ], [ 110.032478, -7.549213 ], [ 110.032555, -7.547098 ], [ 110.032936, -7.545131 ], [ 110.034058, -7.543123 ], [ 110.033592, -7.540902 ], [ 110.032402, -7.539034 ], [ 110.03167, -7.537136 ], [ 110.031692, -7.535043 ], [ 110.031204, -7.532069 ], [ 110.034287, -7.532926 ], [ 110.036445, -7.532681 ], [ 110.038368, -7.532074 ], [ 110.040199, -7.533198 ], [ 110.042663, -7.533462 ], [ 110.045151, -7.5324 ], [ 110.044098, -7.535807 ], [ 110.045578, -7.538222 ], [ 110.046715, -7.540134 ], [ 110.048256, -7.541586 ], [ 110.049439, -7.543229 ], [ 110.04995, -7.545403 ], [ 110.05143, -7.546957 ], [ 110.052445, -7.548734 ], [ 110.051598, -7.550718 ], [ 110.053162, -7.552374 ], [ 110.053657, -7.554326 ], [ 110.054993, -7.555973 ], [ 110.057167, -7.556399 ], [ 110.058876, -7.558982 ], [ 110.059174, -7.561053 ], [ 110.057793, -7.562517 ], [ 110.056915, -7.56466 ], [ 110.057121, -7.566938 ], [ 110.056809, -7.569034 ], [ 110.056473, -7.571178 ], [ 110.057937, -7.573563 ], [ 110.06002, -7.573784 ], [ 110.062195, -7.572313 ], [ 110.063957, -7.57336 ], [ 110.065186, -7.571444 ], [ 110.067459, -7.571106 ], [ 110.069725, -7.571431 ], [ 110.071869, -7.572315 ], [ 110.073486, -7.573658 ], [ 110.075478, -7.574315 ], [ 110.077164, -7.576149 ], [ 110.079247, -7.576845 ], [ 110.081406, -7.576752 ], [ 110.082992, -7.575399 ], [ 110.08458, -7.574107 ], [ 110.086411, -7.573277 ], [ 110.087906, -7.571934 ], [ 110.088676, -7.57008 ], [ 110.0905, -7.568816 ], [ 110.092491, -7.56828 ], [ 110.09523, -7.568883 ], [ 110.097664, -7.569527 ], [ 110.099747, -7.569032 ], [ 110.101272, -7.570646 ], [ 110.100929, -7.572759 ], [ 110.101647, -7.574651 ], [ 110.103279, -7.576468 ], [ 110.103096, -7.578775 ], [ 110.103584, -7.582206 ], [ 110.104294, -7.584286 ], [ 110.105591, -7.586427 ], [ 110.106674, -7.588243 ], [ 110.107162, -7.590878 ], [ 110.107468, -7.59308 ], [ 110.108879, -7.595013 ], [ 110.110405, -7.596448 ], [ 110.111473, -7.599023 ], [ 110.112938, -7.600992 ], [ 110.114998, -7.602191 ], [ 110.116432, -7.604157 ], [ 110.118233, -7.60555 ], [ 110.119705, -7.60801 ], [ 110.120529, -7.610317 ], [ 110.121452, -7.612327 ], [ 110.121338, -7.614522 ], [ 110.121552, -7.617279 ], [ 110.122246, -7.619771 ], [ 110.121735, -7.62189 ], [ 110.121536, -7.623906 ], [ 110.123779, -7.627071 ], [ 110.124985, -7.628703 ], [ 110.126121, -7.63125 ], [ 110.129044, -7.633403 ], [ 110.131355, -7.634184 ], [ 110.133072, -7.635679 ], [ 110.135407, -7.638849 ], [ 110.136772, -7.640313 ], [ 110.13839, -7.642465 ], [ 110.139549, -7.644377 ], [ 110.141571, -7.644993 ], [ 110.140686, -7.647271 ], [ 110.139625, -7.649275 ], [ 110.13813, -7.650795 ], [ 110.136848, -7.652748 ], [ 110.13533, -7.654198 ], [ 110.133285, -7.654157 ], [ 110.131264, -7.654367 ], [ 110.129318, -7.654833 ], [ 110.126595, -7.659144 ], [ 110.121681, -7.665635 ], [ 110.118317, -7.672271 ] ] ] } },
{ "type": "Feature", "properties": { "STATISTIK": "3317", "KABUPATEN": "REMBANG", "PROPINSI": "JAWA TENGAH", "LUAS_KM2": "68.4552", "DATA": "BAKOSURTANAL, BPS" }, "geometry": { "type": "Polygon", "coordinates": [ [ [ 111.621735, -6.822694 ], [ 111.618996, -6.826426 ], [ 111.617737, -6.829418 ], [ 111.616356, -6.832986 ], [ 111.615204, -6.838395 ], [ 111.614509, -6.843228 ], [ 111.613594, -6.852205 ], [ 111.613129, -6.855197 ], [ 111.612671, -6.858074 ], [ 111.612327, -6.861412 ], [ 111.612572, -6.863893 ], [ 111.611908, -6.865881 ], [ 111.611908, -6.868607 ], [ 111.612061, -6.87089 ], [ 111.612205, -6.874425 ], [ 111.612282, -6.876855 ], [ 111.612427, -6.87958 ], [ 111.612351, -6.882453 ], [ 111.610435, -6.885767 ], [ 111.608597, -6.888198 ], [ 111.60701, -6.889708 ], [ 111.605614, -6.891476 ], [ 111.60421, -6.89398 ], [ 111.604362, -6.896116 ], [ 111.606056, -6.897589 ], [ 111.608337, -6.899578 ], [ 111.609077, -6.901787 ], [ 111.608704, -6.904218 ], [ 111.607231, -6.905838 ], [ 111.605759, -6.907458 ], [ 111.602669, -6.909447 ], [ 111.598358, -6.91162 ], [ 111.594383, -6.912724 ], [ 111.591362, -6.91324 ], [ 111.589081, -6.913387 ], [ 111.586502, -6.913977 ], [ 111.583626, -6.915229 ], [ 111.580902, -6.916702 ], [ 111.578369, -6.918496 ], [ 111.575371, -6.917997 ], [ 111.572197, -6.917246 ], [ 111.569267, -6.915417 ], [ 111.567314, -6.918109 ], [ 111.565643, -6.916751 ], [ 111.564743, -6.914891 ], [ 111.563515, -6.913243 ], [ 111.561623, -6.912488 ], [ 111.55983, -6.913764 ], [ 111.557762, -6.914402 ], [ 111.555588, -6.914501 ], [ 111.555473, -6.912386 ], [ 111.554542, -6.910596 ], [ 111.552566, -6.909613 ], [ 111.550209, -6.910249 ], [ 111.548134, -6.91069 ], [ 111.545853, -6.909902 ], [ 111.543884, -6.909118 ], [ 111.54229, -6.907239 ], [ 111.543899, -6.905593 ], [ 111.545006, -6.903743 ], [ 111.542953, -6.902969 ], [ 111.541214, -6.904034 ], [ 111.539452, -6.902691 ], [ 111.53862, -6.900419 ], [ 111.53965, -6.898064 ], [ 111.539345, -6.89566 ], [ 111.53775, -6.894372 ], [ 111.536163, -6.892604 ], [ 111.534561, -6.890644 ], [ 111.532821, -6.888964 ], [ 111.529228, -6.888951 ], [ 111.52716, -6.889236 ], [ 111.525147, -6.889434 ], [ 111.523087, -6.889748 ], [ 111.521011, -6.890415 ], [ 111.518105, -6.890269 ], [ 111.515953, -6.890138 ], [ 111.51413, -6.889262 ], [ 111.512009, -6.890284 ], [ 111.510292, -6.89152 ], [ 111.508133, -6.89132 ], [ 111.505913, -6.891478 ], [ 111.503799, -6.89172 ], [ 111.502075, -6.893297 ], [ 111.5, -6.893039 ], [ 111.496658, -6.894687 ], [ 111.495903, -6.89136 ], [ 111.494995, -6.88941 ], [ 111.493645, -6.887578 ], [ 111.492188, -6.885988 ], [ 111.490814, -6.884422 ], [ 111.489334, -6.882588 ], [ 111.487511, -6.881397 ], [ 111.485817, -6.882523 ], [ 111.483048, -6.882743 ], [ 111.481354, -6.883882 ], [ 111.479217, -6.883936 ], [ 111.477837, -6.882105 ], [ 111.475761, -6.881905 ], [ 111.473747, -6.881741 ], [ 111.471619, -6.882086 ], [ 111.469597, -6.881922 ], [ 111.46537, -6.881206 ], [ 111.463326, -6.880602 ], [ 111.462822, -6.878641 ], [ 111.460808, -6.878558 ], [ 111.458817, -6.878087 ], [ 111.45636, -6.877687 ], [ 111.453621, -6.875946 ], [ 111.451805, -6.87725 ], [ 111.450081, -6.878281 ], [ 111.448814, -6.879885 ], [ 111.447708, -6.881671 ], [ 111.445938, -6.883042 ], [ 111.443725, -6.884224 ], [ 111.441795, -6.884836 ], [ 111.43972, -6.885431 ], [ 111.437668, -6.885883 ], [ 111.4366, -6.887578 ], [ 111.435608, -6.889419 ], [ 111.433861, -6.890479 ], [ 111.432419, -6.891875 ], [ 111.429886, -6.892535 ], [ 111.42675, -6.893571 ], [ 111.424751, -6.894145 ], [ 111.422745, -6.893997 ], [ 111.420967, -6.893058 ], [ 111.419281, -6.891833 ], [ 111.417412, -6.890591 ], [ 111.41536, -6.890576 ], [ 111.413513, -6.889748 ], [ 111.413269, -6.887718 ], [ 111.413986, -6.885537 ], [ 111.413688, -6.883446 ], [ 111.411613, -6.883592 ], [ 111.409706, -6.884471 ], [ 111.40818, -6.885863 ], [ 111.406464, -6.884758 ], [ 111.404793, -6.886026 ], [ 111.404426, -6.888102 ], [ 111.402344, -6.888002 ], [ 111.400925, -6.889525 ], [ 111.399673, -6.891165 ], [ 111.397423, -6.890718 ], [ 111.395523, -6.891473 ], [ 111.393524, -6.892092 ], [ 111.391464, -6.89248 ], [ 111.389381, -6.89271 ], [ 111.387215, -6.892481 ], [ 111.385185, -6.892242 ], [ 111.38385, -6.890746 ], [ 111.381805, -6.890128 ], [ 111.380066, -6.891144 ], [ 111.377968, -6.891533 ], [ 111.374519, -6.890407 ], [ 111.372826, -6.889196 ], [ 111.370911, -6.888332 ], [ 111.369156, -6.887364 ], [ 111.367241, -6.886546 ], [ 111.365418, -6.885593 ], [ 111.363594, -6.884563 ], [ 111.361542, -6.885087 ], [ 111.359863, -6.88636 ], [ 111.357879, -6.885787 ], [ 111.355781, -6.885274 ], [ 111.353676, -6.885753 ], [ 111.351662, -6.886189 ], [ 111.349693, -6.885726 ], [ 111.347618, -6.885854 ], [ 111.346397, -6.884006 ], [ 111.344696, -6.882815 ], [ 111.342911, -6.881737 ], [ 111.342545, -6.879667 ], [ 111.341858, -6.877696 ], [ 111.340241, -6.876421 ], [ 111.337784, -6.874996 ], [ 111.336235, -6.873004 ], [ 111.333832, -6.87211 ], [ 111.331749, -6.870656 ], [ 111.330086, -6.868999 ], [ 111.327736, -6.869001 ], [ 111.322441, -6.86737 ], [ 111.320106, -6.866722 ], [ 111.316567, -6.865851 ], [ 111.313644, -6.865114 ], [ 111.311249, -6.86516 ], [ 111.307617, -6.865185 ], [ 111.305237, -6.865388 ], [ 111.302299, -6.865546 ], [ 111.299965, -6.865324 ], [ 111.297028, -6.865304 ], [ 111.293938, -6.865395 ], [ 111.290504, -6.865597 ], [ 111.28476, -6.865132 ], [ 111.280342, -6.862939 ], [ 111.27803, -6.861754 ], [ 111.273163, -6.858845 ], [ 111.27063, -6.857995 ], [ 111.267937, -6.857841 ], [ 111.265198, -6.857372 ], [ 111.263336, -6.855775 ], [ 111.264305, -6.853994 ], [ 111.26297, -6.852371 ], [ 111.26294, -6.85027 ], [ 111.263832, -6.848388 ], [ 111.262558, -6.845814 ], [ 111.26191, -6.843873 ], [ 111.260017, -6.843061 ], [ 111.259788, -6.840862 ], [ 111.256897, -6.8393 ], [ 111.255859, -6.836883 ], [ 111.257767, -6.835391 ], [ 111.259743, -6.834591 ], [ 111.261833, -6.83519 ], [ 111.263275, -6.833796 ], [ 111.267075, -6.833466 ], [ 111.268768, -6.831834 ], [ 111.270706, -6.828482 ], [ 111.268669, -6.827936 ], [ 111.268982, -6.825867 ], [ 111.265556, -6.825057 ], [ 111.264321, -6.821968 ], [ 111.263397, -6.820029 ], [ 111.262649, -6.81815 ], [ 111.260796, -6.816932 ], [ 111.260231, -6.81439 ], [ 111.259247, -6.812436 ], [ 111.256859, -6.811876 ], [ 111.256042, -6.809877 ], [ 111.253311, -6.8078 ], [ 111.250175, -6.806169 ], [ 111.250488, -6.803971 ], [ 111.248756, -6.800926 ], [ 111.246643, -6.799727 ], [ 111.246414, -6.797702 ], [ 111.244659, -6.796374 ], [ 111.244476, -6.794336 ], [ 111.245255, -6.792423 ], [ 111.246963, -6.791144 ], [ 111.246818, -6.786908 ], [ 111.247871, -6.785113 ], [ 111.249069, -6.783034 ], [ 111.248581, -6.780843 ], [ 111.247375, -6.77919 ], [ 111.245606, -6.777977 ], [ 111.243523, -6.777486 ], [ 111.244148, -6.775475 ], [ 111.24572, -6.774093 ], [ 111.245514, -6.771865 ], [ 111.246636, -6.77017 ], [ 111.246231, -6.76795 ], [ 111.246223, -6.765756 ], [ 111.245895, -6.763746 ], [ 111.244659, -6.762145 ], [ 111.243965, -6.760213 ], [ 111.241142, -6.758854 ], [ 111.23732, -6.7577 ], [ 111.238502, -6.753563 ], [ 111.237404, -6.75017 ], [ 111.238434, -6.746315 ], [ 111.239128, -6.740613 ], [ 111.23922, -6.736016 ], [ 111.240387, -6.726891 ], [ 111.241295, -6.721252 ], [ 111.24266, -6.717295 ], [ 111.243332, -6.71536 ], [ 111.243904, -6.711448 ], [ 111.243614, -6.708457 ], [ 111.242569, -6.704718 ], [ 111.241241, -6.701785 ], [ 111.239517, -6.69891 ], [ 111.237671, -6.696207 ], [ 111.235077, -6.692297 ], [ 111.234685, -6.687161 ], [ 111.235376, -6.687407 ], [ 111.23569, -6.687546 ], [ 111.235865, -6.688106 ], [ 111.237053, -6.688715 ], [ 111.238033, -6.68912 ], [ 111.23826, -6.689211 ], [ 111.238396, -6.689256 ], [ 111.239395, -6.689775 ], [ 111.240726, -6.690802 ], [ 111.240998, -6.690927 ], [ 111.241844, -6.691161 ], [ 111.242248, -6.691256 ], [ 111.242578, -6.691438 ], [ 111.242691, -6.691518 ], [ 111.242964, -6.691586 ], [ 111.243078, -6.691881 ], [ 111.243112, -6.692427 ], [ 111.243271, -6.692472 ], [ 111.243759, -6.692495 ], [ 111.24634, -6.692455 ], [ 111.246451, -6.692399 ], [ 111.246507, -6.692284 ], [ 111.246596, -6.692177 ], [ 111.246729, -6.692173 ], [ 111.246976, -6.692186 ], [ 111.247365, -6.692216 ], [ 111.247536, -6.692203 ], [ 111.247665, -6.69243 ], [ 111.248183, -6.692464 ], [ 111.24843, -6.692412 ], [ 111.248574, -6.692334 ], [ 111.249043, -6.692125 ], [ 111.249421, -6.691982 ], [ 111.249981, -6.691825 ], [ 111.251267, -6.691606 ], [ 111.251519, -6.691369 ], [ 111.251793, -6.691239 ], [ 111.252939, -6.690809 ], [ 111.253851, -6.690627 ], [ 111.253929, -6.690522 ], [ 111.253773, -6.690092 ], [ 111.253877, -6.689988 ], [ 111.254073, -6.689923 ], [ 111.254386, -6.689806 ], [ 111.254715, -6.689643 ], [ 111.255037, -6.689402 ], [ 111.255363, -6.689532 ], [ 111.25578, -6.689519 ], [ 111.256288, -6.689376 ], [ 111.256866, -6.688976 ], [ 111.257565, -6.688216 ], [ 111.257774, -6.687747 ], [ 111.25763, -6.687343 ], [ 111.257761, -6.68716 ], [ 111.257956, -6.687186 ], [ 111.258507, -6.687581 ], [ 111.259368, -6.688293 ], [ 111.259588, -6.688435 ], [ 111.259929, -6.688641 ], [ 111.260447, -6.688932 ], [ 111.260704, -6.688951 ], [ 111.260836, -6.688946 ], [ 111.260915, -6.688974 ], [ 111.261914, -6.689423 ], [ 111.262152, -6.689542 ], [ 111.262414, -6.689601 ], [ 111.262649, -6.689619 ], [ 111.262914, -6.689553 ], [ 111.263152, -6.689625 ], [ 111.263521, -6.68966 ], [ 111.265152, -6.690205 ], [ 111.267117, -6.690884 ], [ 111.26752, -6.691005 ], [ 111.267753, -6.690955 ], [ 111.26897, -6.691193 ], [ 111.269587, -6.691273 ], [ 111.269867, -6.691131 ], [ 111.272156, -6.691155 ], [ 111.273159, -6.69112 ], [ 111.274404, -6.691186 ], [ 111.274896, -6.690366 ], [ 111.27523, -6.690002 ], [ 111.275912, -6.689645 ], [ 111.276338, -6.689449 ], [ 111.277146, -6.689234 ], [ 111.278869, -6.688658 ], [ 111.279213, -6.688611 ], [ 111.282356, -6.688431 ], [ 111.284691, -6.688048 ], [ 111.28772, -6.687523 ], [ 111.289414, -6.687024 ], [ 111.290222, -6.687014 ], [ 111.291429, -6.687294 ], [ 111.292694, -6.68778 ], [ 111.293698, -6.688293 ], [ 111.294823, -6.689086 ], [ 111.296585, -6.690584 ], [ 111.297072, -6.690698 ], [ 111.297284, -6.690925 ], [ 111.297617, -6.691183 ], [ 111.298161, -6.691122 ], [ 111.298554, -6.691425 ], [ 111.300011, -6.692643 ], [ 111.302177, -6.694209 ], [ 111.3044, -6.695789 ], [ 111.304473, -6.695841 ], [ 111.304592, -6.695893 ], [ 111.304718, -6.695952 ], [ 111.305344, -6.696585 ], [ 111.305525, -6.696646 ], [ 111.305604, -6.696536 ], [ 111.306084, -6.696868 ], [ 111.306475, -6.69703 ], [ 111.306926, -6.697237 ], [ 111.307229, -6.697333 ], [ 111.307554, -6.697311 ], [ 111.309029, -6.697818 ], [ 111.311058, -6.698245 ], [ 111.311631, -6.69836 ], [ 111.313301, -6.698185 ], [ 111.315001, -6.698132 ], [ 111.316063, -6.697899 ], [ 111.317, -6.69739 ], [ 111.317513, -6.697218 ], [ 111.318863, -6.697068 ], [ 111.319683, -6.697247 ], [ 111.321022, -6.69774 ], [ 111.32312, -6.698424 ], [ 111.325104, -6.699203 ], [ 111.327705, -6.700116 ], [ 111.3302, -6.700851 ], [ 111.331256, -6.701286 ], [ 111.33167, -6.701458 ], [ 111.331947, -6.701608 ], [ 111.332604, -6.702074 ], [ 111.33274, -6.702172 ], [ 111.332982, -6.702229 ], [ 111.333234, -6.701942 ], [ 111.333487, -6.70185 ], [ 111.334028, -6.701551 ], [ 111.334454, -6.701332 ], [ 111.334798, -6.701309 ], [ 111.335175, -6.70137 ], [ 111.336266, -6.701739 ], [ 111.33698, -6.701858 ], [ 111.337417, -6.701145 ], [ 111.338027, -6.701263 ], [ 111.337884, -6.701763 ], [ 111.340218, -6.702476 ], [ 111.340882, -6.702929 ], [ 111.341406, -6.702881 ], [ 111.341929, -6.702739 ], [ 111.342438, -6.702805 ], [ 111.343095, -6.703072 ], [ 111.343571, -6.703191 ], [ 111.343904, -6.702929 ], [ 111.344788, -6.702978 ], [ 111.346992, -6.703302 ], [ 111.349861, -6.703428 ], [ 111.350971, -6.703405 ], [ 111.35178, -6.703524 ], [ 111.35247, -6.703892 ], [ 111.354462, -6.704449 ], [ 111.355468, -6.7045 ], [ 111.35692, -6.704666 ], [ 111.357324, -6.704595 ], [ 111.357521, -6.704422 ], [ 111.358157, -6.703928 ], [ 111.359061, -6.703548 ], [ 111.359657, -6.703301 ], [ 111.360156, -6.703262 ], [ 111.361108, -6.703595 ], [ 111.3619, -6.703558 ], [ 111.363998, -6.702769 ], [ 111.365671, -6.70249 ], [ 111.366321, -6.702443 ], [ 111.366867, -6.70253 ], [ 111.367165, -6.702672 ], [ 111.36753, -6.703094 ], [ 111.368079, -6.702886 ], [ 111.36832, -6.702815 ], [ 111.368446, -6.702853 ], [ 111.369147, -6.703364 ], [ 111.369574, -6.703512 ], [ 111.370225, -6.703233 ], [ 111.370449, -6.702975 ], [ 111.370529, -6.702496 ], [ 111.370682, -6.70233 ], [ 111.37086, -6.702174 ], [ 111.371316, -6.702029 ], [ 111.371717, -6.701896 ], [ 111.372452, -6.701787 ], [ 111.372862, -6.701562 ], [ 111.373241, -6.701406 ], [ 111.373841, -6.701273 ], [ 111.374409, -6.701329 ], [ 111.375, -6.701359 ], [ 111.376074, -6.701292 ], [ 111.376524, -6.701359 ], [ 111.376974, -6.701392 ], [ 111.377123, -6.701542 ], [ 111.377235, -6.70173 ], [ 111.377723, -6.701742 ], [ 111.378106, -6.701792 ], [ 111.378239, -6.701875 ], [ 111.378339, -6.702091 ], [ 111.378573, -6.702091 ], [ 111.379122, -6.702091 ], [ 111.379455, -6.702041 ], [ 111.379872, -6.702075 ], [ 111.380022, -6.702058 ], [ 111.380255, -6.702441 ], [ 111.380463, -6.702767 ], [ 111.380738, -6.702708 ], [ 111.380938, -6.702425 ], [ 111.381188, -6.702208 ], [ 111.381171, -6.701825 ], [ 111.381088, -6.701275 ], [ 111.381787, -6.700776 ], [ 111.382866, -6.699935 ], [ 111.382601, -6.699127 ], [ 111.383707, -6.698444 ], [ 111.384989, -6.698092 ], [ 111.385096, -6.697926 ], [ 111.385086, -6.697795 ], [ 111.385171, -6.697533 ], [ 111.385346, -6.697343 ], [ 111.385536, -6.697247 ], [ 111.385715, -6.697378 ], [ 111.385858, -6.697592 ], [ 111.385905, -6.697759 ], [ 111.385905, -6.698021 ], [ 111.385941, -6.698294 ], [ 111.38604, -6.698516 ], [ 111.386322, -6.698604 ], [ 111.386655, -6.698604 ], [ 111.387012, -6.698592 ], [ 111.387773, -6.698711 ], [ 111.38857, -6.698413 ], [ 111.389296, -6.697949 ], [ 111.38941, -6.697819 ], [ 111.389415, -6.6977 ], [ 111.389629, -6.697521 ], [ 111.39039, -6.697081 ], [ 111.390819, -6.69676 ], [ 111.39064, -6.696427 ], [ 111.391247, -6.696153 ], [ 111.391556, -6.696165 ], [ 111.391866, -6.696248 ], [ 111.391973, -6.696379 ], [ 111.392265, -6.696376 ], [ 111.392981, -6.695578 ], [ 111.393143, -6.695392 ], [ 111.393399, -6.695067 ], [ 111.393933, -6.694695 ], [ 111.394699, -6.694275 ], [ 111.399185, -6.69244 ], [ 111.401535, -6.691903 ], [ 111.404411, -6.69078 ], [ 111.407318, -6.689485 ], [ 111.409668, -6.688125 ], [ 111.411652, -6.687075 ], [ 111.413613, -6.685513 ], [ 111.415428, -6.684389 ], [ 111.417396, -6.683616 ], [ 111.420021, -6.682648 ], [ 111.422584, -6.681782 ], [ 111.42415, -6.681528 ], [ 111.425057, -6.681528 ], [ 111.425705, -6.680782 ], [ 111.426135, -6.68028 ], [ 111.428291, -6.678975 ], [ 111.435135, -6.675483 ], [ 111.43763, -6.674315 ], [ 111.439934, -6.673037 ], [ 111.442024, -6.672284 ], [ 111.442312, -6.672044 ], [ 111.442658, -6.671202 ], [ 111.443154, -6.670683 ], [ 111.443772, -6.670212 ], [ 111.445755, -6.669523 ], [ 111.447945, -6.66902 ], [ 111.450119, -6.668503 ], [ 111.453773, -6.667441 ], [ 111.456268, -6.666552 ], [ 111.45813, -6.665792 ], [ 111.459002, -6.665394 ], [ 111.46073, -6.665113 ], [ 111.461464, -6.664837 ], [ 111.461792, -6.664481 ], [ 111.461535, -6.663601 ], [ 111.462169, -6.662737 ], [ 111.46267, -6.662296 ], [ 111.463523, -6.66159 ], [ 111.464032, -6.661275 ], [ 111.464325, -6.661217 ], [ 111.464729, -6.66148 ], [ 111.466135, -6.660139 ], [ 111.466545, -6.6595 ], [ 111.467185, -6.658052 ], [ 111.4673, -6.657499 ], [ 111.467018, -6.653963 ], [ 111.467157, -6.653022 ], [ 111.46713, -6.652428 ], [ 111.467026, -6.651784 ], [ 111.466729, -6.649278 ], [ 111.466527, -6.648567 ], [ 111.466356, -6.648103 ], [ 111.46596, -6.647546 ], [ 111.465928, -6.647633 ], [ 111.465734, -6.647315 ], [ 111.46562, -6.646809 ], [ 111.465444, -6.646279 ], [ 111.46537, -6.645632 ], [ 111.465223, -6.645107 ], [ 111.464919, -6.645035 ], [ 111.464655, -6.644653 ], [ 111.464712, -6.644455 ], [ 111.464584, -6.643674 ], [ 111.46481, -6.641339 ], [ 111.465074, -6.641076 ], [ 111.46534, -6.640975 ], [ 111.465829, -6.641058 ], [ 111.466111, -6.64097 ], [ 111.466374, -6.640812 ], [ 111.466498, -6.640812 ], [ 111.466779, -6.640671 ], [ 111.467007, -6.640478 ], [ 111.467888, -6.639847 ], [ 111.469152, -6.638826 ], [ 111.470575, -6.638017 ], [ 111.4711, -6.637567 ], [ 111.471402, -6.637209 ], [ 111.471577, -6.636734 ], [ 111.471437, -6.636154 ], [ 111.471576, -6.636086 ], [ 111.472144, -6.635859 ], [ 111.473001, -6.635398 ], [ 111.473587, -6.634864 ], [ 111.47506, -6.63364 ], [ 111.476399, -6.632796 ], [ 111.477119, -6.631744 ], [ 111.477572, -6.630952 ], [ 111.477762, -6.630301 ], [ 111.478172, -6.629863 ], [ 111.478795, -6.629312 ], [ 111.479015, -6.628917 ], [ 111.4804, -6.628322 ], [ 111.480699, -6.628195 ], [ 111.480948, -6.62784 ], [ 111.481234, -6.627401 ], [ 111.482513, -6.627408 ], [ 111.483189, -6.627225 ], [ 111.483711, -6.626908 ], [ 111.483783, -6.6265 ], [ 111.484489, -6.626437 ], [ 111.486511, -6.625881 ], [ 111.488177, -6.625445 ], [ 111.488814, -6.625445 ], [ 111.489121, -6.625247 ], [ 111.489487, -6.625 ], [ 111.489847, -6.6245 ], [ 111.490132, -6.623907 ], [ 111.489746, -6.622861 ], [ 111.489759, -6.622105 ], [ 111.489869, -6.621468 ], [ 111.490585, -6.620932 ], [ 111.491055, -6.620655 ], [ 111.491604, -6.620611 ], [ 111.492242, -6.620567 ], [ 111.492683, -6.62067 ], [ 111.493032, -6.621183 ], [ 111.493485, -6.621757 ], [ 111.493823, -6.621908 ], [ 111.494057, -6.622502 ], [ 111.494197, -6.623292 ], [ 111.494637, -6.623665 ], [ 111.495889, -6.623204 ], [ 111.496636, -6.623336 ], [ 111.497498, -6.624106 ], [ 111.498052, -6.624731 ], [ 111.498679, -6.625181 ], [ 111.499908, -6.62669 ], [ 111.50092, -6.627554 ], [ 111.501976, -6.628201 ], [ 111.5027, -6.628763 ], [ 111.503822, -6.629241 ], [ 111.505051, -6.629861 ], [ 111.505775, -6.630527 ], [ 111.507797, -6.631641 ], [ 111.509697, -6.632493 ], [ 111.511818, -6.633165 ], [ 111.513005, -6.633223 ], [ 111.513884, -6.632915 ], [ 111.515114, -6.632893 ], [ 111.515823, -6.632799 ], [ 111.517443, -6.631707 ], [ 111.518058, -6.631839 ], [ 111.518475, -6.631795 ], [ 111.518913, -6.631565 ], [ 111.519289, -6.631355 ], [ 111.519574, -6.631355 ], [ 111.519794, -6.631575 ], [ 111.520409, -6.631663 ], [ 111.520717, -6.631619 ], [ 111.520958, -6.631366 ], [ 111.521112, -6.630608 ], [ 111.521749, -6.630235 ], [ 111.522995, -6.630311 ], [ 111.523924, -6.630433 ], [ 111.52421, -6.630235 ], [ 111.524847, -6.630081 ], [ 111.525238, -6.63013 ], [ 111.525594, -6.62962 ], [ 111.525924, -6.629664 ], [ 111.526254, -6.629839 ], [ 111.527657, -6.630135 ], [ 111.528057, -6.630253 ], [ 111.528824, -6.630213 ], [ 111.529044, -6.630081 ], [ 111.531235, -6.631189 ], [ 111.531703, -6.631553 ], [ 111.533707, -6.63246 ], [ 111.534756, -6.632784 ], [ 111.535855, -6.633267 ], [ 111.536652, -6.633473 ], [ 111.538865, -6.634058 ], [ 111.539917, -6.634424 ], [ 111.540865, -6.634827 ], [ 111.542068, -6.634963 ], [ 111.543369, -6.635332 ], [ 111.545448, -6.636016 ], [ 111.548584, -6.637041 ], [ 111.551086, -6.637433 ], [ 111.551631, -6.637376 ], [ 111.553938, -6.637969 ], [ 111.554932, -6.637988 ], [ 111.555981, -6.638123 ], [ 111.557255, -6.638518 ], [ 111.559273, -6.639353 ], [ 111.559958, -6.639595 ], [ 111.560793, -6.639639 ], [ 111.561079, -6.639617 ], [ 111.56165, -6.639331 ], [ 111.561981, -6.639276 ], [ 111.562595, -6.639463 ], [ 111.563957, -6.641309 ], [ 111.564621, -6.641891 ], [ 111.566315, -6.643879 ], [ 111.567978, -6.645254 ], [ 111.568988, -6.645966 ], [ 111.569832, -6.646672 ], [ 111.571366, -6.648136 ], [ 111.571888, -6.648427 ], [ 111.573639, -6.650306 ], [ 111.575295, -6.651767 ], [ 111.576691, -6.65328 ], [ 111.578583, -6.655166 ], [ 111.579337, -6.655788 ], [ 111.580049, -6.656523 ], [ 111.580831, -6.65693 ], [ 111.581578, -6.657721 ], [ 111.581798, -6.657963 ], [ 111.581806, -6.658151 ], [ 111.582291, -6.6586 ], [ 111.582918, -6.658864 ], [ 111.584, -6.659978 ], [ 111.5858, -6.661496 ], [ 111.587517, -6.662929 ], [ 111.589012, -6.664296 ], [ 111.591561, -6.66646 ], [ 111.593445, -6.668081 ], [ 111.596092, -6.670844 ], [ 111.597725, -6.672387 ], [ 111.59977, -6.674271 ], [ 111.60141, -6.675688 ], [ 111.604386, -6.678258 ], [ 111.606339, -6.680051 ], [ 111.608597, -6.681939 ], [ 111.610146, -6.683414 ], [ 111.612038, -6.685094 ], [ 111.61367, -6.686595 ], [ 111.615326, -6.688206 ], [ 111.617432, -6.690079 ], [ 111.619041, -6.691624 ], [ 111.620987, -6.693433 ], [ 111.623428, -6.695731 ], [ 111.624269, -6.696413 ], [ 111.625, -6.697203 ], [ 111.626839, -6.698676 ], [ 111.627541, -6.699459 ], [ 111.629196, -6.701076 ], [ 111.630189, -6.701856 ], [ 111.631168, -6.702521 ], [ 111.632045, -6.703314 ], [ 111.632843, -6.70394 ], [ 111.633936, -6.704894 ], [ 111.634911, -6.70602 ], [ 111.636772, -6.707975 ], [ 111.638155, -6.709289 ], [ 111.63929, -6.710125 ], [ 111.639272, -6.710195 ], [ 111.639891, -6.710607 ], [ 111.642281, -6.712015 ], [ 111.64312, -6.712738 ], [ 111.644142, -6.713684 ], [ 111.645647, -6.714935 ], [ 111.647133, -6.716392 ], [ 111.649323, -6.718506 ], [ 111.650963, -6.719891 ], [ 111.651733, -6.720648 ], [ 111.652942, -6.721417 ], [ 111.653603, -6.722042 ], [ 111.655594, -6.723724 ], [ 111.657288, -6.72518 ], [ 111.65873, -6.726692 ], [ 111.662186, -6.729866 ], [ 111.664505, -6.731861 ], [ 111.666344, -6.733369 ], [ 111.668663, -6.73523 ], [ 111.669552, -6.736094 ], [ 111.672028, -6.737913 ], [ 111.673584, -6.739389 ], [ 111.674232, -6.739697 ], [ 111.676224, -6.741278 ], [ 111.678329, -6.743046 ], [ 111.678758, -6.743322 ], [ 111.679199, -6.743777 ], [ 111.681, -6.745302 ], [ 111.683403, -6.747193 ], [ 111.685967, -6.749391 ], [ 111.688599, -6.751308 ], [ 111.690605, -6.753127 ], [ 111.688942, -6.757759 ], [ 111.688423, -6.760142 ], [ 111.688294, -6.762151 ], [ 111.686997, -6.764265 ], [ 111.686386, -6.766173 ], [ 111.685761, -6.768116 ], [ 111.682961, -6.770517 ], [ 111.680801, -6.77116 ], [ 111.678665, -6.770662 ], [ 111.676857, -6.771703 ], [ 111.676208, -6.773722 ], [ 111.674606, -6.775031 ], [ 111.673386, -6.773293 ], [ 111.674705, -6.771504 ], [ 111.674095, -6.769538 ], [ 111.671616, -6.769825 ], [ 111.670921, -6.767692 ], [ 111.671669, -6.764127 ], [ 111.66864, -6.765751 ], [ 111.666946, -6.767002 ], [ 111.665733, -6.768639 ], [ 111.662872, -6.771328 ], [ 111.662628, -6.773658 ], [ 111.661964, -6.77591 ], [ 111.660606, -6.777709 ], [ 111.660156, -6.780141 ], [ 111.659904, -6.782139 ], [ 111.660919, -6.784329 ], [ 111.662338, -6.786242 ], [ 111.663551, -6.788608 ], [ 111.664177, -6.79069 ], [ 111.664032, -6.79271 ], [ 111.663978, -6.795025 ], [ 111.664299, -6.797287 ], [ 111.662247, -6.797942 ], [ 111.66182, -6.799963 ], [ 111.661347, -6.802062 ], [ 111.663071, -6.803255 ], [ 111.665299, -6.804256 ], [ 111.667259, -6.805253 ], [ 111.668678, -6.806946 ], [ 111.669273, -6.808889 ], [ 111.668045, -6.812483 ], [ 111.667717, -6.814791 ], [ 111.668129, -6.817346 ], [ 111.668129, -6.819654 ], [ 111.669113, -6.824763 ], [ 111.670929, -6.826658 ], [ 111.672905, -6.829873 ], [ 111.671921, -6.832345 ], [ 111.669525, -6.833828 ], [ 111.667221, -6.835723 ], [ 111.664497, -6.837125 ], [ 111.66079, -6.83663 ], [ 111.658653, -6.835559 ], [ 111.65667, -6.834817 ], [ 111.654694, -6.834487 ], [ 111.651642, -6.835394 ], [ 111.648674, -6.836465 ], [ 111.645218, -6.835641 ], [ 111.64357, -6.833004 ], [ 111.642082, -6.830285 ], [ 111.639862, -6.829296 ], [ 111.637054, -6.828636 ], [ 111.631821, -6.826716 ], [ 111.627144, -6.824211 ], [ 111.621735, -6.822694 ] ] ] } },
{ "type": "Feature", "properties": { "STATISTIK": "3322", "KABUPATEN": "SEMARANG", "PROPINSI": "JAWA TENGAH", "LUAS_KM2": "74.4902", "DATA": "BAKOSURTANAL, BPS" }, "geometry": { "type": "Polygon", "coordinates": [ [ [ 110.619431, -7.446874 ], [ 110.621231, -7.448011 ], [ 110.621979, -7.450065 ], [ 110.621414, -7.452052 ], [ 110.621323, -7.454136 ], [ 110.623161, -7.455221 ], [ 110.62545, -7.45352 ], [ 110.627579, -7.45293 ], [ 110.629578, -7.452538 ], [ 110.631783, -7.452164 ], [ 110.633797, -7.451594 ], [ 110.635842, -7.451342 ], [ 110.638054, -7.451854 ], [ 110.637512, -7.45555 ], [ 110.635223, -7.456537 ], [ 110.632698, -7.457322 ], [ 110.631706, -7.459122 ], [ 110.630829, -7.462125 ], [ 110.629364, -7.464815 ], [ 110.631172, -7.466042 ], [ 110.634232, -7.467723 ], [ 110.634934, -7.469995 ], [ 110.636848, -7.471494 ], [ 110.639229, -7.472427 ], [ 110.64138, -7.470371 ], [ 110.643989, -7.470346 ], [ 110.647346, -7.468218 ], [ 110.648872, -7.469564 ], [ 110.650551, -7.470656 ], [ 110.652351, -7.471723 ], [ 110.655869, -7.472309 ], [ 110.658356, -7.471601 ], [ 110.660957, -7.471679 ], [ 110.661369, -7.474859 ], [ 110.659424, -7.478503 ], [ 110.657234, -7.47982 ], [ 110.656494, -7.482458 ], [ 110.654221, -7.483651 ], [ 110.65435, -7.485995 ], [ 110.656288, -7.486822 ], [ 110.657936, -7.488244 ], [ 110.658272, -7.490426 ], [ 110.659363, -7.492736 ], [ 110.660477, -7.494538 ], [ 110.661125, -7.496549 ], [ 110.658211, -7.496769 ], [ 110.656075, -7.496108 ], [ 110.653633, -7.495547 ], [ 110.651169, -7.493871 ], [ 110.649414, -7.492601 ], [ 110.646904, -7.492955 ], [ 110.645088, -7.49483 ], [ 110.643417, -7.493504 ], [ 110.641266, -7.495081 ], [ 110.639259, -7.494927 ], [ 110.637024, -7.493758 ], [ 110.634048, -7.491574 ], [ 110.632141, -7.490177 ], [ 110.6297, -7.491088 ], [ 110.627403, -7.491898 ], [ 110.624771, -7.491559 ], [ 110.62262, -7.491339 ], [ 110.620957, -7.490052 ], [ 110.619057, -7.488885 ], [ 110.617012, -7.488492 ], [ 110.614532, -7.489491 ], [ 110.612503, -7.489316 ], [ 110.610779, -7.487996 ], [ 110.608719, -7.48795 ], [ 110.606613, -7.488537 ], [ 110.604775, -7.489559 ], [ 110.602539, -7.488829 ], [ 110.601143, -7.48639 ], [ 110.599571, -7.485096 ], [ 110.597458, -7.484771 ], [ 110.595497, -7.483538 ], [ 110.594368, -7.481875 ], [ 110.592659, -7.47995 ], [ 110.59079, -7.478328 ], [ 110.590752, -7.476008 ], [ 110.589302, -7.474068 ], [ 110.587372, -7.473543 ], [ 110.585694, -7.472095 ], [ 110.584068, -7.470386 ], [ 110.582909, -7.468572 ], [ 110.581528, -7.466681 ], [ 110.582527, -7.462652 ], [ 110.584694, -7.462738 ], [ 110.584854, -7.46036 ], [ 110.584648, -7.458251 ], [ 110.5839, -7.456081 ], [ 110.583267, -7.454172 ], [ 110.583611, -7.45211 ], [ 110.580582, -7.449923 ], [ 110.580658, -7.447906 ], [ 110.580399, -7.445475 ], [ 110.577393, -7.445373 ], [ 110.576523, -7.443475 ], [ 110.57415, -7.443722 ], [ 110.570564, -7.442638 ], [ 110.574516, -7.441498 ], [ 110.574661, -7.439193 ], [ 110.57518, -7.43702 ], [ 110.576698, -7.4355 ], [ 110.575592, -7.431776 ], [ 110.575279, -7.42759 ], [ 110.57148, -7.427346 ], [ 110.570221, -7.430564 ], [ 110.567993, -7.429558 ], [ 110.567078, -7.427492 ], [ 110.565132, -7.426904 ], [ 110.563911, -7.42887 ], [ 110.562897, -7.431428 ], [ 110.561905, -7.433207 ], [ 110.561493, -7.437264 ], [ 110.560768, -7.439652 ], [ 110.560219, -7.441714 ], [ 110.560348, -7.443838 ], [ 110.559204, -7.445949 ], [ 110.558502, -7.448306 ], [ 110.554665, -7.448666 ], [ 110.551598, -7.447337 ], [ 110.549561, -7.446977 ], [ 110.549225, -7.444879 ], [ 110.550964, -7.44294 ], [ 110.55294, -7.442286 ], [ 110.552658, -7.440189 ], [ 110.548347, -7.439052 ], [ 110.545425, -7.438448 ], [ 110.542671, -7.437844 ], [ 110.540382, -7.436602 ], [ 110.537361, -7.434565 ], [ 110.535446, -7.433806 ], [ 110.53305, -7.433384 ], [ 110.530754, -7.4333 ], [ 110.528954, -7.434438 ], [ 110.52697, -7.435648 ], [ 110.524528, -7.43622 ], [ 110.522484, -7.436978 ], [ 110.520554, -7.437869 ], [ 110.518387, -7.43829 ], [ 110.516594, -7.437201 ], [ 110.516106, -7.43514 ], [ 110.515282, -7.433102 ], [ 110.514107, -7.430585 ], [ 110.513069, -7.428697 ], [ 110.512703, -7.426587 ], [ 110.512489, -7.424333 ], [ 110.512489, -7.422306 ], [ 110.511474, -7.420551 ], [ 110.51223, -7.418592 ], [ 110.514305, -7.417969 ], [ 110.515945, -7.41617 ], [ 110.514176, -7.414956 ], [ 110.511963, -7.414922 ], [ 110.509842, -7.414336 ], [ 110.508835, -7.412575 ], [ 110.50692, -7.411941 ], [ 110.505867, -7.410204 ], [ 110.506462, -7.406689 ], [ 110.504288, -7.40702 ], [ 110.502281, -7.40789 ], [ 110.501457, -7.410023 ], [ 110.500595, -7.412205 ], [ 110.498016, -7.41294 ], [ 110.49482, -7.412529 ], [ 110.490791, -7.411544 ], [ 110.488167, -7.410641 ], [ 110.48439, -7.408834 ], [ 110.481758, -7.406946 ], [ 110.47979, -7.405386 ], [ 110.475654, -7.405631 ], [ 110.470467, -7.406641 ], [ 110.466057, -7.408515 ], [ 110.463981, -7.410303 ], [ 110.462052, -7.412374 ], [ 110.458542, -7.418439 ], [ 110.456047, -7.421124 ], [ 110.452888, -7.423939 ], [ 110.449669, -7.42716 ], [ 110.447517, -7.431039 ], [ 110.446579, -7.434499 ], [ 110.445892, -7.438849 ], [ 110.445633, -7.44237 ], [ 110.445358, -7.445596 ], [ 110.444359, -7.447916 ], [ 110.441681, -7.447906 ], [ 110.440521, -7.44595 ], [ 110.438331, -7.443362 ], [ 110.436249, -7.441408 ], [ 110.429909, -7.435525 ], [ 110.428169, -7.432725 ], [ 110.426262, -7.429446 ], [ 110.424988, -7.427202 ], [ 110.42054, -7.421596 ], [ 110.41909, -7.419265 ], [ 110.418274, -7.416041 ], [ 110.417236, -7.413509 ], [ 110.414047, -7.407583 ], [ 110.412483, -7.403957 ], [ 110.411034, -7.400274 ], [ 110.408836, -7.396131 ], [ 110.407387, -7.391526 ], [ 110.407494, -7.388876 ], [ 110.407356, -7.382542 ], [ 110.406944, -7.378396 ], [ 110.407044, -7.37396 ], [ 110.406227, -7.370564 ], [ 110.403221, -7.364868 ], [ 110.40062, -7.360668 ], [ 110.398651, -7.358426 ], [ 110.396576, -7.356183 ], [ 110.39444, -7.354344 ], [ 110.387413, -7.351189 ], [ 110.384873, -7.349811 ], [ 110.38279, -7.345726 ], [ 110.382324, -7.343769 ], [ 110.38237, -7.340774 ], [ 110.382248, -7.337376 ], [ 110.381599, -7.333979 ], [ 110.37941, -7.331794 ], [ 110.376472, -7.330878 ], [ 110.366623, -7.329283 ], [ 110.364075, -7.328537 ], [ 110.361732, -7.327852 ], [ 110.358215, -7.326591 ], [ 110.356087, -7.325847 ], [ 110.353432, -7.324699 ], [ 110.35038, -7.324187 ], [ 110.346931, -7.324193 ], [ 110.341347, -7.323915 ], [ 110.338974, -7.323154 ], [ 110.336838, -7.32247 ], [ 110.335976, -7.31991 ], [ 110.334709, -7.318204 ], [ 110.331291, -7.31522 ], [ 110.32959, -7.313507 ], [ 110.327881, -7.312228 ], [ 110.325882, -7.310985 ], [ 110.32415, -7.309721 ], [ 110.319496, -7.307081 ], [ 110.324196, -7.305228 ], [ 110.326553, -7.304648 ], [ 110.332642, -7.301066 ], [ 110.334541, -7.299277 ], [ 110.335678, -7.296396 ], [ 110.333717, -7.294959 ], [ 110.331192, -7.294076 ], [ 110.328819, -7.29324 ], [ 110.325416, -7.290079 ], [ 110.324043, -7.288366 ], [ 110.321724, -7.285478 ], [ 110.32074, -7.283694 ], [ 110.317795, -7.281223 ], [ 110.309967, -7.278438 ], [ 110.309273, -7.276108 ], [ 110.31044, -7.27352 ], [ 110.307572, -7.271955 ], [ 110.305237, -7.270904 ], [ 110.302551, -7.27032 ], [ 110.2994, -7.269854 ], [ 110.297417, -7.267519 ], [ 110.296516, -7.265128 ], [ 110.295349, -7.262373 ], [ 110.293045, -7.260361 ], [ 110.290276, -7.259272 ], [ 110.288147, -7.25777 ], [ 110.286125, -7.256342 ], [ 110.281685, -7.252434 ], [ 110.279205, -7.250826 ], [ 110.276085, -7.246742 ], [ 110.275268, -7.242654 ], [ 110.275146, -7.240466 ], [ 110.274384, -7.237358 ], [ 110.272934, -7.233904 ], [ 110.270973, -7.231086 ], [ 110.269371, -7.228682 ], [ 110.268021, -7.226656 ], [ 110.265823, -7.22165 ], [ 110.262878, -7.217739 ], [ 110.260628, -7.216533 ], [ 110.256645, -7.213718 ], [ 110.2556, -7.210783 ], [ 110.254845, -7.207847 ], [ 110.252884, -7.205029 ], [ 110.251602, -7.200596 ], [ 110.25148, -7.198062 ], [ 110.251472, -7.195931 ], [ 110.251518, -7.192994 ], [ 110.251968, -7.189191 ], [ 110.25602, -7.19183 ], [ 110.258217, -7.193048 ], [ 110.260651, -7.194023 ], [ 110.262985, -7.194555 ], [ 110.265091, -7.194805 ], [ 110.267464, -7.194891 ], [ 110.26989, -7.194829 ], [ 110.271889, -7.194898 ], [ 110.274246, -7.195601 ], [ 110.276565, -7.195859 ], [ 110.27919, -7.195797 ], [ 110.281723, -7.194997 ], [ 110.2855, -7.193596 ], [ 110.286919, -7.190168 ], [ 110.288765, -7.191053 ], [ 110.290291, -7.192594 ], [ 110.292503, -7.193358 ], [ 110.294578, -7.194237 ], [ 110.296295, -7.195734 ], [ 110.298454, -7.19614 ], [ 110.300316, -7.195192 ], [ 110.302757, -7.194931 ], [ 110.305039, -7.195075 ], [ 110.307221, -7.194396 ], [ 110.309021, -7.19292 ], [ 110.311317, -7.193412 ], [ 110.313576, -7.193067 ], [ 110.315559, -7.193363 ], [ 110.317802, -7.193727 ], [ 110.319786, -7.194461 ], [ 110.320923, -7.196334 ], [ 110.322868, -7.197295 ], [ 110.32502, -7.196579 ], [ 110.32724, -7.19541 ], [ 110.329117, -7.194309 ], [ 110.331047, -7.193683 ], [ 110.333069, -7.192882 ], [ 110.334984, -7.192147 ], [ 110.337082, -7.192165 ], [ 110.33902, -7.19127 ], [ 110.34034, -7.189687 ], [ 110.343002, -7.18895 ], [ 110.34613, -7.186331 ], [ 110.347588, -7.184773 ], [ 110.349686, -7.182901 ], [ 110.352059, -7.182016 ], [ 110.354462, -7.180737 ], [ 110.356323, -7.179704 ], [ 110.358551, -7.178523 ], [ 110.360268, -7.177473 ], [ 110.362182, -7.17653 ], [ 110.364899, -7.176255 ], [ 110.365563, -7.173903 ], [ 110.364822, -7.171634 ], [ 110.364075, -7.169627 ], [ 110.361816, -7.169065 ], [ 110.359703, -7.169317 ], [ 110.35733, -7.169379 ], [ 110.354927, -7.168644 ], [ 110.353294, -7.167467 ], [ 110.351417, -7.166223 ], [ 110.349381, -7.165545 ], [ 110.349716, -7.162808 ], [ 110.349792, -7.159276 ], [ 110.351318, -7.154899 ], [ 110.351273, -7.151931 ], [ 110.35157, -7.149915 ], [ 110.352234, -7.147389 ], [ 110.352821, -7.144844 ], [ 110.353211, -7.142295 ], [ 110.353211, -7.140289 ], [ 110.353264, -7.137937 ], [ 110.353081, -7.135549 ], [ 110.352532, -7.133556 ], [ 110.352181, -7.131122 ], [ 110.352447, -7.129118 ], [ 110.352646, -7.12703 ], [ 110.35257, -7.125 ], [ 110.352738, -7.122997 ], [ 110.351349, -7.12138 ], [ 110.349449, -7.119915 ], [ 110.348862, -7.117712 ], [ 110.349922, -7.115508 ], [ 110.349404, -7.113422 ], [ 110.349357, -7.111354 ], [ 110.348884, -7.107162 ], [ 110.352432, -7.109205 ], [ 110.355698, -7.107566 ], [ 110.35778, -7.107029 ], [ 110.359703, -7.106348 ], [ 110.361702, -7.105123 ], [ 110.363861, -7.105925 ], [ 110.365898, -7.106691 ], [ 110.368668, -7.107255 ], [ 110.3703, -7.108982 ], [ 110.372803, -7.11034 ], [ 110.375, -7.110762 ], [ 110.377083, -7.110402 ], [ 110.379288, -7.110657 ], [ 110.381927, -7.110508 ], [ 110.383163, -7.112728 ], [ 110.385284, -7.113451 ], [ 110.387657, -7.113728 ], [ 110.389015, -7.115296 ], [ 110.390968, -7.114849 ], [ 110.393806, -7.114435 ], [ 110.396629, -7.114436 ], [ 110.398102, -7.112984 ], [ 110.399811, -7.111508 ], [ 110.401688, -7.108864 ], [ 110.404434, -7.110323 ], [ 110.40789, -7.109229 ], [ 110.41011, -7.108393 ], [ 110.41214, -7.108644 ], [ 110.414284, -7.108718 ], [ 110.416641, -7.10783 ], [ 110.41806, -7.106037 ], [ 110.420051, -7.104969 ], [ 110.421738, -7.103793 ], [ 110.421905, -7.101735 ], [ 110.421944, -7.099518 ], [ 110.422447, -7.096894 ], [ 110.424156, -7.095592 ], [ 110.425934, -7.094524 ], [ 110.427711, -7.092857 ], [ 110.430168, -7.091641 ], [ 110.43277, -7.091946 ], [ 110.434792, -7.091788 ], [ 110.436958, -7.090956 ], [ 110.439659, -7.090864 ], [ 110.441727, -7.091352 ], [ 110.444183, -7.091978 ], [ 110.445251, -7.090277 ], [ 110.447373, -7.0906 ], [ 110.449478, -7.089114 ], [ 110.451363, -7.089907 ], [ 110.453232, -7.088806 ], [ 110.454323, -7.086843 ], [ 110.455376, -7.084981 ], [ 110.454513, -7.082943 ], [ 110.452789, -7.079513 ], [ 110.455605, -7.079628 ], [ 110.457764, -7.079086 ], [ 110.459892, -7.079475 ], [ 110.462067, -7.079247 ], [ 110.463981, -7.079845 ], [ 110.466385, -7.079092 ], [ 110.468384, -7.079753 ], [ 110.470245, -7.080511 ], [ 110.472458, -7.08149 ], [ 110.474693, -7.082536 ], [ 110.476562, -7.083539 ], [ 110.477585, -7.085434 ], [ 110.482041, -7.083928 ], [ 110.482117, -7.090142 ], [ 110.48587, -7.091286 ], [ 110.489304, -7.089978 ], [ 110.492081, -7.090468 ], [ 110.494537, -7.092756 ], [ 110.496002, -7.094554 ], [ 110.498459, -7.097005 ], [ 110.500748, -7.09962 ], [ 110.500748, -7.103215 ], [ 110.500252, -7.106157 ], [ 110.500252, -7.108935 ], [ 110.50058, -7.11204 ], [ 110.501068, -7.114001 ], [ 110.501892, -7.116125 ], [ 110.504341, -7.119067 ], [ 110.506462, -7.121028 ], [ 110.510819, -7.12113 ], [ 110.513596, -7.1243 ], [ 110.513672, -7.127113 ], [ 110.514649, -7.129209 ], [ 110.516342, -7.130701 ], [ 110.518219, -7.131797 ], [ 110.520386, -7.133065 ], [ 110.522591, -7.132147 ], [ 110.524605, -7.1307 ], [ 110.526581, -7.129721 ], [ 110.528778, -7.130356 ], [ 110.530571, -7.131278 ], [ 110.5327, -7.130769 ], [ 110.535309, -7.13004 ], [ 110.538368, -7.128284 ], [ 110.54068, -7.128366 ], [ 110.544144, -7.12956 ], [ 110.545471, -7.131077 ], [ 110.547577, -7.131739 ], [ 110.547294, -7.133842 ], [ 110.547752, -7.135872 ], [ 110.549019, -7.137701 ], [ 110.551125, -7.137248 ], [ 110.553078, -7.138159 ], [ 110.555145, -7.138898 ], [ 110.553291, -7.141025 ], [ 110.551445, -7.142017 ], [ 110.550728, -7.14423 ], [ 110.54892, -7.145136 ], [ 110.547073, -7.146118 ], [ 110.545174, -7.147233 ], [ 110.545708, -7.149343 ], [ 110.546433, -7.151396 ], [ 110.544464, -7.152341 ], [ 110.542961, -7.154082 ], [ 110.541084, -7.156805 ], [ 110.54219, -7.161101 ], [ 110.543823, -7.162351 ], [ 110.545448, -7.163657 ], [ 110.545677, -7.165832 ], [ 110.545181, -7.16778 ], [ 110.543091, -7.168307 ], [ 110.541389, -7.16997 ], [ 110.53936, -7.170705 ], [ 110.537994, -7.17233 ], [ 110.534073, -7.17207 ], [ 110.535255, -7.175566 ], [ 110.537033, -7.176541 ], [ 110.537773, -7.178771 ], [ 110.538208, -7.181131 ], [ 110.540802, -7.183154 ], [ 110.542671, -7.180685 ], [ 110.544632, -7.18201 ], [ 110.544121, -7.184392 ], [ 110.544762, -7.186454 ], [ 110.544044, -7.188553 ], [ 110.544952, -7.190577 ], [ 110.546196, -7.192299 ], [ 110.545929, -7.194587 ], [ 110.548264, -7.194268 ], [ 110.550484, -7.194176 ], [ 110.552147, -7.193043 ], [ 110.5541, -7.192061 ], [ 110.554672, -7.190133 ], [ 110.554527, -7.187863 ], [ 110.556854, -7.187771 ], [ 110.557861, -7.189512 ], [ 110.558861, -7.191839 ], [ 110.560829, -7.192503 ], [ 110.561546, -7.188642 ], [ 110.563942, -7.191163 ], [ 110.565796, -7.189973 ], [ 110.566956, -7.192206 ], [ 110.568092, -7.193928 ], [ 110.570045, -7.192795 ], [ 110.570129, -7.189383 ], [ 110.573685, -7.191967 ], [ 110.575462, -7.193916 ], [ 110.576897, -7.196808 ], [ 110.579269, -7.198023 ], [ 110.579948, -7.200218 ], [ 110.582168, -7.199028 ], [ 110.58448, -7.199238 ], [ 110.586662, -7.198617 ], [ 110.586647, -7.196555 ], [ 110.588822, -7.196576 ], [ 110.589203, -7.19877 ], [ 110.589668, -7.201116 ], [ 110.591316, -7.203008 ], [ 110.592461, -7.20125 ], [ 110.591438, -7.199093 ], [ 110.594299, -7.199455 ], [ 110.596649, -7.199117 ], [ 110.599243, -7.199857 ], [ 110.601311, -7.199764 ], [ 110.601051, -7.197532 ], [ 110.600578, -7.195508 ], [ 110.603416, -7.194603 ], [ 110.606415, -7.194889 ], [ 110.60846, -7.196442 ], [ 110.610374, -7.198145 ], [ 110.613564, -7.197546 ], [ 110.612839, -7.199776 ], [ 110.61332, -7.20183 ], [ 110.6119, -7.203535 ], [ 110.611572, -7.20559 ], [ 110.612587, -7.207353 ], [ 110.61187, -7.209385 ], [ 110.612167, -7.211526 ], [ 110.613182, -7.213308 ], [ 110.61528, -7.2162 ], [ 110.616867, -7.217917 ], [ 110.618713, -7.216951 ], [ 110.620903, -7.216981 ], [ 110.62297, -7.217129 ], [ 110.625, -7.217803 ], [ 110.629967, -7.219512 ], [ 110.627411, -7.220869 ], [ 110.62722, -7.223091 ], [ 110.625923, -7.226899 ], [ 110.625656, -7.228933 ], [ 110.626045, -7.232926 ], [ 110.626183, -7.235238 ], [ 110.625999, -7.237397 ], [ 110.626289, -7.239748 ], [ 110.627037, -7.242281 ], [ 110.627175, -7.24432 ], [ 110.628235, -7.246706 ], [ 110.629532, -7.248609 ], [ 110.631187, -7.251153 ], [ 110.632958, -7.252712 ], [ 110.633942, -7.254881 ], [ 110.633911, -7.257459 ], [ 110.634934, -7.259587 ], [ 110.635475, -7.261669 ], [ 110.636345, -7.263498 ], [ 110.634994, -7.265217 ], [ 110.632912, -7.265392 ], [ 110.630607, -7.26595 ], [ 110.628738, -7.26761 ], [ 110.626068, -7.269255 ], [ 110.625, -7.271156 ], [ 110.625122, -7.273252 ], [ 110.624603, -7.27704 ], [ 110.624733, -7.279492 ], [ 110.624542, -7.281692 ], [ 110.624122, -7.284234 ], [ 110.622223, -7.285351 ], [ 110.619423, -7.285341 ], [ 110.617371, -7.286326 ], [ 110.615662, -7.285276 ], [ 110.612946, -7.283273 ], [ 110.610192, -7.286068 ], [ 110.609344, -7.288102 ], [ 110.607139, -7.288884 ], [ 110.604996, -7.289356 ], [ 110.601959, -7.291042 ], [ 110.601578, -7.293442 ], [ 110.601868, -7.295665 ], [ 110.602432, -7.297806 ], [ 110.603127, -7.300016 ], [ 110.602646, -7.302204 ], [ 110.60173, -7.304043 ], [ 110.60051, -7.306015 ], [ 110.59993, -7.308377 ], [ 110.599365, -7.31116 ], [ 110.599487, -7.313244 ], [ 110.59932, -7.315481 ], [ 110.602699, -7.317541 ], [ 110.599884, -7.320176 ], [ 110.598045, -7.321339 ], [ 110.599541, -7.323465 ], [ 110.601715, -7.325555 ], [ 110.60321, -7.326966 ], [ 110.60511, -7.328833 ], [ 110.607323, -7.332985 ], [ 110.610573, -7.334176 ], [ 110.612381, -7.335479 ], [ 110.614807, -7.333585 ], [ 110.617203, -7.332821 ], [ 110.619263, -7.331667 ], [ 110.621117, -7.330583 ], [ 110.623161, -7.330434 ], [ 110.625, -7.329347 ], [ 110.627167, -7.328117 ], [ 110.629494, -7.327374 ], [ 110.631561, -7.32739 ], [ 110.633827, -7.328165 ], [ 110.636345, -7.327852 ], [ 110.639671, -7.328806 ], [ 110.638176, -7.333053 ], [ 110.637298, -7.335602 ], [ 110.634758, -7.336602 ], [ 110.632759, -7.337188 ], [ 110.632286, -7.339479 ], [ 110.633782, -7.341756 ], [ 110.634453, -7.343692 ], [ 110.635727, -7.345669 ], [ 110.635239, -7.347674 ], [ 110.634232, -7.34945 ], [ 110.635345, -7.352143 ], [ 110.636146, -7.354736 ], [ 110.636437, -7.357486 ], [ 110.635597, -7.359305 ], [ 110.635842, -7.361754 ], [ 110.633759, -7.364445 ], [ 110.635033, -7.366275 ], [ 110.634804, -7.370949 ], [ 110.632286, -7.372192 ], [ 110.630607, -7.374168 ], [ 110.625191, -7.377773 ], [ 110.623787, -7.379514 ], [ 110.623017, -7.381404 ], [ 110.624779, -7.382502 ], [ 110.627228, -7.383555 ], [ 110.629097, -7.384326 ], [ 110.630058, -7.387544 ], [ 110.633049, -7.388179 ], [ 110.634727, -7.389559 ], [ 110.635025, -7.392093 ], [ 110.635322, -7.394254 ], [ 110.635322, -7.396377 ], [ 110.63472, -7.398724 ], [ 110.635353, -7.401295 ], [ 110.637367, -7.401967 ], [ 110.638077, -7.403868 ], [ 110.638077, -7.406699 ], [ 110.636284, -7.408001 ], [ 110.635384, -7.409901 ], [ 110.635567, -7.41236 ], [ 110.636352, -7.414298 ], [ 110.636337, -7.416362 ], [ 110.633804, -7.416891 ], [ 110.63211, -7.418441 ], [ 110.630425, -7.420655 ], [ 110.628128, -7.421272 ], [ 110.62809, -7.423828 ], [ 110.629921, -7.425543 ], [ 110.631447, -7.427556 ], [ 110.631256, -7.43035 ], [ 110.631142, -7.432883 ], [ 110.631699, -7.43538 ], [ 110.631325, -7.437428 ], [ 110.631737, -7.439552 ], [ 110.63028, -7.441153 ], [ 110.627029, -7.441336 ], [ 110.625008, -7.441409 ], [ 110.623329, -7.44293 ], [ 110.62101, -7.443311 ], [ 110.619644, -7.444828 ], [ 110.619431, -7.446874 ] ], [ [ 110.502632, -7.294757 ], [ 110.500389, -7.295448 ], [ 110.497215, -7.295441 ], [ 110.494003, -7.295496 ], [ 110.490417, -7.294662 ], [ 110.48835, -7.294806 ], [ 110.486526, -7.29584 ], [ 110.48378, -7.295423 ], [ 110.481178, -7.295147 ], [ 110.475868, -7.297112 ], [ 110.47168, -7.298699 ], [ 110.471771, -7.301235 ], [ 110.474342, -7.30409 ], [ 110.474648, -7.307618 ], [ 110.472603, -7.30833 ], [ 110.473663, -7.312955 ], [ 110.470428, -7.312473 ], [ 110.469589, -7.315181 ], [ 110.466507, -7.315965 ], [ 110.467667, -7.317942 ], [ 110.468773, -7.32073 ], [ 110.470017, -7.32297 ], [ 110.469971, -7.326359 ], [ 110.46843, -7.328466 ], [ 110.466492, -7.331308 ], [ 110.466698, -7.335588 ], [ 110.466911, -7.338367 ], [ 110.466927, -7.343744 ], [ 110.469475, -7.344082 ], [ 110.47142, -7.34534 ], [ 110.475082, -7.348266 ], [ 110.471809, -7.349232 ], [ 110.468193, -7.351341 ], [ 110.470657, -7.353973 ], [ 110.472008, -7.356394 ], [ 110.472969, -7.358637 ], [ 110.474297, -7.363229 ], [ 110.477028, -7.363789 ], [ 110.479431, -7.362301 ], [ 110.481628, -7.362521 ], [ 110.482643, -7.365757 ], [ 110.482735, -7.369125 ], [ 110.483994, -7.373983 ], [ 110.485107, -7.377461 ], [ 110.486511, -7.379395 ], [ 110.488297, -7.380816 ], [ 110.490395, -7.381362 ], [ 110.493187, -7.382022 ], [ 110.494072, -7.384874 ], [ 110.492813, -7.389089 ], [ 110.491722, -7.391252 ], [ 110.490379, -7.39293 ], [ 110.487587, -7.395088 ], [ 110.491714, -7.396304 ], [ 110.494515, -7.396304 ], [ 110.496696, -7.395514 ], [ 110.499679, -7.394541 ], [ 110.503143, -7.393873 ], [ 110.506607, -7.39284 ], [ 110.508667, -7.39205 ], [ 110.510979, -7.390956 ], [ 110.513412, -7.388647 ], [ 110.513733, -7.385593 ], [ 110.512581, -7.382269 ], [ 110.513001, -7.379635 ], [ 110.514549, -7.378107 ], [ 110.515045, -7.374932 ], [ 110.513458, -7.371941 ], [ 110.514587, -7.369348 ], [ 110.515549, -7.367147 ], [ 110.517258, -7.363478 ], [ 110.519661, -7.363853 ], [ 110.522301, -7.363893 ], [ 110.524528, -7.363544 ], [ 110.527107, -7.362985 ], [ 110.528297, -7.361279 ], [ 110.52932, -7.359511 ], [ 110.530846, -7.35779 ], [ 110.531532, -7.355103 ], [ 110.533058, -7.353508 ], [ 110.533768, -7.351356 ], [ 110.531868, -7.349943 ], [ 110.530403, -7.348013 ], [ 110.530846, -7.344569 ], [ 110.530724, -7.342098 ], [ 110.530235, -7.339408 ], [ 110.529282, -7.335892 ], [ 110.529564, -7.333646 ], [ 110.528191, -7.332104 ], [ 110.526825, -7.330465 ], [ 110.526497, -7.327808 ], [ 110.524628, -7.326513 ], [ 110.522652, -7.326026 ], [ 110.522232, -7.323969 ], [ 110.520683, -7.32253 ], [ 110.519112, -7.321022 ], [ 110.517013, -7.320361 ], [ 110.516144, -7.316434 ], [ 110.516785, -7.314146 ], [ 110.516808, -7.311423 ], [ 110.51693, -7.309389 ], [ 110.517532, -7.307444 ], [ 110.517799, -7.305161 ], [ 110.51944, -7.303402 ], [ 110.520698, -7.301602 ], [ 110.520546, -7.299266 ], [ 110.518997, -7.29761 ], [ 110.518707, -7.29552 ], [ 110.519524, -7.293239 ], [ 110.518807, -7.291225 ], [ 110.516266, -7.29117 ], [ 110.516487, -7.294953 ], [ 110.514824, -7.296378 ], [ 110.512619, -7.297237 ], [ 110.510117, -7.297867 ], [ 110.508468, -7.299109 ], [ 110.506661, -7.300035 ], [ 110.504066, -7.301067 ], [ 110.502632, -7.299251 ], [ 110.502632, -7.294757 ] ] ] } },
{ "type": "Feature", "properties": { "STATISTIK": "3314", "KABUPATEN": "SRAGEN", "PROPINSI": "JAWA TENGAH", "LUAS_KM2": "57.3702", "DATA": "BAKOSURTANAL, BPS" }, "geometry": { "type": "Polygon", "coordinates": [ [ [ 111.125, -7.399298 ], [ 111.121628, -7.403369 ], [ 111.11869, -7.410408 ], [ 111.117127, -7.415296 ], [ 111.116539, -7.419011 ], [ 111.117714, -7.42429 ], [ 111.118889, -7.428592 ], [ 111.122017, -7.435044 ], [ 111.12397, -7.442474 ], [ 111.124557, -7.446189 ], [ 111.124756, -7.449708 ], [ 111.12632, -7.451859 ], [ 111.128075, -7.455183 ], [ 111.128662, -7.459094 ], [ 111.127884, -7.462417 ], [ 111.130425, -7.4632 ], [ 111.133164, -7.463004 ], [ 111.134727, -7.465546 ], [ 111.133957, -7.468043 ], [ 111.132774, -7.47102 ], [ 111.132774, -7.474149 ], [ 111.133751, -7.476104 ], [ 111.135292, -7.47856 ], [ 111.136765, -7.479954 ], [ 111.136841, -7.48217 ], [ 111.135841, -7.4841 ], [ 111.137901, -7.485327 ], [ 111.13942, -7.48685 ], [ 111.141525, -7.486434 ], [ 111.14315, -7.488234 ], [ 111.143761, -7.490939 ], [ 111.144959, -7.493542 ], [ 111.146988, -7.493865 ], [ 111.148834, -7.494981 ], [ 111.150337, -7.49667 ], [ 111.151901, -7.498036 ], [ 111.152565, -7.500001 ], [ 111.152481, -7.502015 ], [ 111.153069, -7.504456 ], [ 111.152153, -7.506715 ], [ 111.15361, -7.508357 ], [ 111.152977, -7.510651 ], [ 111.150825, -7.510751 ], [ 111.149925, -7.512845 ], [ 111.149048, -7.51487 ], [ 111.148575, -7.516988 ], [ 111.150482, -7.51789 ], [ 111.151176, -7.522059 ], [ 111.147873, -7.52407 ], [ 111.144829, -7.524553 ], [ 111.142601, -7.52465 ], [ 111.13932, -7.523755 ], [ 111.138199, -7.52189 ], [ 111.136757, -7.520479 ], [ 111.135002, -7.519015 ], [ 111.133324, -7.517848 ], [ 111.132072, -7.516252 ], [ 111.130402, -7.514591 ], [ 111.128998, -7.512785 ], [ 111.126839, -7.511867 ], [ 111.125, -7.512826 ], [ 111.124, -7.514647 ], [ 111.123451, -7.517245 ], [ 111.123886, -7.519197 ], [ 111.121948, -7.519941 ], [ 111.12056, -7.521427 ], [ 111.118508, -7.522006 ], [ 111.116455, -7.521022 ], [ 111.114197, -7.520839 ], [ 111.111923, -7.522068 ], [ 111.110405, -7.523566 ], [ 111.110916, -7.525814 ], [ 111.112122, -7.527677 ], [ 111.11319, -7.529751 ], [ 111.111565, -7.531532 ], [ 111.109375, -7.530664 ], [ 111.107002, -7.530532 ], [ 111.104759, -7.530362 ], [ 111.100861, -7.530047 ], [ 111.098892, -7.529613 ], [ 111.096832, -7.52984 ], [ 111.094803, -7.52999 ], [ 111.092789, -7.530729 ], [ 111.090538, -7.529763 ], [ 111.088837, -7.528563 ], [ 111.08683, -7.52806 ], [ 111.084495, -7.52797 ], [ 111.08107, -7.526978 ], [ 111.080055, -7.525195 ], [ 111.07975, -7.522879 ], [ 111.080681, -7.521095 ], [ 111.079682, -7.519359 ], [ 111.079247, -7.517336 ], [ 111.080292, -7.515614 ], [ 111.082207, -7.514926 ], [ 111.083016, -7.513027 ], [ 111.081726, -7.511437 ], [ 111.080513, -7.509777 ], [ 111.079346, -7.508071 ], [ 111.079384, -7.505963 ], [ 111.08007, -7.503887 ], [ 111.079018, -7.501941 ], [ 111.078774, -7.499927 ], [ 111.078545, -7.495406 ], [ 111.075073, -7.497392 ], [ 111.073059, -7.497616 ], [ 111.068581, -7.49896 ], [ 111.064018, -7.500701 ], [ 111.062988, -7.502775 ], [ 111.061218, -7.503962 ], [ 111.058853, -7.503808 ], [ 111.057396, -7.505183 ], [ 111.057526, -7.507815 ], [ 111.055863, -7.509325 ], [ 111.053795, -7.509192 ], [ 111.052193, -7.507835 ], [ 111.050041, -7.508291 ], [ 111.048332, -7.509622 ], [ 111.046257, -7.509766 ], [ 111.04419, -7.509564 ], [ 111.042091, -7.510896 ], [ 111.040726, -7.512422 ], [ 111.040863, -7.514446 ], [ 111.04097, -7.516518 ], [ 111.04116, -7.518582 ], [ 111.04126, -7.520874 ], [ 111.042381, -7.523231 ], [ 111.043671, -7.525119 ], [ 111.045258, -7.526385 ], [ 111.046242, -7.528208 ], [ 111.046867, -7.530678 ], [ 111.047997, -7.533275 ], [ 111.048843, -7.535096 ], [ 111.049255, -7.537405 ], [ 111.046951, -7.537188 ], [ 111.04422, -7.537218 ], [ 111.041611, -7.536693 ], [ 111.038849, -7.535994 ], [ 111.036331, -7.535332 ], [ 111.033966, -7.534733 ], [ 111.031746, -7.534167 ], [ 111.030129, -7.532472 ], [ 111.028069, -7.530612 ], [ 111.026306, -7.52914 ], [ 111.0243, -7.52784 ], [ 111.022781, -7.529521 ], [ 111.023468, -7.531816 ], [ 111.022141, -7.533791 ], [ 111.020851, -7.531841 ], [ 111.018745, -7.530513 ], [ 111.018684, -7.528461 ], [ 111.016762, -7.527455 ], [ 111.014549, -7.526055 ], [ 111.01168, -7.526163 ], [ 111.009979, -7.524756 ], [ 111.007622, -7.524569 ], [ 111.005463, -7.52414 ], [ 111.004959, -7.522152 ], [ 111.003021, -7.522686 ], [ 111.002495, -7.524795 ], [ 111.000076, -7.524242 ], [ 110.996506, -7.522402 ], [ 110.989891, -7.52094 ], [ 110.986786, -7.519564 ], [ 110.981476, -7.516866 ], [ 110.979134, -7.515478 ], [ 110.977211, -7.51434 ], [ 110.973351, -7.511294 ], [ 110.969772, -7.508076 ], [ 110.967751, -7.507088 ], [ 110.964531, -7.5063 ], [ 110.961594, -7.506247 ], [ 110.959579, -7.505716 ], [ 110.957329, -7.505276 ], [ 110.954102, -7.502748 ], [ 110.950447, -7.499576 ], [ 110.942688, -7.495914 ], [ 110.934395, -7.494202 ], [ 110.93219, -7.494023 ], [ 110.928612, -7.493734 ], [ 110.925766, -7.493882 ], [ 110.922539, -7.495317 ], [ 110.918686, -7.495439 ], [ 110.91552, -7.495215 ], [ 110.91172, -7.495279 ], [ 110.90844, -7.495112 ], [ 110.906136, -7.495059 ], [ 110.901413, -7.493668 ], [ 110.897606, -7.491194 ], [ 110.897301, -7.48876 ], [ 110.894867, -7.489525 ], [ 110.8918, -7.489866 ], [ 110.887718, -7.488453 ], [ 110.88414, -7.487023 ], [ 110.880562, -7.485235 ], [ 110.876274, -7.484878 ], [ 110.875, -7.486481 ], [ 110.873039, -7.488053 ], [ 110.870522, -7.485418 ], [ 110.868729, -7.484012 ], [ 110.867104, -7.482821 ], [ 110.865364, -7.481706 ], [ 110.863899, -7.479893 ], [ 110.863525, -7.477842 ], [ 110.865112, -7.476332 ], [ 110.863647, -7.474765 ], [ 110.86187, -7.473818 ], [ 110.85984, -7.472856 ], [ 110.85775, -7.47314 ], [ 110.856956, -7.469545 ], [ 110.854248, -7.468907 ], [ 110.852265, -7.468471 ], [ 110.849762, -7.467898 ], [ 110.84639, -7.469287 ], [ 110.845322, -7.467403 ], [ 110.844841, -7.465339 ], [ 110.842995, -7.464566 ], [ 110.841637, -7.462343 ], [ 110.841484, -7.460082 ], [ 110.838959, -7.45929 ], [ 110.836143, -7.458807 ], [ 110.833885, -7.458188 ], [ 110.831581, -7.458091 ], [ 110.829086, -7.457612 ], [ 110.826942, -7.458089 ], [ 110.82518, -7.456531 ], [ 110.823425, -7.457949 ], [ 110.820694, -7.45853 ], [ 110.818596, -7.459554 ], [ 110.816338, -7.459507 ], [ 110.813896, -7.458879 ], [ 110.812012, -7.459766 ], [ 110.809982, -7.459672 ], [ 110.808052, -7.45833 ], [ 110.806106, -7.459229 ], [ 110.803924, -7.458928 ], [ 110.801567, -7.459163 ], [ 110.800163, -7.460711 ], [ 110.797798, -7.45977 ], [ 110.796822, -7.461555 ], [ 110.794746, -7.460927 ], [ 110.792801, -7.459956 ], [ 110.792336, -7.457638 ], [ 110.790192, -7.458542 ], [ 110.788033, -7.457554 ], [ 110.786629, -7.455849 ], [ 110.78492, -7.454129 ], [ 110.782982, -7.453351 ], [ 110.78009, -7.451083 ], [ 110.778625, -7.447053 ], [ 110.777244, -7.444122 ], [ 110.77504, -7.44536 ], [ 110.773461, -7.443782 ], [ 110.772163, -7.442156 ], [ 110.77066, -7.440669 ], [ 110.771843, -7.438135 ], [ 110.773682, -7.436155 ], [ 110.775925, -7.435359 ], [ 110.778305, -7.435683 ], [ 110.780441, -7.436379 ], [ 110.781815, -7.434555 ], [ 110.782158, -7.432551 ], [ 110.779312, -7.431557 ], [ 110.777298, -7.431249 ], [ 110.774864, -7.430007 ], [ 110.773621, -7.428055 ], [ 110.773285, -7.42585 ], [ 110.772613, -7.423946 ], [ 110.770821, -7.422299 ], [ 110.769569, -7.419675 ], [ 110.768967, -7.417268 ], [ 110.771401, -7.416361 ], [ 110.7733, -7.415009 ], [ 110.772797, -7.412762 ], [ 110.772675, -7.409687 ], [ 110.772942, -7.407529 ], [ 110.773422, -7.405029 ], [ 110.773414, -7.402779 ], [ 110.772766, -7.400642 ], [ 110.77214, -7.398598 ], [ 110.772606, -7.396017 ], [ 110.773308, -7.393791 ], [ 110.775162, -7.389937 ], [ 110.778175, -7.388739 ], [ 110.778343, -7.386589 ], [ 110.780403, -7.386544 ], [ 110.782204, -7.385252 ], [ 110.783424, -7.383492 ], [ 110.784988, -7.382161 ], [ 110.786461, -7.380802 ], [ 110.788422, -7.379402 ], [ 110.789154, -7.377326 ], [ 110.79232, -7.375 ], [ 110.794258, -7.373393 ], [ 110.796204, -7.372462 ], [ 110.798653, -7.371177 ], [ 110.801064, -7.368943 ], [ 110.7976, -7.367095 ], [ 110.795128, -7.36659 ], [ 110.794563, -7.364618 ], [ 110.792534, -7.364574 ], [ 110.791565, -7.362581 ], [ 110.789459, -7.362569 ], [ 110.789665, -7.360405 ], [ 110.790131, -7.358391 ], [ 110.789955, -7.355841 ], [ 110.791, -7.353902 ], [ 110.79274, -7.352869 ], [ 110.794899, -7.352106 ], [ 110.796974, -7.350005 ], [ 110.79731, -7.347712 ], [ 110.797546, -7.345365 ], [ 110.797775, -7.342848 ], [ 110.798149, -7.34048 ], [ 110.799278, -7.337985 ], [ 110.801033, -7.334364 ], [ 110.801727, -7.331803 ], [ 110.801811, -7.328213 ], [ 110.801888, -7.324134 ], [ 110.802292, -7.322097 ], [ 110.801498, -7.320048 ], [ 110.801514, -7.317894 ], [ 110.800079, -7.316285 ], [ 110.799156, -7.314445 ], [ 110.798027, -7.312499 ], [ 110.797462, -7.310362 ], [ 110.797188, -7.308219 ], [ 110.796875, -7.306087 ], [ 110.796516, -7.303342 ], [ 110.796188, -7.301139 ], [ 110.795242, -7.299288 ], [ 110.794449, -7.29727 ], [ 110.793839, -7.295033 ], [ 110.794373, -7.292093 ], [ 110.793228, -7.28988 ], [ 110.79351, -7.287807 ], [ 110.793632, -7.285577 ], [ 110.793861, -7.283316 ], [ 110.793137, -7.281403 ], [ 110.79319, -7.279316 ], [ 110.793457, -7.276863 ], [ 110.794357, -7.275035 ], [ 110.796989, -7.272578 ], [ 110.798195, -7.269691 ], [ 110.798981, -7.267816 ], [ 110.800598, -7.265229 ], [ 110.802368, -7.263542 ], [ 110.804245, -7.26253 ], [ 110.807892, -7.262157 ], [ 110.810562, -7.262383 ], [ 110.812515, -7.262834 ], [ 110.816391, -7.263923 ], [ 110.819924, -7.264862 ], [ 110.823715, -7.265126 ], [ 110.827667, -7.264902 ], [ 110.829918, -7.264153 ], [ 110.833, -7.262766 ], [ 110.835892, -7.262565 ], [ 110.838226, -7.261867 ], [ 110.842262, -7.264668 ], [ 110.848656, -7.268441 ], [ 110.8526, -7.269537 ], [ 110.856644, -7.270664 ], [ 110.858833, -7.27056 ], [ 110.860641, -7.269503 ], [ 110.865006, -7.270432 ], [ 110.869095, -7.269594 ], [ 110.871399, -7.269489 ], [ 110.874748, -7.270641 ], [ 110.876633, -7.272213 ], [ 110.878944, -7.274099 ], [ 110.881248, -7.274099 ], [ 110.885856, -7.273785 ], [ 110.889732, -7.273576 ], [ 110.893928, -7.273471 ], [ 110.897385, -7.273785 ], [ 110.899483, -7.274309 ], [ 110.901474, -7.275147 ], [ 110.903359, -7.27651 ], [ 110.90535, -7.277872 ], [ 110.907341, -7.278815 ], [ 110.909226, -7.280178 ], [ 110.912125, -7.280553 ], [ 110.914719, -7.280549 ], [ 110.91909, -7.280138 ], [ 110.923401, -7.279093 ], [ 110.927948, -7.277473 ], [ 110.932602, -7.276255 ], [ 110.934616, -7.276078 ], [ 110.937668, -7.276418 ], [ 110.941643, -7.277102 ], [ 110.94648, -7.279167 ], [ 110.950859, -7.28152 ], [ 110.953171, -7.282437 ], [ 110.95604, -7.283874 ], [ 110.958633, -7.282171 ], [ 110.963982, -7.279884 ], [ 110.967606, -7.278841 ], [ 110.972664, -7.277565 ], [ 110.977608, -7.276634 ], [ 110.982445, -7.276625 ], [ 110.985611, -7.276216 ], [ 110.989174, -7.274885 ], [ 110.991493, -7.273718 ], [ 110.994575, -7.271823 ], [ 110.996239, -7.270323 ], [ 111.0, -7.267098 ], [ 111.00206, -7.26661 ], [ 111.005722, -7.266021 ], [ 111.006958, -7.262772 ], [ 111.008865, -7.261796 ], [ 111.011459, -7.261791 ], [ 111.013725, -7.261441 ], [ 111.015869, -7.260888 ], [ 111.017746, -7.259165 ], [ 111.019783, -7.259501 ], [ 111.021774, -7.259888 ], [ 111.023613, -7.258094 ], [ 111.025627, -7.257768 ], [ 111.027862, -7.257274 ], [ 111.030525, -7.255674 ], [ 111.032303, -7.257594 ], [ 111.032433, -7.259626 ], [ 111.031914, -7.261713 ], [ 111.031754, -7.26374 ], [ 111.033699, -7.2644 ], [ 111.035614, -7.265176 ], [ 111.037476, -7.265993 ], [ 111.039642, -7.266674 ], [ 111.041702, -7.266966 ], [ 111.043587, -7.266102 ], [ 111.045914, -7.266334 ], [ 111.047714, -7.267492 ], [ 111.049881, -7.267489 ], [ 111.051926, -7.26797 ], [ 111.054336, -7.26825 ], [ 111.056076, -7.269348 ], [ 111.058151, -7.270437 ], [ 111.060623, -7.269886 ], [ 111.062386, -7.268813 ], [ 111.064148, -7.267794 ], [ 111.065826, -7.265333 ], [ 111.068405, -7.267247 ], [ 111.070587, -7.26712 ], [ 111.072685, -7.266506 ], [ 111.073799, -7.264716 ], [ 111.074867, -7.262598 ], [ 111.077812, -7.262389 ], [ 111.079864, -7.261328 ], [ 111.079247, -7.25935 ], [ 111.079277, -7.257263 ], [ 111.079941, -7.255289 ], [ 111.081932, -7.255049 ], [ 111.084068, -7.254754 ], [ 111.086128, -7.253968 ], [ 111.08786, -7.252844 ], [ 111.089035, -7.251102 ], [ 111.091797, -7.252933 ], [ 111.093727, -7.252196 ], [ 111.096222, -7.251873 ], [ 111.097633, -7.25 ], [ 111.099403, -7.249042 ], [ 111.101502, -7.248873 ], [ 111.103493, -7.247875 ], [ 111.105553, -7.247438 ], [ 111.10807, -7.248067 ], [ 111.110229, -7.248583 ], [ 111.112167, -7.249178 ], [ 111.114586, -7.249137 ], [ 111.117874, -7.248465 ], [ 111.120117, -7.248106 ], [ 111.122444, -7.248464 ], [ 111.125046, -7.249984 ], [ 111.126213, -7.252344 ], [ 111.12661, -7.254627 ], [ 111.127128, -7.257788 ], [ 111.129006, -7.258515 ], [ 111.132401, -7.258768 ], [ 111.134773, -7.26069 ], [ 111.136566, -7.261775 ], [ 111.138672, -7.261477 ], [ 111.140991, -7.261364 ], [ 111.142929, -7.261895 ], [ 111.145157, -7.262687 ], [ 111.146484, -7.264521 ], [ 111.148674, -7.264359 ], [ 111.149643, -7.266243 ], [ 111.150658, -7.268083 ], [ 111.150032, -7.270259 ], [ 111.150093, -7.272351 ], [ 111.149742, -7.274529 ], [ 111.148964, -7.276538 ], [ 111.147484, -7.278675 ], [ 111.145744, -7.279716 ], [ 111.144012, -7.281095 ], [ 111.141556, -7.282614 ], [ 111.139877, -7.284168 ], [ 111.140411, -7.286799 ], [ 111.140854, -7.288878 ], [ 111.140854, -7.291139 ], [ 111.139076, -7.292125 ], [ 111.13781, -7.294911 ], [ 111.137077, -7.297085 ], [ 111.137169, -7.299572 ], [ 111.138268, -7.301246 ], [ 111.139923, -7.303178 ], [ 111.141136, -7.305345 ], [ 111.142082, -7.307375 ], [ 111.144707, -7.307876 ], [ 111.146896, -7.308206 ], [ 111.148682, -7.309345 ], [ 111.151123, -7.310514 ], [ 111.152733, -7.311789 ], [ 111.154793, -7.313006 ], [ 111.154045, -7.315315 ], [ 111.152756, -7.317126 ], [ 111.151398, -7.318736 ], [ 111.150528, -7.320612 ], [ 111.149574, -7.3228 ], [ 111.148194, -7.324369 ], [ 111.146912, -7.326576 ], [ 111.145439, -7.328348 ], [ 111.143516, -7.329053 ], [ 111.14312, -7.331168 ], [ 111.142029, -7.332895 ], [ 111.142456, -7.335079 ], [ 111.142929, -7.337826 ], [ 111.141807, -7.340209 ], [ 111.141678, -7.342968 ], [ 111.14254, -7.345779 ], [ 111.142395, -7.348694 ], [ 111.140182, -7.351299 ], [ 111.141655, -7.354731 ], [ 111.141312, -7.356778 ], [ 111.142715, -7.359899 ], [ 111.143753, -7.366311 ], [ 111.145454, -7.367813 ], [ 111.144501, -7.37004 ], [ 111.143265, -7.371777 ], [ 111.142098, -7.375001 ], [ 111.140144, -7.376781 ], [ 111.138619, -7.378909 ], [ 111.13694, -7.380256 ], [ 111.136536, -7.382374 ], [ 111.137589, -7.384162 ], [ 111.137665, -7.386229 ], [ 111.136521, -7.387935 ], [ 111.135819, -7.389848 ], [ 111.13327, -7.391493 ], [ 111.132698, -7.393518 ], [ 111.13121, -7.395493 ], [ 111.129166, -7.395586 ], [ 111.127869, -7.397807 ], [ 111.125, -7.399298 ] ] ] } },
{ "type": "Feature", "properties": { "STATISTIK": "3311", "KABUPATEN": "SUKOHARJO", "PROPINSI": "JAWA TENGAH", "LUAS_KM2": "38.9845", "DATA": "BAKOSURTANAL, BPS" }, "geometry": { "type": "Polygon", "coordinates": [ [ [ 110.943558, -7.719449 ], [ 110.943695, -7.723982 ], [ 110.943337, -7.725952 ], [ 110.942993, -7.728506 ], [ 110.942658, -7.73048 ], [ 110.942375, -7.732588 ], [ 110.942108, -7.734912 ], [ 110.942185, -7.737409 ], [ 110.941528, -7.739739 ], [ 110.941177, -7.742014 ], [ 110.94072, -7.744008 ], [ 110.940628, -7.746132 ], [ 110.940697, -7.748174 ], [ 110.940468, -7.750574 ], [ 110.940834, -7.753641 ], [ 110.940994, -7.755807 ], [ 110.940857, -7.758016 ], [ 110.940659, -7.760012 ], [ 110.940399, -7.762113 ], [ 110.940826, -7.765995 ], [ 110.940628, -7.768033 ], [ 110.940033, -7.770733 ], [ 110.939369, -7.772885 ], [ 110.938721, -7.774812 ], [ 110.937935, -7.776718 ], [ 110.937286, -7.778911 ], [ 110.935165, -7.778826 ], [ 110.934395, -7.776693 ], [ 110.932312, -7.777463 ], [ 110.931091, -7.775716 ], [ 110.929672, -7.772962 ], [ 110.929077, -7.770859 ], [ 110.927055, -7.770859 ], [ 110.92453, -7.77074 ], [ 110.922653, -7.769466 ], [ 110.920998, -7.7673 ], [ 110.918449, -7.765192 ], [ 110.915032, -7.767054 ], [ 110.912659, -7.764943 ], [ 110.910812, -7.762568 ], [ 110.909233, -7.760985 ], [ 110.904747, -7.758875 ], [ 110.901581, -7.758875 ], [ 110.899467, -7.759403 ], [ 110.897362, -7.759403 ], [ 110.893402, -7.757556 ], [ 110.891029, -7.755709 ], [ 110.888123, -7.755445 ], [ 110.885223, -7.756764 ], [ 110.88311, -7.75782 ], [ 110.88047, -7.757556 ], [ 110.876778, -7.756764 ], [ 110.871239, -7.755181 ], [ 110.865173, -7.754654 ], [ 110.862801, -7.756501 ], [ 110.858368, -7.760294 ], [ 110.858574, -7.76336 ], [ 110.856468, -7.767845 ], [ 110.854622, -7.774177 ], [ 110.854622, -7.781564 ], [ 110.853302, -7.792909 ], [ 110.853035, -7.799504 ], [ 110.854088, -7.803462 ], [ 110.855408, -7.807683 ], [ 110.856468, -7.810585 ], [ 110.856468, -7.813488 ], [ 110.854622, -7.814806 ], [ 110.852005, -7.8173 ], [ 110.850525, -7.814776 ], [ 110.848358, -7.814348 ], [ 110.846054, -7.81332 ], [ 110.845375, -7.811395 ], [ 110.843452, -7.809514 ], [ 110.842095, -7.807076 ], [ 110.840836, -7.805382 ], [ 110.841209, -7.803209 ], [ 110.841812, -7.801281 ], [ 110.840576, -7.7996 ], [ 110.838623, -7.799058 ], [ 110.837395, -7.797341 ], [ 110.835282, -7.797196 ], [ 110.833725, -7.795756 ], [ 110.83155, -7.79586 ], [ 110.82943, -7.796578 ], [ 110.827309, -7.796724 ], [ 110.825439, -7.795858 ], [ 110.823059, -7.794642 ], [ 110.820885, -7.794737 ], [ 110.818359, -7.794633 ], [ 110.816582, -7.793505 ], [ 110.814674, -7.794217 ], [ 110.81308, -7.79296 ], [ 110.810822, -7.79262 ], [ 110.808998, -7.791468 ], [ 110.806862, -7.791429 ], [ 110.804855, -7.791518 ], [ 110.802483, -7.791144 ], [ 110.80098, -7.792813 ], [ 110.797363, -7.796046 ], [ 110.795532, -7.795072 ], [ 110.793228, -7.795042 ], [ 110.791908, -7.796668 ], [ 110.789787, -7.797031 ], [ 110.787857, -7.79783 ], [ 110.786171, -7.799466 ], [ 110.784683, -7.801162 ], [ 110.783524, -7.803116 ], [ 110.782936, -7.805139 ], [ 110.783081, -7.80737 ], [ 110.783203, -7.809602 ], [ 110.783722, -7.811645 ], [ 110.785797, -7.81362 ], [ 110.785607, -7.816842 ], [ 110.781753, -7.814979 ], [ 110.779846, -7.813895 ], [ 110.777695, -7.814679 ], [ 110.775581, -7.813183 ], [ 110.775352, -7.810844 ], [ 110.773705, -7.809327 ], [ 110.77153, -7.808297 ], [ 110.769295, -7.808271 ], [ 110.767311, -7.808888 ], [ 110.764496, -7.809789 ], [ 110.76371, -7.811789 ], [ 110.764549, -7.813973 ], [ 110.762901, -7.815751 ], [ 110.762756, -7.817839 ], [ 110.764107, -7.819401 ], [ 110.763717, -7.822072 ], [ 110.762581, -7.824076 ], [ 110.760338, -7.8238 ], [ 110.7584, -7.824978 ], [ 110.756134, -7.824698 ], [ 110.754067, -7.824659 ], [ 110.752159, -7.824002 ], [ 110.751564, -7.821954 ], [ 110.751534, -7.819192 ], [ 110.751656, -7.816533 ], [ 110.75, -7.813642 ], [ 110.745293, -7.809144 ], [ 110.743126, -7.807182 ], [ 110.741135, -7.805675 ], [ 110.738624, -7.804707 ], [ 110.736229, -7.804137 ], [ 110.733719, -7.801862 ], [ 110.730988, -7.800922 ], [ 110.728645, -7.800808 ], [ 110.728737, -7.797851 ], [ 110.726341, -7.796547 ], [ 110.724548, -7.794638 ], [ 110.720924, -7.793584 ], [ 110.717956, -7.792929 ], [ 110.716232, -7.789616 ], [ 110.717339, -7.78685 ], [ 110.720238, -7.778139 ], [ 110.722176, -7.772055 ], [ 110.72522, -7.767907 ], [ 110.72757, -7.765695 ], [ 110.728676, -7.763206 ], [ 110.730469, -7.758781 ], [ 110.732681, -7.754356 ], [ 110.735451, -7.750485 ], [ 110.739456, -7.74689 ], [ 110.7425, -7.744401 ], [ 110.743881, -7.742604 ], [ 110.744987, -7.739147 ], [ 110.743332, -7.736874 ], [ 110.746414, -7.737149 ], [ 110.748825, -7.738113 ], [ 110.750763, -7.739992 ], [ 110.753456, -7.739706 ], [ 110.755623, -7.737203 ], [ 110.75695, -7.735075 ], [ 110.758728, -7.733551 ], [ 110.758614, -7.73135 ], [ 110.759613, -7.728966 ], [ 110.760071, -7.726956 ], [ 110.762161, -7.724804 ], [ 110.763764, -7.723593 ], [ 110.763931, -7.721028 ], [ 110.763657, -7.718858 ], [ 110.764488, -7.716988 ], [ 110.766113, -7.715322 ], [ 110.76931, -7.716198 ], [ 110.77063, -7.712389 ], [ 110.769287, -7.710144 ], [ 110.769539, -7.708004 ], [ 110.768959, -7.70606 ], [ 110.76786, -7.704125 ], [ 110.770012, -7.69858 ], [ 110.770981, -7.6966 ], [ 110.772377, -7.694942 ], [ 110.774178, -7.693364 ], [ 110.772644, -7.692018 ], [ 110.770134, -7.69212 ], [ 110.767838, -7.689886 ], [ 110.770104, -7.688623 ], [ 110.770775, -7.683824 ], [ 110.773094, -7.683859 ], [ 110.77533, -7.683005 ], [ 110.776932, -7.681769 ], [ 110.777626, -7.679317 ], [ 110.778984, -7.676304 ], [ 110.78019, -7.674509 ], [ 110.779648, -7.67253 ], [ 110.779465, -7.67043 ], [ 110.779548, -7.667649 ], [ 110.777634, -7.664888 ], [ 110.779213, -7.663569 ], [ 110.780762, -7.662227 ], [ 110.783012, -7.662103 ], [ 110.785057, -7.661526 ], [ 110.787094, -7.662777 ], [ 110.789093, -7.663358 ], [ 110.790566, -7.661805 ], [ 110.790367, -7.659636 ], [ 110.788757, -7.658408 ], [ 110.786781, -7.657841 ], [ 110.786964, -7.655749 ], [ 110.788971, -7.655566 ], [ 110.791069, -7.655857 ], [ 110.7929, -7.657592 ], [ 110.794403, -7.655859 ], [ 110.792381, -7.652581 ], [ 110.793945, -7.649001 ], [ 110.792511, -7.647164 ], [ 110.79454, -7.646014 ], [ 110.796684, -7.645246 ], [ 110.79982, -7.642806 ], [ 110.796562, -7.642492 ], [ 110.794823, -7.643753 ], [ 110.791221, -7.642608 ], [ 110.787262, -7.641765 ], [ 110.785629, -7.640039 ], [ 110.783935, -7.638561 ], [ 110.781616, -7.637572 ], [ 110.780022, -7.63526 ], [ 110.777817, -7.635086 ], [ 110.776108, -7.633795 ], [ 110.775101, -7.635747 ], [ 110.773605, -7.638469 ], [ 110.770943, -7.638785 ], [ 110.767548, -7.638316 ], [ 110.765678, -7.637271 ], [ 110.763924, -7.63621 ], [ 110.766388, -7.630369 ], [ 110.767357, -7.62857 ], [ 110.768295, -7.626781 ], [ 110.766914, -7.623485 ], [ 110.765823, -7.621485 ], [ 110.764366, -7.620028 ], [ 110.762062, -7.62008 ], [ 110.759712, -7.618853 ], [ 110.757461, -7.616497 ], [ 110.757057, -7.614422 ], [ 110.756805, -7.611721 ], [ 110.754845, -7.609693 ], [ 110.755081, -7.607696 ], [ 110.753082, -7.606574 ], [ 110.752174, -7.604742 ], [ 110.75, -7.603183 ], [ 110.748703, -7.601633 ], [ 110.746681, -7.601445 ], [ 110.744636, -7.600607 ], [ 110.743179, -7.598969 ], [ 110.741203, -7.60006 ], [ 110.740036, -7.598113 ], [ 110.738037, -7.598479 ], [ 110.736069, -7.598834 ], [ 110.733483, -7.598785 ], [ 110.731766, -7.599827 ], [ 110.730698, -7.597993 ], [ 110.728523, -7.596128 ], [ 110.726585, -7.597193 ], [ 110.724381, -7.596818 ], [ 110.721542, -7.595419 ], [ 110.719559, -7.595787 ], [ 110.717918, -7.597347 ], [ 110.715858, -7.596725 ], [ 110.713806, -7.595964 ], [ 110.71164, -7.595963 ], [ 110.709442, -7.595718 ], [ 110.706322, -7.593027 ], [ 110.709007, -7.591582 ], [ 110.714233, -7.589973 ], [ 110.716782, -7.587827 ], [ 110.717857, -7.585412 ], [ 110.717453, -7.583401 ], [ 110.715714, -7.58045 ], [ 110.714638, -7.578438 ], [ 110.716515, -7.57361 ], [ 110.718391, -7.570794 ], [ 110.719833, -7.566917 ], [ 110.716003, -7.56584 ], [ 110.714424, -7.564405 ], [ 110.713364, -7.566529 ], [ 110.711197, -7.565748 ], [ 110.711937, -7.563637 ], [ 110.712326, -7.56155 ], [ 110.712677, -7.558878 ], [ 110.712578, -7.556463 ], [ 110.71273, -7.553997 ], [ 110.70887, -7.552403 ], [ 110.710381, -7.549742 ], [ 110.7118, -7.547613 ], [ 110.712417, -7.544419 ], [ 110.712624, -7.541357 ], [ 110.716408, -7.542822 ], [ 110.720848, -7.544064 ], [ 110.726883, -7.546104 ], [ 110.731316, -7.548145 ], [ 110.733978, -7.549298 ], [ 110.736458, -7.54983 ], [ 110.738587, -7.550186 ], [ 110.741608, -7.550274 ], [ 110.743469, -7.551693 ], [ 110.745247, -7.553024 ], [ 110.747818, -7.553734 ], [ 110.749237, -7.555153 ], [ 110.75145, -7.554976 ], [ 110.753319, -7.556662 ], [ 110.754028, -7.554266 ], [ 110.755005, -7.550895 ], [ 110.75367, -7.548766 ], [ 110.753052, -7.546282 ], [ 110.755448, -7.546726 ], [ 110.756775, -7.548766 ], [ 110.758369, -7.550363 ], [ 110.759437, -7.552137 ], [ 110.761215, -7.553113 ], [ 110.762451, -7.554887 ], [ 110.76458, -7.555952 ], [ 110.767067, -7.555863 ], [ 110.77034, -7.554737 ], [ 110.772484, -7.558744 ], [ 110.774475, -7.558296 ], [ 110.776589, -7.557851 ], [ 110.778709, -7.559075 ], [ 110.779518, -7.561032 ], [ 110.781265, -7.562127 ], [ 110.783218, -7.563332 ], [ 110.783852, -7.565495 ], [ 110.783775, -7.567696 ], [ 110.783569, -7.569883 ], [ 110.783913, -7.571895 ], [ 110.781899, -7.574431 ], [ 110.785378, -7.576159 ], [ 110.787926, -7.577737 ], [ 110.789154, -7.574682 ], [ 110.79036, -7.573065 ], [ 110.79248, -7.573427 ], [ 110.792618, -7.571298 ], [ 110.794678, -7.571985 ], [ 110.79689, -7.571776 ], [ 110.799233, -7.571815 ], [ 110.801231, -7.571443 ], [ 110.803154, -7.572988 ], [ 110.805275, -7.575811 ], [ 110.807312, -7.576492 ], [ 110.807579, -7.580326 ], [ 110.809456, -7.581143 ], [ 110.809692, -7.583152 ], [ 110.811668, -7.583629 ], [ 110.813446, -7.585338 ], [ 110.815109, -7.586998 ], [ 110.817444, -7.589585 ], [ 110.816871, -7.591819 ], [ 110.8181, -7.593418 ], [ 110.819908, -7.594346 ], [ 110.821976, -7.595188 ], [ 110.824089, -7.594457 ], [ 110.825546, -7.592118 ], [ 110.828018, -7.592857 ], [ 110.832138, -7.594738 ], [ 110.834205, -7.593811 ], [ 110.83593, -7.591704 ], [ 110.839531, -7.591031 ], [ 110.841133, -7.58674 ], [ 110.841522, -7.584648 ], [ 110.841698, -7.58178 ], [ 110.84317, -7.579719 ], [ 110.843147, -7.575755 ], [ 110.846069, -7.576613 ], [ 110.846512, -7.57457 ], [ 110.848335, -7.572716 ], [ 110.850479, -7.573659 ], [ 110.852592, -7.574006 ], [ 110.854896, -7.573598 ], [ 110.854141, -7.571649 ], [ 110.855782, -7.570234 ], [ 110.858269, -7.570581 ], [ 110.861114, -7.567204 ], [ 110.863045, -7.566031 ], [ 110.868408, -7.566031 ], [ 110.873055, -7.567461 ], [ 110.877937, -7.56631 ], [ 110.875, -7.569947 ], [ 110.877228, -7.570896 ], [ 110.879242, -7.571638 ], [ 110.881432, -7.572552 ], [ 110.883865, -7.573552 ], [ 110.886749, -7.574872 ], [ 110.889213, -7.57575 ], [ 110.891541, -7.57657 ], [ 110.894264, -7.577516 ], [ 110.896752, -7.578374 ], [ 110.89875, -7.579033 ], [ 110.901115, -7.579958 ], [ 110.90316, -7.580712 ], [ 110.905731, -7.581773 ], [ 110.908249, -7.582783 ], [ 110.910896, -7.581705 ], [ 110.912529, -7.582866 ], [ 110.911774, -7.587034 ], [ 110.911278, -7.589189 ], [ 110.910667, -7.591324 ], [ 110.909286, -7.593823 ], [ 110.908508, -7.595851 ], [ 110.90818, -7.597933 ], [ 110.907829, -7.600445 ], [ 110.907471, -7.602641 ], [ 110.907143, -7.60498 ], [ 110.906601, -7.607672 ], [ 110.90593, -7.610074 ], [ 110.905441, -7.612558 ], [ 110.908241, -7.613617 ], [ 110.910339, -7.613292 ], [ 110.912781, -7.612996 ], [ 110.915077, -7.612853 ], [ 110.917747, -7.612999 ], [ 110.920074, -7.613451 ], [ 110.923431, -7.614195 ], [ 110.927452, -7.61481 ], [ 110.929672, -7.615278 ], [ 110.931618, -7.616095 ], [ 110.933914, -7.61687 ], [ 110.936447, -7.617535 ], [ 110.939293, -7.617918 ], [ 110.941368, -7.617971 ], [ 110.943924, -7.618007 ], [ 110.946671, -7.618527 ], [ 110.946472, -7.620853 ], [ 110.947624, -7.622615 ], [ 110.948052, -7.624888 ], [ 110.947662, -7.628633 ], [ 110.947052, -7.631038 ], [ 110.946297, -7.632899 ], [ 110.945305, -7.635107 ], [ 110.943878, -7.636935 ], [ 110.942902, -7.638699 ], [ 110.944069, -7.64043 ], [ 110.944878, -7.642462 ], [ 110.945335, -7.644716 ], [ 110.945679, -7.647293 ], [ 110.945847, -7.649307 ], [ 110.946312, -7.651941 ], [ 110.946915, -7.653912 ], [ 110.948357, -7.655544 ], [ 110.947373, -7.657368 ], [ 110.947022, -7.659673 ], [ 110.947296, -7.661686 ], [ 110.947609, -7.66374 ], [ 110.947739, -7.665875 ], [ 110.947838, -7.668143 ], [ 110.948769, -7.670384 ], [ 110.949501, -7.672556 ], [ 110.950188, -7.674755 ], [ 110.950691, -7.676793 ], [ 110.952095, -7.67904 ], [ 110.955017, -7.682654 ], [ 110.953148, -7.685535 ], [ 110.952278, -7.687694 ], [ 110.9515, -7.689617 ], [ 110.95063, -7.692198 ], [ 110.949806, -7.694424 ], [ 110.949249, -7.696712 ], [ 110.948845, -7.699033 ], [ 110.948769, -7.70105 ], [ 110.948433, -7.703151 ], [ 110.948158, -7.705475 ], [ 110.947914, -7.707971 ], [ 110.946953, -7.710348 ], [ 110.945465, -7.712016 ], [ 110.945084, -7.714073 ], [ 110.944679, -7.716747 ], [ 110.943558, -7.719449 ] ] ] } },
{ "type": "Feature", "properties": { "STATISTIK": "3328", "KABUPATEN": "TEGAL", "PROPINSI": "JAWA TENGAH", "LUAS_KM2": "63.8974", "DATA": "BAKOSURTANAL, BPS" }, "geometry": { "type": "Polygon", "coordinates": [ [ [ 109.301483, -6.988003 ], [ 109.299705, -6.990952 ], [ 109.297394, -6.991925 ], [ 109.29554, -6.992822 ], [ 109.293259, -6.994137 ], [ 109.291985, -6.995809 ], [ 109.291222, -6.997978 ], [ 109.291664, -6.999998 ], [ 109.292015, -7.002347 ], [ 109.289833, -7.004612 ], [ 109.286842, -7.007513 ], [ 109.286118, -7.009468 ], [ 109.287827, -7.010687 ], [ 109.288757, -7.012896 ], [ 109.287949, -7.014933 ], [ 109.286835, -7.017024 ], [ 109.287155, -7.019175 ], [ 109.287788, -7.02119 ], [ 109.286095, -7.022259 ], [ 109.284515, -7.023741 ], [ 109.282532, -7.024313 ], [ 109.283569, -7.026412 ], [ 109.283615, -7.029031 ], [ 109.283249, -7.031207 ], [ 109.280922, -7.032439 ], [ 109.278343, -7.033702 ], [ 109.276985, -7.036109 ], [ 109.27578, -7.037921 ], [ 109.276939, -7.039774 ], [ 109.276955, -7.042593 ], [ 109.276321, -7.044627 ], [ 109.277298, -7.050089 ], [ 109.276001, -7.055285 ], [ 109.272179, -7.056958 ], [ 109.267403, -7.059826 ], [ 109.262146, -7.060782 ], [ 109.259751, -7.062454 ], [ 109.255928, -7.064605 ], [ 109.254257, -7.066517 ], [ 109.251625, -7.07058 ], [ 109.249237, -7.072252 ], [ 109.244461, -7.073447 ], [ 109.240639, -7.075359 ], [ 109.23777, -7.078227 ], [ 109.235138, -7.08205 ], [ 109.232391, -7.092407 ], [ 109.228973, -7.093306 ], [ 109.228355, -7.095322 ], [ 109.227425, -7.097242 ], [ 109.226639, -7.099089 ], [ 109.226639, -7.101269 ], [ 109.224106, -7.101686 ], [ 109.224823, -7.105021 ], [ 109.224792, -7.1072 ], [ 109.224106, -7.109278 ], [ 109.223427, -7.111201 ], [ 109.222763, -7.11318 ], [ 109.222321, -7.115167 ], [ 109.221603, -7.117117 ], [ 109.221092, -7.119193 ], [ 109.220543, -7.121156 ], [ 109.219422, -7.123182 ], [ 109.218514, -7.125 ], [ 109.216232, -7.128262 ], [ 109.212486, -7.129074 ], [ 109.205917, -7.130696 ], [ 109.20269, -7.131162 ], [ 109.200386, -7.131512 ], [ 109.198425, -7.131918 ], [ 109.196121, -7.13244 ], [ 109.19313, -7.133941 ], [ 109.192848, -7.136299 ], [ 109.19371, -7.138886 ], [ 109.195275, -7.141297 ], [ 109.196312, -7.143021 ], [ 109.197037, -7.145832 ], [ 109.195923, -7.149232 ], [ 109.194252, -7.150672 ], [ 109.192581, -7.151883 ], [ 109.191437, -7.154358 ], [ 109.191841, -7.157865 ], [ 109.193291, -7.16114 ], [ 109.194794, -7.163495 ], [ 109.198425, -7.166708 ], [ 109.199875, -7.169063 ], [ 109.200455, -7.1728 ], [ 109.200005, -7.178033 ], [ 109.199493, -7.183268 ], [ 109.200073, -7.188327 ], [ 109.201294, -7.193097 ], [ 109.201645, -7.197122 ], [ 109.201706, -7.199882 ], [ 109.201889, -7.203332 ], [ 109.201607, -7.206495 ], [ 109.202766, -7.210978 ], [ 109.203461, -7.214945 ], [ 109.204048, -7.219659 ], [ 109.205086, -7.223165 ], [ 109.206589, -7.225807 ], [ 109.208496, -7.227643 ], [ 109.211723, -7.229477 ], [ 109.213974, -7.231083 ], [ 109.215309, -7.233668 ], [ 109.214737, -7.237292 ], [ 109.215553, -7.239936 ], [ 109.21624, -7.242177 ], [ 109.212662, -7.24361 ], [ 109.210388, -7.245361 ], [ 109.206284, -7.247372 ], [ 109.203743, -7.247779 ], [ 109.200691, -7.2479 ], [ 109.198097, -7.248365 ], [ 109.194229, -7.251359 ], [ 109.19043, -7.246482 ], [ 109.188644, -7.243898 ], [ 109.186623, -7.241141 ], [ 109.183792, -7.237639 ], [ 109.180153, -7.234656 ], [ 109.174851, -7.233976 ], [ 109.172203, -7.234096 ], [ 109.168114, -7.235139 ], [ 109.164543, -7.237331 ], [ 109.160683, -7.239753 ], [ 109.15625, -7.241315 ], [ 109.153481, -7.24086 ], [ 109.150429, -7.239543 ], [ 109.146103, -7.237251 ], [ 109.142982, -7.234785 ], [ 109.141312, -7.23266 ], [ 109.139061, -7.230077 ], [ 109.137039, -7.228643 ], [ 109.134209, -7.226924 ], [ 109.131844, -7.224742 ], [ 109.125191, -7.222971 ], [ 109.122826, -7.221756 ], [ 109.121002, -7.220848 ], [ 109.119446, -7.219234 ], [ 109.118027, -7.217576 ], [ 109.116989, -7.215801 ], [ 109.114807, -7.216127 ], [ 109.112709, -7.215668 ], [ 109.110916, -7.214487 ], [ 109.109406, -7.213033 ], [ 109.107742, -7.211727 ], [ 109.105682, -7.211041 ], [ 109.103638, -7.210659 ], [ 109.101509, -7.210665 ], [ 109.099365, -7.209645 ], [ 109.097397, -7.20884 ], [ 109.095405, -7.208271 ], [ 109.094391, -7.206326 ], [ 109.093483, -7.204248 ], [ 109.09256, -7.202374 ], [ 109.090576, -7.201104 ], [ 109.089294, -7.199429 ], [ 109.087341, -7.198609 ], [ 109.085098, -7.198678 ], [ 109.08284, -7.198324 ], [ 109.080803, -7.199036 ], [ 109.079048, -7.200462 ], [ 109.077095, -7.201403 ], [ 109.074783, -7.201237 ], [ 109.073311, -7.199803 ], [ 109.071846, -7.198221 ], [ 109.069916, -7.197134 ], [ 109.068047, -7.196199 ], [ 109.066032, -7.195754 ], [ 109.064072, -7.194795 ], [ 109.06205, -7.194186 ], [ 109.060562, -7.192839 ], [ 109.058441, -7.192273 ], [ 109.056808, -7.18821 ], [ 109.056282, -7.186264 ], [ 109.056984, -7.184194 ], [ 109.057991, -7.182404 ], [ 109.059463, -7.180112 ], [ 109.060493, -7.178315 ], [ 109.06179, -7.176222 ], [ 109.063347, -7.17386 ], [ 109.064415, -7.172105 ], [ 109.066132, -7.169957 ], [ 109.068512, -7.168083 ], [ 109.069992, -7.166692 ], [ 109.071747, -7.164718 ], [ 109.073402, -7.162815 ], [ 109.075188, -7.161002 ], [ 109.077133, -7.159466 ], [ 109.078651, -7.157979 ], [ 109.080643, -7.156148 ], [ 109.081955, -7.154193 ], [ 109.082565, -7.152238 ], [ 109.083702, -7.149531 ], [ 109.084289, -7.14709 ], [ 109.083992, -7.14473 ], [ 109.083534, -7.142274 ], [ 109.083153, -7.139866 ], [ 109.082962, -7.137302 ], [ 109.082428, -7.135199 ], [ 109.08036, -7.13353 ], [ 109.078316, -7.132332 ], [ 109.07637, -7.131155 ], [ 109.074875, -7.129734 ], [ 109.0728, -7.128569 ], [ 109.069336, -7.126995 ], [ 109.066902, -7.127661 ], [ 109.064575, -7.127433 ], [ 109.062523, -7.127866 ], [ 109.060646, -7.128825 ], [ 109.059448, -7.13059 ], [ 109.058716, -7.133167 ], [ 109.057617, -7.135097 ], [ 109.057602, -7.138241 ], [ 109.059746, -7.140431 ], [ 109.060356, -7.14272 ], [ 109.059845, -7.145278 ], [ 109.05909, -7.147512 ], [ 109.057877, -7.149352 ], [ 109.055778, -7.150311 ], [ 109.052933, -7.150747 ], [ 109.050316, -7.150795 ], [ 109.047936, -7.150487 ], [ 109.046058, -7.149634 ], [ 109.044701, -7.147516 ], [ 109.043572, -7.145254 ], [ 109.04229, -7.143553 ], [ 109.040215, -7.142136 ], [ 109.037766, -7.140942 ], [ 109.03569, -7.140595 ], [ 109.0336, -7.140722 ], [ 109.031647, -7.14137 ], [ 109.026711, -7.140585 ], [ 109.023705, -7.138234 ], [ 109.020767, -7.137261 ], [ 109.018806, -7.1368 ], [ 109.015923, -7.135996 ], [ 109.011482, -7.134002 ], [ 109.008713, -7.132339 ], [ 109.005661, -7.132345 ], [ 109.00341, -7.133212 ], [ 109.001106, -7.134367 ], [ 108.998916, -7.134716 ], [ 108.996094, -7.134606 ], [ 108.993935, -7.134644 ], [ 108.989243, -7.135252 ], [ 108.98394, -7.138022 ], [ 108.981873, -7.139809 ], [ 108.979393, -7.140734 ], [ 108.974327, -7.142699 ], [ 108.971069, -7.143672 ], [ 108.967812, -7.142999 ], [ 108.966659, -7.14047 ], [ 108.963768, -7.137601 ], [ 108.960594, -7.137255 ], [ 108.957207, -7.138994 ], [ 108.955528, -7.137214 ], [ 108.955528, -7.134914 ], [ 108.95517, -7.130199 ], [ 108.953529, -7.126583 ], [ 108.953491, -7.124107 ], [ 108.955277, -7.121688 ], [ 108.959709, -7.12214 ], [ 108.963112, -7.123456 ], [ 108.96582, -7.122704 ], [ 108.968529, -7.120858 ], [ 108.972504, -7.119068 ], [ 108.976418, -7.1186 ], [ 108.978722, -7.118135 ], [ 108.980164, -7.116523 ], [ 108.981018, -7.113071 ], [ 108.981766, -7.110425 ], [ 108.985046, -7.109268 ], [ 108.986542, -7.10731 ], [ 108.98481, -7.104841 ], [ 108.981468, -7.104272 ], [ 108.978813, -7.104622 ], [ 108.976685, -7.104856 ], [ 108.974205, -7.104343 ], [ 108.972534, -7.102851 ], [ 108.971954, -7.100265 ], [ 108.972465, -7.097676 ], [ 108.973381, -7.095662 ], [ 108.974304, -7.09336 ], [ 108.975739, -7.090425 ], [ 108.976829, -7.086857 ], [ 108.977516, -7.084153 ], [ 108.977799, -7.08145 ], [ 108.977158, -7.077886 ], [ 108.976349, -7.074552 ], [ 108.974037, -7.071796 ], [ 108.971268, -7.069099 ], [ 108.969589, -7.066169 ], [ 108.968781, -7.063066 ], [ 108.969467, -7.060534 ], [ 108.971016, -7.058921 ], [ 108.974304, -7.058282 ], [ 108.977585, -7.058679 ], [ 108.980354, -7.059076 ], [ 108.98352, -7.058955 ], [ 108.986389, -7.058651 ], [ 108.988647, -7.056702 ], [ 108.991989, -7.05474 ], [ 108.994118, -7.053184 ], [ 108.99688, -7.050821 ], [ 108.999359, -7.048474 ], [ 109.001663, -7.043948 ], [ 109.002815, -7.042285 ], [ 109.004753, -7.041069 ], [ 109.006554, -7.042335 ], [ 109.008209, -7.044286 ], [ 109.010307, -7.045094 ], [ 109.012558, -7.045362 ], [ 109.014526, -7.045952 ], [ 109.015739, -7.047586 ], [ 109.017944, -7.048305 ], [ 109.019997, -7.046671 ], [ 109.021507, -7.04514 ], [ 109.023659, -7.044772 ], [ 109.0252, -7.043007 ], [ 109.025551, -7.041027 ], [ 109.025947, -7.038986 ], [ 109.02581, -7.036969 ], [ 109.024269, -7.035453 ], [ 109.023461, -7.033332 ], [ 109.022262, -7.031702 ], [ 109.021461, -7.029818 ], [ 109.021256, -7.027744 ], [ 109.018929, -7.024278 ], [ 109.019821, -7.022024 ], [ 109.020577, -7.019979 ], [ 109.021278, -7.017981 ], [ 109.02227, -7.015797 ], [ 109.023254, -7.013425 ], [ 109.02417, -7.011457 ], [ 109.024895, -7.009535 ], [ 109.027146, -7.003493 ], [ 109.029396, -6.99993 ], [ 109.029625, -6.997718 ], [ 109.028847, -6.99308 ], [ 109.027077, -6.99167 ], [ 109.029236, -6.990676 ], [ 109.02932, -6.988584 ], [ 109.030777, -6.987182 ], [ 109.033066, -6.985819 ], [ 109.03344, -6.983789 ], [ 109.0354, -6.984379 ], [ 109.037209, -6.985412 ], [ 109.039581, -6.98574 ], [ 109.04232, -6.985348 ], [ 109.045555, -6.986094 ], [ 109.046524, -6.98423 ], [ 109.047439, -6.982372 ], [ 109.048416, -6.980515 ], [ 109.048119, -6.978424 ], [ 109.05362, -6.975456 ], [ 109.058334, -6.97722 ], [ 109.061401, -6.977172 ], [ 109.063278, -6.976271 ], [ 109.065773, -6.975186 ], [ 109.066666, -6.97825 ], [ 109.066811, -6.980349 ], [ 109.067749, -6.982134 ], [ 109.068764, -6.984021 ], [ 109.069183, -6.986216 ], [ 109.069237, -6.988288 ], [ 109.068886, -6.990323 ], [ 109.067978, -6.994054 ], [ 109.072121, -6.99401 ], [ 109.074249, -6.991994 ], [ 109.073738, -6.990057 ], [ 109.074082, -6.988053 ], [ 109.073471, -6.986136 ], [ 109.073006, -6.983959 ], [ 109.072334, -6.981999 ], [ 109.071365, -6.980229 ], [ 109.07132, -6.978228 ], [ 109.071564, -6.976008 ], [ 109.07122, -6.973858 ], [ 109.071335, -6.970769 ], [ 109.072449, -6.968999 ], [ 109.0737, -6.967371 ], [ 109.074905, -6.965769 ], [ 109.075615, -6.963878 ], [ 109.076859, -6.962246 ], [ 109.076866, -6.95998 ], [ 109.077553, -6.956913 ], [ 109.075462, -6.953994 ], [ 109.075096, -6.951884 ], [ 109.075989, -6.949968 ], [ 109.076691, -6.948082 ], [ 109.077339, -6.946109 ], [ 109.077736, -6.944056 ], [ 109.077919, -6.942035 ], [ 109.077957, -6.939899 ], [ 109.07827, -6.937853 ], [ 109.078079, -6.93585 ], [ 109.078835, -6.933938 ], [ 109.080551, -6.932811 ], [ 109.081604, -6.930981 ], [ 109.081947, -6.928989 ], [ 109.08226, -6.926999 ], [ 109.081856, -6.925007 ], [ 109.081039, -6.92306 ], [ 109.079918, -6.921281 ], [ 109.077927, -6.921564 ], [ 109.076035, -6.920539 ], [ 109.075668, -6.917218 ], [ 109.075607, -6.914896 ], [ 109.074585, -6.913127 ], [ 109.074982, -6.911032 ], [ 109.075653, -6.909044 ], [ 109.077087, -6.906011 ], [ 109.075065, -6.903055 ], [ 109.073891, -6.901305 ], [ 109.073166, -6.899344 ], [ 109.073089, -6.8971 ], [ 109.073112, -6.894646 ], [ 109.073181, -6.892609 ], [ 109.074639, -6.891085 ], [ 109.076088, -6.889683 ], [ 109.078117, -6.88735 ], [ 109.079369, -6.888977 ], [ 109.081581, -6.889128 ], [ 109.083779, -6.887717 ], [ 109.085762, -6.888055 ], [ 109.087929, -6.888331 ], [ 109.089928, -6.888424 ], [ 109.092079, -6.888701 ], [ 109.094559, -6.889112 ], [ 109.09716, -6.889944 ], [ 109.099579, -6.890526 ], [ 109.101448, -6.891884 ], [ 109.104866, -6.891884 ], [ 109.107048, -6.89479 ], [ 109.109169, -6.89518 ], [ 109.110725, -6.896758 ], [ 109.112251, -6.899115 ], [ 109.113975, -6.897735 ], [ 109.116249, -6.897774 ], [ 109.117805, -6.899067 ], [ 109.119629, -6.900111 ], [ 109.121651, -6.900001 ], [ 109.125, -6.900461 ], [ 109.125572, -6.898215 ], [ 109.12748, -6.897451 ], [ 109.128883, -6.895334 ], [ 109.130806, -6.896214 ], [ 109.132004, -6.894445 ], [ 109.132698, -6.892238 ], [ 109.132225, -6.890041 ], [ 109.132187, -6.887759 ], [ 109.132812, -6.885747 ], [ 109.134621, -6.884097 ], [ 109.137718, -6.885715 ], [ 109.140213, -6.886117 ], [ 109.142509, -6.886238 ], [ 109.145073, -6.886227 ], [ 109.14727, -6.886289 ], [ 109.149437, -6.888818 ], [ 109.151314, -6.887204 ], [ 109.149689, -6.883311 ], [ 109.14872, -6.879905 ], [ 109.150337, -6.878445 ], [ 109.152771, -6.876012 ], [ 109.153259, -6.873254 ], [ 109.153908, -6.870984 ], [ 109.154556, -6.867901 ], [ 109.154717, -6.863522 ], [ 109.154884, -6.859629 ], [ 109.155693, -6.856385 ], [ 109.15683, -6.854114 ], [ 109.15699, -6.851519 ], [ 109.157639, -6.849572 ], [ 109.157639, -6.843919 ], [ 109.161553, -6.843728 ], [ 109.164146, -6.844033 ], [ 109.16732, -6.84635 ], [ 109.16925, -6.847773 ], [ 109.172524, -6.851041 ], [ 109.1745, -6.852869 ], [ 109.176941, -6.854697 ], [ 109.179222, -6.856221 ], [ 109.181206, -6.857287 ], [ 109.185555, -6.859491 ], [ 109.188568, -6.860589 ], [ 109.191338, -6.861336 ], [ 109.193985, -6.861674 ], [ 109.196686, -6.862077 ], [ 109.19899, -6.862417 ], [ 109.202522, -6.862555 ], [ 109.205704, -6.862868 ], [ 109.208916, -6.863005 ], [ 109.212669, -6.862684 ], [ 109.214913, -6.862819 ], [ 109.218651, -6.863085 ], [ 109.219724, -6.86272 ], [ 109.220756, -6.862718 ], [ 109.222878, -6.862427 ], [ 109.225586, -6.862519 ], [ 109.227804, -6.862693 ], [ 109.227788, -6.862667 ], [ 109.22856, -6.862826 ], [ 109.230438, -6.863739 ], [ 109.232536, -6.864732 ], [ 109.235405, -6.86579 ], [ 109.237755, -6.866672 ], [ 109.240379, -6.867481 ], [ 109.242805, -6.868186 ], [ 109.244736, -6.868821 ], [ 109.247276, -6.869387 ], [ 109.25, -6.870128 ], [ 109.252037, -6.87069 ], [ 109.254723, -6.871297 ], [ 109.257164, -6.871126 ], [ 109.259239, -6.871708 ], [ 109.261642, -6.87221 ], [ 109.264442, -6.872557 ], [ 109.267601, -6.87255 ], [ 109.269466, -6.872541 ], [ 109.270142, -6.872622 ], [ 109.272812, -6.873059 ], [ 109.275475, -6.873289 ], [ 109.278175, -6.873407 ], [ 109.280395, -6.873383 ], [ 109.282623, -6.873453 ], [ 109.286499, -6.873576 ], [ 109.289346, -6.873126 ], [ 109.290407, -6.873206 ], [ 109.290438, -6.873179 ], [ 109.292396, -6.873158 ], [ 109.295837, -6.873069 ], [ 109.298721, -6.87291 ], [ 109.303337, -6.87232 ], [ 109.306587, -6.871942 ], [ 109.308983, -6.871479 ], [ 109.311287, -6.871089 ], [ 109.31337, -6.870647 ], [ 109.31646, -6.87009 ], [ 109.318504, -6.869602 ], [ 109.321629, -6.869028 ], [ 109.322029, -6.868841 ], [ 109.323306, -6.868415 ], [ 109.325478, -6.867594 ], [ 109.328194, -6.866827 ], [ 109.331718, -6.865716 ], [ 109.333702, -6.865177 ], [ 109.334857, -6.864503 ], [ 109.335556, -6.864338 ], [ 109.337639, -6.863565 ], [ 109.339844, -6.862504 ], [ 109.341936, -6.862427 ], [ 109.342655, -6.862507 ], [ 109.342948, -6.862108 ], [ 109.344116, -6.861878 ], [ 109.347404, -6.862127 ], [ 109.349625, -6.862493 ], [ 109.351944, -6.862901 ], [ 109.35437, -6.863415 ], [ 109.356308, -6.863598 ], [ 109.356522, -6.863363 ], [ 109.358009, -6.866137 ], [ 109.358269, -6.868134 ], [ 109.358818, -6.870481 ], [ 109.359314, -6.873073 ], [ 109.360031, -6.874964 ], [ 109.360291, -6.877015 ], [ 109.359047, -6.878837 ], [ 109.359589, -6.881631 ], [ 109.358078, -6.883351 ], [ 109.356499, -6.884851 ], [ 109.354607, -6.886173 ], [ 109.355591, -6.887999 ], [ 109.354126, -6.890276 ], [ 109.35215, -6.889721 ], [ 109.350639, -6.891454 ], [ 109.34993, -6.893425 ], [ 109.349609, -6.895585 ], [ 109.348694, -6.897602 ], [ 109.346741, -6.898221 ], [ 109.345139, -6.899484 ], [ 109.343071, -6.899618 ], [ 109.341232, -6.900927 ], [ 109.339485, -6.902339 ], [ 109.340897, -6.903893 ], [ 109.339165, -6.905112 ], [ 109.337532, -6.903698 ], [ 109.336281, -6.905365 ], [ 109.337303, -6.907376 ], [ 109.336357, -6.909491 ], [ 109.337814, -6.911057 ], [ 109.334892, -6.913385 ], [ 109.332924, -6.914166 ], [ 109.332886, -6.916167 ], [ 109.3321, -6.91859 ], [ 109.330338, -6.919992 ], [ 109.328751, -6.92131 ], [ 109.327774, -6.924061 ], [ 109.325554, -6.924679 ], [ 109.326454, -6.92659 ], [ 109.328567, -6.927056 ], [ 109.328934, -6.929049 ], [ 109.328903, -6.931243 ], [ 109.328003, -6.933156 ], [ 109.331375, -6.934647 ], [ 109.33332, -6.937716 ], [ 109.331886, -6.939353 ], [ 109.333008, -6.941447 ], [ 109.33332, -6.945541 ], [ 109.331352, -6.947756 ], [ 109.331627, -6.949766 ], [ 109.330467, -6.951694 ], [ 109.329178, -6.953562 ], [ 109.329903, -6.955801 ], [ 109.334389, -6.955136 ], [ 109.335701, -6.9568 ], [ 109.333618, -6.957825 ], [ 109.331657, -6.958318 ], [ 109.331932, -6.960373 ], [ 109.329849, -6.961225 ], [ 109.327278, -6.961766 ], [ 109.324989, -6.961218 ], [ 109.323448, -6.962664 ], [ 109.324722, -6.964313 ], [ 109.325569, -6.966246 ], [ 109.322983, -6.966667 ], [ 109.321228, -6.965595 ], [ 109.320107, -6.967632 ], [ 109.322136, -6.968483 ], [ 109.321075, -6.970275 ], [ 109.318779, -6.969581 ], [ 109.317375, -6.96782 ], [ 109.316048, -6.970052 ], [ 109.316834, -6.972889 ], [ 109.318069, -6.974809 ], [ 109.319389, -6.976385 ], [ 109.317711, -6.977796 ], [ 109.316086, -6.979336 ], [ 109.315552, -6.981309 ], [ 109.315361, -6.984035 ], [ 109.314072, -6.985765 ], [ 109.312424, -6.986945 ], [ 109.311142, -6.988532 ], [ 109.30909, -6.988447 ], [ 109.3069, -6.988673 ], [ 109.304688, -6.988907 ], [ 109.301483, -6.988003 ] ] ] } },
{ "type": "Feature", "properties": { "STATISTIK": "3323", "KABUPATEN": "TEMANGGUNG", "PROPINSI": "JAWA TENGAH", "LUAS_KM2": "39.9915", "DATA": "BAKOSURTANAL, BPS" }, "geometry": { "type": "Polygon", "coordinates": [ [ [ 110.319252, -7.306043 ], [ 110.318619, -7.307426 ], [ 110.320175, -7.308806 ], [ 110.322769, -7.309493 ], [ 110.32415, -7.309721 ], [ 110.325882, -7.310985 ], [ 110.326599, -7.311379 ], [ 110.327881, -7.312228 ], [ 110.32959, -7.313507 ], [ 110.331291, -7.31522 ], [ 110.333427, -7.316925 ], [ 110.334709, -7.318204 ], [ 110.335976, -7.31991 ], [ 110.33641, -7.320757 ], [ 110.336838, -7.32247 ], [ 110.337929, -7.322847 ], [ 110.337402, -7.324475 ], [ 110.336937, -7.325794 ], [ 110.335663, -7.327854 ], [ 110.334587, -7.329329 ], [ 110.334297, -7.329728 ], [ 110.332825, -7.331028 ], [ 110.331635, -7.33318 ], [ 110.330925, -7.334335 ], [ 110.330841, -7.335456 ], [ 110.329666, -7.336829 ], [ 110.329666, -7.339062 ], [ 110.33094, -7.340661 ], [ 110.332214, -7.342254 ], [ 110.33445, -7.345128 ], [ 110.335411, -7.349277 ], [ 110.335724, -7.353109 ], [ 110.335411, -7.357575 ], [ 110.334129, -7.360767 ], [ 110.331581, -7.363 ], [ 110.327019, -7.364995 ], [ 110.325386, -7.365099 ], [ 110.323479, -7.365099 ], [ 110.320938, -7.365421 ], [ 110.318405, -7.366052 ], [ 110.317131, -7.36669 ], [ 110.315224, -7.367958 ], [ 110.313011, -7.368274 ], [ 110.309197, -7.369226 ], [ 110.306976, -7.369864 ], [ 110.30571, -7.37018 ], [ 110.302849, -7.371132 ], [ 110.301269, -7.372086 ], [ 110.299683, -7.372723 ], [ 110.298729, -7.373354 ], [ 110.297142, -7.374307 ], [ 110.294601, -7.375897 ], [ 110.293335, -7.375897 ], [ 110.291428, -7.377166 ], [ 110.288574, -7.37875 ], [ 110.2854, -7.380025 ], [ 110.283104, -7.381959 ], [ 110.280571, -7.382367 ], [ 110.278038, -7.382602 ], [ 110.273033, -7.382439 ], [ 110.269524, -7.381984 ], [ 110.268143, -7.381751 ], [ 110.267502, -7.381642 ], [ 110.26532, -7.381358 ], [ 110.263245, -7.381016 ], [ 110.262329, -7.3809 ], [ 110.261002, -7.380733 ], [ 110.259041, -7.38062 ], [ 110.256271, -7.378668 ], [ 110.254829, -7.375906 ], [ 110.254478, -7.374178 ], [ 110.254127, -7.372336 ], [ 110.251465, -7.369288 ], [ 110.249336, -7.369235 ], [ 110.247902, -7.369525 ], [ 110.24733, -7.369641 ], [ 110.244911, -7.370107 ], [ 110.241829, -7.371439 ], [ 110.239159, -7.372593 ], [ 110.237213, -7.373922 ], [ 110.234398, -7.377382 ], [ 110.233597, -7.378536 ], [ 110.232681, -7.379286 ], [ 110.230438, -7.379981 ], [ 110.229798, -7.380264 ], [ 110.228737, -7.380734 ], [ 110.227043, -7.381485 ], [ 110.225151, -7.382871 ], [ 110.224403, -7.383851 ], [ 110.223686, -7.385246 ], [ 110.222748, -7.387079 ], [ 110.221771, -7.388521 ], [ 110.221138, -7.389616 ], [ 110.220001, -7.392268 ], [ 110.219894, -7.3928 ], [ 110.218979, -7.397453 ], [ 110.217941, -7.398146 ], [ 110.215637, -7.397344 ], [ 110.215347, -7.39625 ], [ 110.215057, -7.394638 ], [ 110.214821, -7.393025 ], [ 110.214417, -7.391874 ], [ 110.213608, -7.391185 ], [ 110.212341, -7.390611 ], [ 110.21061, -7.390096 ], [ 110.207321, -7.387395 ], [ 110.204613, -7.385384 ], [ 110.203171, -7.384792 ], [ 110.200981, -7.383893 ], [ 110.198906, -7.383551 ], [ 110.195076, -7.383641 ], [ 110.193558, -7.383676 ], [ 110.191734, -7.383603 ], [ 110.185326, -7.383346 ], [ 110.182213, -7.38266 ], [ 110.17968, -7.381743 ], [ 110.178291, -7.381475 ], [ 110.177605, -7.381343 ], [ 110.176056, -7.38142 ], [ 110.175194, -7.381463 ], [ 110.173599, -7.381817 ], [ 110.172317, -7.382102 ], [ 110.17086, -7.382606 ], [ 110.170479, -7.382739 ], [ 110.167892, -7.383607 ], [ 110.164375, -7.384229 ], [ 110.163055, -7.38471 ], [ 110.161201, -7.384825 ], [ 110.15828, -7.385007 ], [ 110.155113, -7.385013 ], [ 110.151444, -7.384043 ], [ 110.150566, -7.383811 ], [ 110.148613, -7.383815 ], [ 110.146141, -7.384741 ], [ 110.142517, -7.386763 ], [ 110.138664, -7.387865 ], [ 110.137116, -7.387596 ], [ 110.13636, -7.387465 ], [ 110.133194, -7.38678 ], [ 110.130661, -7.38546 ], [ 110.128754, -7.384081 ], [ 110.125183, -7.382763 ], [ 110.120064, -7.383578 ], [ 110.118225, -7.383755 ], [ 110.114883, -7.383991 ], [ 110.113808, -7.383993 ], [ 110.112236, -7.383996 ], [ 110.10965, -7.384288 ], [ 110.104355, -7.38522 ], [ 110.10038, -7.385673 ], [ 110.097168, -7.386039 ], [ 110.093025, -7.386161 ], [ 110.08519, -7.38416 ], [ 110.083176, -7.38353 ], [ 110.080124, -7.384572 ], [ 110.076736, -7.385903 ], [ 110.074608, -7.385964 ], [ 110.073959, -7.382798 ], [ 110.073425, -7.381441 ], [ 110.072922, -7.38015 ], [ 110.072159, -7.379047 ], [ 110.071129, -7.377562 ], [ 110.070236, -7.376631 ], [ 110.069969, -7.376355 ], [ 110.066566, -7.373538 ], [ 110.064568, -7.372085 ], [ 110.062302, -7.370436 ], [ 110.058205, -7.367103 ], [ 110.055664, -7.364228 ], [ 110.052948, -7.361008 ], [ 110.051788, -7.358591 ], [ 110.050056, -7.356118 ], [ 110.047341, -7.353473 ], [ 110.044517, -7.351808 ], [ 110.041176, -7.350489 ], [ 110.037659, -7.348135 ], [ 110.034889, -7.346411 ], [ 110.032646, -7.344452 ], [ 110.032471, -7.344301 ], [ 110.029991, -7.342021 ], [ 110.029579, -7.34164 ], [ 110.026871, -7.338996 ], [ 110.023918, -7.332494 ], [ 110.022583, -7.33048 ], [ 110.01992, -7.325359 ], [ 110.017784, -7.320929 ], [ 110.01432, -7.318285 ], [ 110.012131, -7.317253 ], [ 110.010513, -7.315643 ], [ 110.009125, -7.313169 ], [ 110.00647, -7.30966 ], [ 110.004677, -7.307187 ], [ 110.003349, -7.305923 ], [ 110.001846, -7.304543 ], [ 110.001419, -7.304053 ], [ 109.999596, -7.301955 ], [ 109.998321, -7.300172 ], [ 109.996475, -7.297641 ], [ 109.995201, -7.294361 ], [ 109.994446, -7.291828 ], [ 109.994598, -7.286932 ], [ 109.994538, -7.284341 ], [ 109.993896, -7.282383 ], [ 109.99337, -7.279044 ], [ 109.992775, -7.272365 ], [ 109.992592, -7.269658 ], [ 109.992523, -7.265857 ], [ 109.993149, -7.263206 ], [ 109.993042, -7.261708 ], [ 109.992912, -7.259866 ], [ 109.992271, -7.258946 ], [ 109.991234, -7.257566 ], [ 109.989731, -7.25538 ], [ 109.988571, -7.253424 ], [ 109.986267, -7.250951 ], [ 109.984306, -7.249745 ], [ 109.983811, -7.249319 ], [ 109.981362, -7.247217 ], [ 109.976288, -7.244864 ], [ 109.972656, -7.242049 ], [ 109.970757, -7.240843 ], [ 109.967934, -7.239408 ], [ 109.965332, -7.237454 ], [ 109.962677, -7.234349 ], [ 109.959969, -7.231878 ], [ 109.95787, -7.22497 ], [ 109.956825, -7.221977 ], [ 109.955956, -7.219157 ], [ 109.95491, -7.216807 ], [ 109.954384, -7.215626 ], [ 109.953117, -7.212769 ], [ 109.951614, -7.211504 ], [ 109.950409, -7.210931 ], [ 109.947525, -7.210187 ], [ 109.945686, -7.209384 ], [ 109.943321, -7.20743 ], [ 109.938866, -7.201218 ], [ 109.936676, -7.198342 ], [ 109.94001, -7.197818 ], [ 109.944206, -7.19735 ], [ 109.947144, -7.196538 ], [ 109.94944, -7.195843 ], [ 109.953865, -7.193877 ], [ 109.957481, -7.191629 ], [ 109.957436, -7.191496 ], [ 109.958977, -7.1907 ], [ 109.959396, -7.190528 ], [ 109.962662, -7.189196 ], [ 109.968575, -7.186018 ], [ 109.974495, -7.183242 ], [ 109.980583, -7.1792 ], [ 109.988052, -7.173772 ], [ 109.991386, -7.171654 ], [ 109.994598, -7.169614 ], [ 109.996147, -7.168229 ], [ 109.997299, -7.166614 ], [ 109.99913, -7.163616 ], [ 110.001137, -7.161193 ], [ 110.003548, -7.159288 ], [ 110.006363, -7.157095 ], [ 110.007858, -7.155701 ], [ 110.009018, -7.15462 ], [ 110.010262, -7.15346 ], [ 110.01503, -7.14965 ], [ 110.017555, -7.147975 ], [ 110.023422, -7.145718 ], [ 110.025261, -7.144851 ], [ 110.026863, -7.143639 ], [ 110.028122, -7.142744 ], [ 110.029221, -7.141964 ], [ 110.031632, -7.139541 ], [ 110.032135, -7.139101 ], [ 110.035538, -7.136136 ], [ 110.038231, -7.133021 ], [ 110.047996, -7.125977 ], [ 110.050835, -7.124149 ], [ 110.053108, -7.122685 ], [ 110.059372, -7.119275 ], [ 110.062057, -7.119017 ], [ 110.069153, -7.118336 ], [ 110.072434, -7.118084 ], [ 110.073753, -7.117982 ], [ 110.075295, -7.117713 ], [ 110.078415, -7.117168 ], [ 110.08094, -7.115896 ], [ 110.083237, -7.113934 ], [ 110.086266, -7.109817 ], [ 110.087479, -7.108167 ], [ 110.093513, -7.104239 ], [ 110.096497, -7.103197 ], [ 110.103912, -7.099613 ], [ 110.11068, -7.096208 ], [ 110.11161, -7.09574 ], [ 110.117073, -7.093311 ], [ 110.128006, -7.093695 ], [ 110.130524, -7.094045 ], [ 110.132095, -7.094264 ], [ 110.137108, -7.095119 ], [ 110.140556, -7.094939 ], [ 110.143036, -7.094417 ], [ 110.144417, -7.094623 ], [ 110.147232, -7.095043 ], [ 110.152649, -7.0963 ], [ 110.15448, -7.09633 ], [ 110.162033, -7.096456 ], [ 110.164391, -7.09576 ], [ 110.166687, -7.095122 ], [ 110.16893, -7.094888 ], [ 110.173256, -7.096205 ], [ 110.176483, -7.099252 ], [ 110.17765, -7.100996 ], [ 110.177872, -7.101323 ], [ 110.179092, -7.104258 ], [ 110.1791, -7.107048 ], [ 110.1791, -7.108634 ], [ 110.17836, -7.1095 ], [ 110.175713, -7.110426 ], [ 110.172989, -7.111304 ], [ 110.16996, -7.112279 ], [ 110.164383, -7.11419 ], [ 110.162087, -7.116037 ], [ 110.160599, -7.118228 ], [ 110.159172, -7.121687 ], [ 110.158028, -7.124396 ], [ 110.157341, -7.125492 ], [ 110.154465, -7.126418 ], [ 110.152626, -7.126133 ], [ 110.148651, -7.125046 ], [ 110.14669, -7.125107 ], [ 110.144913, -7.127184 ], [ 110.145096, -7.130812 ], [ 110.143432, -7.132024 ], [ 110.141998, -7.134043 ], [ 110.141487, -7.136578 ], [ 110.141785, -7.138535 ], [ 110.14444, -7.140777 ], [ 110.146797, -7.140945 ], [ 110.148178, -7.142268 ], [ 110.147438, -7.14417 ], [ 110.148132, -7.146069 ], [ 110.151649, -7.147848 ], [ 110.154129, -7.148304 ], [ 110.156426, -7.148242 ], [ 110.157807, -7.14703 ], [ 110.163902, -7.14581 ], [ 110.16597, -7.14523 ], [ 110.168281, -7.14609 ], [ 110.170814, -7.146777 ], [ 110.172943, -7.147407 ], [ 110.174439, -7.147864 ], [ 110.177841, -7.148262 ], [ 110.181473, -7.151423 ], [ 110.18338, -7.153781 ], [ 110.184769, -7.156197 ], [ 110.185753, -7.157923 ], [ 110.186562, -7.160513 ], [ 110.188248, -7.164714 ], [ 110.188896, -7.169148 ], [ 110.188614, -7.17197 ], [ 110.189018, -7.172949 ], [ 110.190803, -7.174443 ], [ 110.195587, -7.176738 ], [ 110.198418, -7.178115 ], [ 110.201698, -7.179261 ], [ 110.206246, -7.180175 ], [ 110.209244, -7.181149 ], [ 110.213165, -7.182696 ], [ 110.215294, -7.183383 ], [ 110.218811, -7.184587 ], [ 110.220375, -7.184875 ], [ 110.222206, -7.185214 ], [ 110.224563, -7.185671 ], [ 110.225944, -7.1877 ], [ 110.229523, -7.189175 ], [ 110.232063, -7.189919 ], [ 110.23465, -7.190087 ], [ 110.235916, -7.190258 ], [ 110.237183, -7.190371 ], [ 110.239487, -7.189906 ], [ 110.240807, -7.188867 ], [ 110.241455, -7.188369 ], [ 110.242241, -7.18777 ], [ 110.243736, -7.186961 ], [ 110.245979, -7.186496 ], [ 110.249664, -7.187583 ], [ 110.251968, -7.189191 ], [ 110.251633, -7.190632 ], [ 110.251518, -7.192994 ], [ 110.251472, -7.195931 ], [ 110.25148, -7.198062 ], [ 110.251602, -7.200596 ], [ 110.251778, -7.202554 ], [ 110.252884, -7.205029 ], [ 110.253807, -7.206063 ], [ 110.254845, -7.207847 ], [ 110.2556, -7.210783 ], [ 110.256645, -7.213718 ], [ 110.257469, -7.21442 ], [ 110.258263, -7.215098 ], [ 110.260628, -7.216533 ], [ 110.262878, -7.217739 ], [ 110.265823, -7.22165 ], [ 110.268021, -7.226656 ], [ 110.269371, -7.228682 ], [ 110.270973, -7.231086 ], [ 110.272934, -7.233904 ], [ 110.273804, -7.235573 ], [ 110.274384, -7.237358 ], [ 110.274735, -7.238509 ], [ 110.275146, -7.240466 ], [ 110.275268, -7.242654 ], [ 110.276085, -7.246742 ], [ 110.276604, -7.248296 ], [ 110.279205, -7.250826 ], [ 110.281685, -7.252434 ], [ 110.286125, -7.256342 ], [ 110.288147, -7.25777 ], [ 110.290276, -7.259272 ], [ 110.293045, -7.260361 ], [ 110.295349, -7.262373 ], [ 110.295929, -7.263581 ], [ 110.296516, -7.265128 ], [ 110.297264, -7.267092 ], [ 110.297958, -7.268646 ], [ 110.299233, -7.269623 ], [ 110.301994, -7.270251 ], [ 110.305046, -7.270822 ], [ 110.308327, -7.272428 ], [ 110.314621, -7.277082 ], [ 110.316078, -7.278984 ], [ 110.317795, -7.281223 ], [ 110.319549, -7.282695 ], [ 110.32074, -7.283694 ], [ 110.321724, -7.285478 ], [ 110.324043, -7.288366 ], [ 110.325416, -7.290079 ], [ 110.327377, -7.292149 ], [ 110.328819, -7.29324 ], [ 110.331192, -7.294076 ], [ 110.332398, -7.294501 ], [ 110.333717, -7.294959 ], [ 110.335678, -7.296396 ], [ 110.334541, -7.299277 ], [ 110.332642, -7.301066 ], [ 110.326553, -7.304648 ], [ 110.324196, -7.305228 ], [ 110.319252, -7.306043 ] ] ] } },
{ "type": "Feature", "properties": { "STATISTIK": "3312", "KABUPATEN": "WONOGIRI", "PROPINSI": "JAWA TENGAH", "LUAS_KM2": "73.6105", "DATA": "BAKOSURTANAL, BPS" }, "geometry": { "type": "Polygon", "coordinates": [ [ [ 111.296692, -7.870306 ], [ 111.297203, -7.87325 ], [ 111.298203, -7.880308 ], [ 111.297455, -7.882357 ], [ 111.295983, -7.883746 ], [ 111.291916, -7.891198 ], [ 111.28952, -7.897932 ], [ 111.288734, -7.89988 ], [ 111.286926, -7.906837 ], [ 111.283005, -7.91193 ], [ 111.281433, -7.913676 ], [ 111.280548, -7.915522 ], [ 111.279694, -7.917752 ], [ 111.277428, -7.919694 ], [ 111.275398, -7.921491 ], [ 111.274086, -7.923134 ], [ 111.273117, -7.925233 ], [ 111.2733, -7.927711 ], [ 111.274063, -7.929707 ], [ 111.274597, -7.93231 ], [ 111.273315, -7.937395 ], [ 111.268166, -7.944622 ], [ 111.265732, -7.945536 ], [ 111.263603, -7.945887 ], [ 111.261673, -7.946878 ], [ 111.259437, -7.948083 ], [ 111.257157, -7.94888 ], [ 111.254463, -7.948863 ], [ 111.25, -7.94879 ], [ 111.247604, -7.948635 ], [ 111.245346, -7.948564 ], [ 111.243088, -7.948067 ], [ 111.241173, -7.947411 ], [ 111.239105, -7.946741 ], [ 111.236984, -7.945508 ], [ 111.235413, -7.944215 ], [ 111.234123, -7.942638 ], [ 111.232742, -7.941072 ], [ 111.23143, -7.939353 ], [ 111.230011, -7.937822 ], [ 111.228462, -7.936257 ], [ 111.2276, -7.934299 ], [ 111.226112, -7.932508 ], [ 111.224602, -7.930978 ], [ 111.222862, -7.929354 ], [ 111.221008, -7.928192 ], [ 111.219025, -7.927184 ], [ 111.21685, -7.926117 ], [ 111.215004, -7.92695 ], [ 111.214264, -7.928905 ], [ 111.213829, -7.931067 ], [ 111.21344, -7.933132 ], [ 111.213104, -7.935304 ], [ 111.211624, -7.936693 ], [ 111.209755, -7.937441 ], [ 111.20755, -7.938012 ], [ 111.205269, -7.938583 ], [ 111.202812, -7.939023 ], [ 111.200584, -7.939559 ], [ 111.198608, -7.939868 ], [ 111.196335, -7.939774 ], [ 111.19397, -7.939573 ], [ 111.191948, -7.938969 ], [ 111.192123, -7.936964 ], [ 111.193268, -7.934875 ], [ 111.193054, -7.932572 ], [ 111.19191, -7.930651 ], [ 111.190834, -7.928776 ], [ 111.190025, -7.926581 ], [ 111.18914, -7.924363 ], [ 111.187843, -7.92218 ], [ 111.186104, -7.920614 ], [ 111.184204, -7.919298 ], [ 111.181229, -7.920056 ], [ 111.178955, -7.921807 ], [ 111.176865, -7.921617 ], [ 111.174782, -7.921234 ], [ 111.172661, -7.921643 ], [ 111.169937, -7.921595 ], [ 111.167541, -7.92287 ], [ 111.165359, -7.923519 ], [ 111.163445, -7.922831 ], [ 111.161407, -7.922784 ], [ 111.15918, -7.923117 ], [ 111.157234, -7.922027 ], [ 111.156021, -7.923641 ], [ 111.154198, -7.924626 ], [ 111.15229, -7.925517 ], [ 111.15049, -7.926811 ], [ 111.14978, -7.928698 ], [ 111.149002, -7.930763 ], [ 111.147087, -7.931523 ], [ 111.143883, -7.933273 ], [ 111.144424, -7.937849 ], [ 111.14341, -7.939916 ], [ 111.143265, -7.942582 ], [ 111.144012, -7.944565 ], [ 111.145279, -7.946487 ], [ 111.14698, -7.948884 ], [ 111.148865, -7.950807 ], [ 111.148926, -7.952963 ], [ 111.148789, -7.955237 ], [ 111.147079, -7.956359 ], [ 111.146469, -7.95854 ], [ 111.147629, -7.960481 ], [ 111.147102, -7.962476 ], [ 111.146652, -7.964506 ], [ 111.146622, -7.966526 ], [ 111.14444, -7.96655 ], [ 111.142761, -7.967792 ], [ 111.141701, -7.969596 ], [ 111.139801, -7.968909 ], [ 111.137703, -7.96948 ], [ 111.136292, -7.97149 ], [ 111.134316, -7.971915 ], [ 111.13311, -7.973611 ], [ 111.130913, -7.973132 ], [ 111.128746, -7.972222 ], [ 111.12413, -7.973052 ], [ 111.125, -7.975201 ], [ 111.126297, -7.976794 ], [ 111.126709, -7.978834 ], [ 111.126854, -7.980841 ], [ 111.127426, -7.982934 ], [ 111.128403, -7.984777 ], [ 111.128708, -7.986838 ], [ 111.129578, -7.989234 ], [ 111.128235, -7.992372 ], [ 111.131119, -7.995045 ], [ 111.132088, -7.997004 ], [ 111.131706, -7.999058 ], [ 111.131233, -8.001324 ], [ 111.130608, -8.003821 ], [ 111.130188, -8.005854 ], [ 111.131081, -8.00867 ], [ 111.133377, -8.010879 ], [ 111.135216, -8.013097 ], [ 111.135948, -8.016059 ], [ 111.136253, -8.018265 ], [ 111.136314, -8.021352 ], [ 111.135185, -8.02447 ], [ 111.132363, -8.028883 ], [ 111.130768, -8.030458 ], [ 111.129845, -8.032748 ], [ 111.128509, -8.034699 ], [ 111.126884, -8.036165 ], [ 111.126129, -8.039112 ], [ 111.127068, -8.043006 ], [ 111.127174, -8.047386 ], [ 111.126846, -8.050798 ], [ 111.126755, -8.053514 ], [ 111.126625, -8.055686 ], [ 111.126404, -8.058646 ], [ 111.126442, -8.061049 ], [ 111.127556, -8.063032 ], [ 111.124985, -8.064981 ], [ 111.123398, -8.062506 ], [ 111.122185, -8.060537 ], [ 111.120232, -8.059918 ], [ 111.11766, -8.0593 ], [ 111.115318, -8.058063 ], [ 111.11351, -8.056741 ], [ 111.111473, -8.056938 ], [ 111.109352, -8.057558 ], [ 111.107124, -8.05882 ], [ 111.104981, -8.059002 ], [ 111.102867, -8.059348 ], [ 111.100807, -8.059341 ], [ 111.098907, -8.060081 ], [ 111.096847, -8.060769 ], [ 111.095344, -8.062143 ], [ 111.096314, -8.064106 ], [ 111.094269, -8.065066 ], [ 111.091797, -8.066529 ], [ 111.090805, -8.068933 ], [ 111.089592, -8.071418 ], [ 111.088882, -8.073549 ], [ 111.090111, -8.075545 ], [ 111.091103, -8.079523 ], [ 111.092239, -8.081206 ], [ 111.09169, -8.083161 ], [ 111.089951, -8.084901 ], [ 111.086182, -8.083384 ], [ 111.084389, -8.082493 ], [ 111.083351, -8.080664 ], [ 111.080902, -8.079809 ], [ 111.079635, -8.078146 ], [ 111.07856, -8.076429 ], [ 111.077667, -8.074309 ], [ 111.076538, -8.072432 ], [ 111.075272, -8.070714 ], [ 111.07341, -8.069695 ], [ 111.071281, -8.069186 ], [ 111.070961, -8.066986 ], [ 111.071732, -8.064027 ], [ 111.069527, -8.063221 ], [ 111.067207, -8.063009 ], [ 111.065422, -8.064744 ], [ 111.064705, -8.066711 ], [ 111.063202, -8.068086 ], [ 111.061149, -8.067793 ], [ 111.059013, -8.067759 ], [ 111.057037, -8.068501 ], [ 111.054985, -8.069778 ], [ 111.05587, -8.071844 ], [ 111.053863, -8.072511 ], [ 111.051529, -8.073162 ], [ 111.049767, -8.074639 ], [ 111.047554, -8.074868 ], [ 111.045456, -8.074588 ], [ 111.043282, -8.075445 ], [ 111.04126, -8.075965 ], [ 111.039215, -8.076535 ], [ 111.038208, -8.078408 ], [ 111.037056, -8.080045 ], [ 111.035103, -8.080776 ], [ 111.032967, -8.08107 ], [ 111.030952, -8.080923 ], [ 111.027916, -8.080696 ], [ 111.025353, -8.080078 ], [ 111.023491, -8.079216 ], [ 111.022507, -8.077312 ], [ 111.018715, -8.077637 ], [ 111.015045, -8.076493 ], [ 111.012741, -8.076728 ], [ 111.00856, -8.077249 ], [ 111.006172, -8.077249 ], [ 111.004066, -8.077265 ], [ 111.001076, -8.078338 ], [ 111.0, -8.080327 ], [ 110.997787, -8.080453 ], [ 110.995857, -8.081434 ], [ 110.993797, -8.082449 ], [ 110.991707, -8.081409 ], [ 110.989311, -8.079427 ], [ 110.987869, -8.077823 ], [ 110.98616, -8.076036 ], [ 110.983986, -8.074243 ], [ 110.982216, -8.073093 ], [ 110.979965, -8.07319 ], [ 110.97792, -8.073225 ], [ 110.975342, -8.073377 ], [ 110.973831, -8.072019 ], [ 110.972115, -8.070975 ], [ 110.969216, -8.069973 ], [ 110.96769, -8.068528 ], [ 110.965668, -8.067497 ], [ 110.963493, -8.06646 ], [ 110.961945, -8.06485 ], [ 110.959091, -8.063411 ], [ 110.957001, -8.062996 ], [ 110.95488, -8.062425 ], [ 110.952728, -8.062686 ], [ 110.951874, -8.064506 ], [ 110.952537, -8.066866 ], [ 110.952164, -8.069193 ], [ 110.950752, -8.070629 ], [ 110.949242, -8.072043 ], [ 110.947365, -8.073151 ], [ 110.945816, -8.075244 ], [ 110.944794, -8.077118 ], [ 110.944183, -8.079667 ], [ 110.943268, -8.081943 ], [ 110.942032, -8.083589 ], [ 110.942245, -8.085724 ], [ 110.942284, -8.088159 ], [ 110.939888, -8.089502 ], [ 110.937752, -8.090885 ], [ 110.936028, -8.092814 ], [ 110.934845, -8.094864 ], [ 110.933807, -8.097556 ], [ 110.932457, -8.099616 ], [ 110.93161, -8.101488 ], [ 110.929039, -8.103034 ], [ 110.92672, -8.104807 ], [ 110.925568, -8.106483 ], [ 110.924721, -8.109067 ], [ 110.924263, -8.111421 ], [ 110.923508, -8.113952 ], [ 110.922287, -8.115652 ], [ 110.921143, -8.117942 ], [ 110.918579, -8.119417 ], [ 110.916893, -8.121118 ], [ 110.914398, -8.121568 ], [ 110.911384, -8.122452 ], [ 110.908981, -8.123875 ], [ 110.908455, -8.127806 ], [ 110.909378, -8.129731 ], [ 110.909836, -8.133151 ], [ 110.909279, -8.13753 ], [ 110.908707, -8.139739 ], [ 110.907799, -8.142162 ], [ 110.906868, -8.144492 ], [ 110.9058, -8.146904 ], [ 110.904961, -8.148742 ], [ 110.903892, -8.150744 ], [ 110.902954, -8.152769 ], [ 110.902267, -8.154759 ], [ 110.902466, -8.157017 ], [ 110.902786, -8.159432 ], [ 110.902443, -8.16182 ], [ 110.90107, -8.16367 ], [ 110.899986, -8.165859 ], [ 110.900513, -8.168107 ], [ 110.901833, -8.169711 ], [ 110.901077, -8.172182 ], [ 110.900108, -8.17402 ], [ 110.899193, -8.176022 ], [ 110.898796, -8.178012 ], [ 110.898933, -8.180202 ], [ 110.900192, -8.18197 ], [ 110.901176, -8.183773 ], [ 110.899895, -8.18567 ], [ 110.901214, -8.187964 ], [ 110.902954, -8.18909 ], [ 110.904022, -8.191279 ], [ 110.904518, -8.193328 ], [ 110.904976, -8.195577 ], [ 110.905174, -8.197825 ], [ 110.906631, -8.199417 ], [ 110.907059, -8.201385 ], [ 110.908241, -8.203666 ], [ 110.908455, -8.207402 ], [ 110.908043, -8.209363 ], [ 110.907555, -8.210798 ], [ 110.906819, -8.210626 ], [ 110.90567, -8.210314 ], [ 110.903687, -8.210696 ], [ 110.902726, -8.210847 ], [ 110.902162, -8.21195 ], [ 110.901917, -8.211974 ], [ 110.901599, -8.211313 ], [ 110.90128, -8.211215 ], [ 110.900882, -8.211712 ], [ 110.900197, -8.211583 ], [ 110.89954, -8.21146 ], [ 110.899515, -8.211754 ], [ 110.898857, -8.211865 ], [ 110.898118, -8.211925 ], [ 110.897937, -8.211602 ], [ 110.896629, -8.211229 ], [ 110.896451, -8.211558 ], [ 110.896084, -8.211558 ], [ 110.895741, -8.211754 ], [ 110.895054, -8.211435 ], [ 110.894371, -8.211597 ], [ 110.89241, -8.210966 ], [ 110.890936, -8.211754 ], [ 110.890266, -8.211315 ], [ 110.889858, -8.211288 ], [ 110.889417, -8.210577 ], [ 110.888755, -8.210455 ], [ 110.888515, -8.210601 ], [ 110.88829, -8.210509 ], [ 110.887628, -8.210112 ], [ 110.887353, -8.210124 ], [ 110.886623, -8.210136 ], [ 110.886078, -8.209599 ], [ 110.885544, -8.210577 ], [ 110.884827, -8.211243 ], [ 110.884613, -8.211558 ], [ 110.882652, -8.211601 ], [ 110.881157, -8.211411 ], [ 110.880906, -8.210874 ], [ 110.880257, -8.210604 ], [ 110.879466, -8.209817 ], [ 110.879085, -8.209752 ], [ 110.878706, -8.209891 ], [ 110.878555, -8.209367 ], [ 110.876769, -8.209131 ], [ 110.87645, -8.208976 ], [ 110.875274, -8.208322 ], [ 110.874811, -8.207771 ], [ 110.874147, -8.20771 ], [ 110.874294, -8.207391 ], [ 110.873962, -8.20674 ], [ 110.872799, -8.205773 ], [ 110.87178, -8.205759 ], [ 110.870838, -8.206067 ], [ 110.869907, -8.206043 ], [ 110.869294, -8.205798 ], [ 110.868902, -8.205455 ], [ 110.868248, -8.205505 ], [ 110.867554, -8.205945 ], [ 110.867169, -8.205712 ], [ 110.866598, -8.205455 ], [ 110.866119, -8.205914 ], [ 110.865446, -8.205847 ], [ 110.864006, -8.205015 ], [ 110.862455, -8.205283 ], [ 110.862364, -8.205518 ], [ 110.862602, -8.20619 ], [ 110.862431, -8.206729 ], [ 110.861646, -8.206263 ], [ 110.861132, -8.206263 ], [ 110.860568, -8.206067 ], [ 110.860069, -8.205861 ], [ 110.859661, -8.205626 ], [ 110.859393, -8.205879 ], [ 110.859196, -8.206116 ], [ 110.85873, -8.205896 ], [ 110.858563, -8.205272 ], [ 110.858192, -8.205127 ], [ 110.857658, -8.205208 ], [ 110.857014, -8.204842 ], [ 110.856671, -8.205357 ], [ 110.85614, -8.205195 ], [ 110.854955, -8.205136 ], [ 110.853508, -8.206011 ], [ 110.853313, -8.20619 ], [ 110.852798, -8.205773 ], [ 110.852038, -8.205675 ], [ 110.851524, -8.205098 ], [ 110.850837, -8.204842 ], [ 110.850323, -8.205103 ], [ 110.849472, -8.205107 ], [ 110.849244, -8.204425 ], [ 110.848779, -8.204008 ], [ 110.847916, -8.203779 ], [ 110.847578, -8.203665 ], [ 110.847136, -8.203788 ], [ 110.846916, -8.20418 ], [ 110.846524, -8.204278 ], [ 110.846115, -8.204736 ], [ 110.845788, -8.205357 ], [ 110.84547, -8.205111 ], [ 110.84516, -8.205018 ], [ 110.844759, -8.205136 ], [ 110.844612, -8.204695 ], [ 110.844633, -8.204214 ], [ 110.844223, -8.204069 ], [ 110.843705, -8.204254 ], [ 110.843398, -8.204686 ], [ 110.842384, -8.205444 ], [ 110.842136, -8.205308 ], [ 110.841976, -8.204603 ], [ 110.842161, -8.203641 ], [ 110.841916, -8.203347 ], [ 110.841416, -8.203449 ], [ 110.841229, -8.203714 ], [ 110.840393, -8.204091 ], [ 110.840347, -8.204548 ], [ 110.839808, -8.204989 ], [ 110.839465, -8.206092 ], [ 110.839072, -8.205896 ], [ 110.838837, -8.204946 ], [ 110.838636, -8.204988 ], [ 110.838533, -8.206116 ], [ 110.837994, -8.206165 ], [ 110.837749, -8.206165 ], [ 110.837357, -8.206092 ], [ 110.837822, -8.205161 ], [ 110.837457, -8.20359 ], [ 110.837455, -8.202955 ], [ 110.837062, -8.202758 ], [ 110.836768, -8.203347 ], [ 110.836621, -8.203273 ], [ 110.836468, -8.202618 ], [ 110.836303, -8.202195 ], [ 110.836037, -8.202194 ], [ 110.835837, -8.203175 ], [ 110.834882, -8.203019 ], [ 110.834464, -8.20342 ], [ 110.833165, -8.202293 ], [ 110.832724, -8.202538 ], [ 110.832762, -8.202893 ], [ 110.832602, -8.203739 ], [ 110.832013, -8.203616 ], [ 110.831131, -8.202391 ], [ 110.830665, -8.201975 ], [ 110.830249, -8.201557 ], [ 110.829643, -8.201585 ], [ 110.828888, -8.198604 ], [ 110.828819, -8.196573 ], [ 110.829659, -8.194227 ], [ 110.83107, -8.192751 ], [ 110.833344, -8.191191 ], [ 110.834625, -8.189264 ], [ 110.833923, -8.186801 ], [ 110.833137, -8.184737 ], [ 110.83255, -8.180795 ], [ 110.833031, -8.178785 ], [ 110.833939, -8.176764 ], [ 110.83387, -8.174534 ], [ 110.832207, -8.173023 ], [ 110.829948, -8.171918 ], [ 110.827621, -8.170961 ], [ 110.825752, -8.168957 ], [ 110.824608, -8.166723 ], [ 110.823715, -8.164241 ], [ 110.82309, -8.161266 ], [ 110.82122, -8.16033 ], [ 110.819366, -8.159256 ], [ 110.817558, -8.156309 ], [ 110.816414, -8.154138 ], [ 110.816742, -8.151926 ], [ 110.817177, -8.149961 ], [ 110.817848, -8.147783 ], [ 110.818725, -8.145495 ], [ 110.817123, -8.14363 ], [ 110.815002, -8.145049 ], [ 110.813393, -8.146356 ], [ 110.811699, -8.147425 ], [ 110.811661, -8.149434 ], [ 110.810867, -8.151287 ], [ 110.810791, -8.153347 ], [ 110.809853, -8.15537 ], [ 110.807808, -8.15671 ], [ 110.805817, -8.158015 ], [ 110.803642, -8.159708 ], [ 110.801659, -8.160845 ], [ 110.799301, -8.162555 ], [ 110.79715, -8.162592 ], [ 110.795265, -8.161812 ], [ 110.793068, -8.160456 ], [ 110.790993, -8.158994 ], [ 110.78936, -8.157165 ], [ 110.787971, -8.155 ], [ 110.787025, -8.153211 ], [ 110.786148, -8.15059 ], [ 110.785652, -8.148578 ], [ 110.785805, -8.14613 ], [ 110.785729, -8.143868 ], [ 110.785538, -8.141706 ], [ 110.785644, -8.138678 ], [ 110.786476, -8.136507 ], [ 110.786919, -8.134535 ], [ 110.787125, -8.132499 ], [ 110.787422, -8.130333 ], [ 110.787964, -8.127854 ], [ 110.789795, -8.125 ], [ 110.789429, -8.122281 ], [ 110.789268, -8.120235 ], [ 110.789322, -8.118039 ], [ 110.789169, -8.114723 ], [ 110.788551, -8.111655 ], [ 110.788483, -8.109557 ], [ 110.788017, -8.106666 ], [ 110.787735, -8.104046 ], [ 110.787071, -8.101463 ], [ 110.786224, -8.099213 ], [ 110.784912, -8.096216 ], [ 110.783867, -8.094425 ], [ 110.78318, -8.091736 ], [ 110.781975, -8.089064 ], [ 110.780136, -8.086385 ], [ 110.779411, -8.08403 ], [ 110.779335, -8.081926 ], [ 110.779411, -8.079747 ], [ 110.77961, -8.077679 ], [ 110.779625, -8.075119 ], [ 110.779457, -8.072986 ], [ 110.778938, -8.069525 ], [ 110.778313, -8.067248 ], [ 110.777161, -8.06553 ], [ 110.775268, -8.062337 ], [ 110.773926, -8.060298 ], [ 110.771912, -8.058166 ], [ 110.770958, -8.056126 ], [ 110.770104, -8.054209 ], [ 110.769035, -8.051868 ], [ 110.768455, -8.049414 ], [ 110.768074, -8.046741 ], [ 110.766556, -8.044121 ], [ 110.761429, -8.03646 ], [ 110.758789, -8.034182 ], [ 110.757301, -8.032178 ], [ 110.755974, -8.030082 ], [ 110.755074, -8.027633 ], [ 110.754173, -8.025791 ], [ 110.754646, -8.023138 ], [ 110.754967, -8.020814 ], [ 110.755287, -8.018489 ], [ 110.756027, -8.014792 ], [ 110.756882, -8.012256 ], [ 110.758156, -8.009403 ], [ 110.759422, -8.006657 ], [ 110.761749, -8.003482 ], [ 110.761002, -8.001409 ], [ 110.760529, -7.998209 ], [ 110.760765, -7.996022 ], [ 110.760452, -7.993446 ], [ 110.76078, -7.991149 ], [ 110.763573, -7.991393 ], [ 110.766022, -7.990043 ], [ 110.766975, -7.987217 ], [ 110.767098, -7.984327 ], [ 110.767494, -7.981761 ], [ 110.768433, -7.979481 ], [ 110.76828, -7.975647 ], [ 110.767868, -7.970046 ], [ 110.768761, -7.965843 ], [ 110.76918, -7.961589 ], [ 110.768806, -7.958355 ], [ 110.768288, -7.955642 ], [ 110.7687, -7.95354 ], [ 110.769501, -7.951612 ], [ 110.770607, -7.94917 ], [ 110.7715, -7.946605 ], [ 110.771721, -7.944012 ], [ 110.770248, -7.941383 ], [ 110.770561, -7.939216 ], [ 110.770912, -7.93707 ], [ 110.770813, -7.934787 ], [ 110.770409, -7.932749 ], [ 110.771095, -7.930733 ], [ 110.771965, -7.928895 ], [ 110.772125, -7.926809 ], [ 110.770851, -7.9221 ], [ 110.77034, -7.919398 ], [ 110.76989, -7.91739 ], [ 110.769165, -7.915411 ], [ 110.769615, -7.913462 ], [ 110.769844, -7.911028 ], [ 110.769898, -7.908421 ], [ 110.77105, -7.902041 ], [ 110.772491, -7.899491 ], [ 110.773514, -7.897554 ], [ 110.774597, -7.895469 ], [ 110.776703, -7.894348 ], [ 110.777603, -7.892312 ], [ 110.777626, -7.890254 ], [ 110.776314, -7.888118 ], [ 110.775688, -7.886172 ], [ 110.776268, -7.884044 ], [ 110.777268, -7.879737 ], [ 110.778313, -7.877389 ], [ 110.780701, -7.875767 ], [ 110.78344, -7.874164 ], [ 110.783516, -7.872104 ], [ 110.784057, -7.869895 ], [ 110.783096, -7.86751 ], [ 110.783577, -7.86549 ], [ 110.782738, -7.863544 ], [ 110.783493, -7.861531 ], [ 110.784447, -7.859537 ], [ 110.784775, -7.857464 ], [ 110.786858, -7.856728 ], [ 110.788284, -7.855025 ], [ 110.788338, -7.852891 ], [ 110.787697, -7.850929 ], [ 110.785607, -7.851441 ], [ 110.783096, -7.851091 ], [ 110.783478, -7.848931 ], [ 110.78373, -7.846778 ], [ 110.782936, -7.844746 ], [ 110.782783, -7.842421 ], [ 110.782913, -7.840404 ], [ 110.782929, -7.838366 ], [ 110.783462, -7.835853 ], [ 110.783699, -7.833027 ], [ 110.782997, -7.830982 ], [ 110.784019, -7.828895 ], [ 110.784729, -7.826501 ], [ 110.784958, -7.82444 ], [ 110.785438, -7.821632 ], [ 110.785408, -7.819545 ], [ 110.785607, -7.816842 ], [ 110.785797, -7.81362 ], [ 110.783722, -7.811645 ], [ 110.783203, -7.809602 ], [ 110.783081, -7.80737 ], [ 110.782936, -7.805139 ], [ 110.783524, -7.803116 ], [ 110.784683, -7.801162 ], [ 110.786171, -7.799466 ], [ 110.787857, -7.79783 ], [ 110.789787, -7.797031 ], [ 110.791908, -7.796668 ], [ 110.793228, -7.795042 ], [ 110.795532, -7.795072 ], [ 110.797363, -7.796046 ], [ 110.80098, -7.792813 ], [ 110.802483, -7.791144 ], [ 110.804855, -7.791518 ], [ 110.806862, -7.791429 ], [ 110.808998, -7.791468 ], [ 110.810822, -7.79262 ], [ 110.81308, -7.79296 ], [ 110.814674, -7.794217 ], [ 110.816582, -7.793505 ], [ 110.818359, -7.794633 ], [ 110.820885, -7.794737 ], [ 110.823059, -7.794642 ], [ 110.825439, -7.795858 ], [ 110.827309, -7.796724 ], [ 110.82943, -7.796578 ], [ 110.83155, -7.79586 ], [ 110.833725, -7.795756 ], [ 110.835282, -7.797196 ], [ 110.837395, -7.797341 ], [ 110.838623, -7.799058 ], [ 110.840576, -7.7996 ], [ 110.841812, -7.801281 ], [ 110.841209, -7.803209 ], [ 110.840836, -7.805382 ], [ 110.842095, -7.807076 ], [ 110.843452, -7.809514 ], [ 110.845375, -7.811395 ], [ 110.846054, -7.81332 ], [ 110.848358, -7.814348 ], [ 110.850525, -7.814776 ], [ 110.852005, -7.8173 ], [ 110.854622, -7.814806 ], [ 110.856468, -7.813488 ], [ 110.856468, -7.810585 ], [ 110.855408, -7.807683 ], [ 110.854088, -7.803462 ], [ 110.853035, -7.799504 ], [ 110.853302, -7.792909 ], [ 110.854622, -7.781564 ], [ 110.854622, -7.774177 ], [ 110.856468, -7.767845 ], [ 110.858574, -7.76336 ], [ 110.858368, -7.760294 ], [ 110.862801, -7.756501 ], [ 110.865173, -7.754654 ], [ 110.871239, -7.755181 ], [ 110.876778, -7.756764 ], [ 110.88047, -7.757556 ], [ 110.88311, -7.75782 ], [ 110.885223, -7.756764 ], [ 110.888123, -7.755445 ], [ 110.891029, -7.755709 ], [ 110.893402, -7.757556 ], [ 110.897362, -7.759403 ], [ 110.899467, -7.759403 ], [ 110.901581, -7.758875 ], [ 110.904747, -7.758875 ], [ 110.909233, -7.760985 ], [ 110.910812, -7.762568 ], [ 110.912659, -7.764943 ], [ 110.915032, -7.767054 ], [ 110.918449, -7.765192 ], [ 110.920998, -7.7673 ], [ 110.922653, -7.769466 ], [ 110.92453, -7.77074 ], [ 110.927055, -7.770859 ], [ 110.929077, -7.770859 ], [ 110.929672, -7.772962 ], [ 110.931091, -7.775716 ], [ 110.932312, -7.777463 ], [ 110.934395, -7.776693 ], [ 110.935165, -7.778826 ], [ 110.937286, -7.778911 ], [ 110.937935, -7.776718 ], [ 110.938721, -7.774812 ], [ 110.939369, -7.772885 ], [ 110.940033, -7.770733 ], [ 110.940628, -7.768033 ], [ 110.940826, -7.765995 ], [ 110.940399, -7.762113 ], [ 110.940659, -7.760012 ], [ 110.940857, -7.758016 ], [ 110.940994, -7.755807 ], [ 110.940834, -7.753641 ], [ 110.940468, -7.750574 ], [ 110.940697, -7.748174 ], [ 110.940628, -7.746132 ], [ 110.94072, -7.744008 ], [ 110.941177, -7.742014 ], [ 110.941528, -7.739739 ], [ 110.943932, -7.739323 ], [ 110.94606, -7.737869 ], [ 110.94812, -7.737164 ], [ 110.950707, -7.736379 ], [ 110.953781, -7.735428 ], [ 110.956055, -7.735273 ], [ 110.957901, -7.73425 ], [ 110.960297, -7.734592 ], [ 110.961136, -7.736465 ], [ 110.959046, -7.737249 ], [ 110.956947, -7.73829 ], [ 110.954964, -7.739482 ], [ 110.953262, -7.740716 ], [ 110.951325, -7.740183 ], [ 110.950157, -7.741965 ], [ 110.948647, -7.743413 ], [ 110.946731, -7.744166 ], [ 110.945015, -7.745656 ], [ 110.944382, -7.74772 ], [ 110.94487, -7.75 ], [ 110.945358, -7.752276 ], [ 110.946808, -7.753856 ], [ 110.948227, -7.755461 ], [ 110.948265, -7.757892 ], [ 110.948585, -7.75989 ], [ 110.948792, -7.76266 ], [ 110.949997, -7.764608 ], [ 110.951034, -7.766476 ], [ 110.951263, -7.768684 ], [ 110.953629, -7.767256 ], [ 110.955353, -7.76867 ], [ 110.957092, -7.76724 ], [ 110.95929, -7.765992 ], [ 110.961891, -7.765376 ], [ 110.965538, -7.762316 ], [ 110.968826, -7.758667 ], [ 110.970863, -7.758351 ], [ 110.971848, -7.761986 ], [ 110.970909, -7.764415 ], [ 110.968826, -7.765407 ], [ 110.96685, -7.766109 ], [ 110.964752, -7.766749 ], [ 110.9664, -7.76914 ], [ 110.96846, -7.77052 ], [ 110.970017, -7.769081 ], [ 110.970993, -7.767214 ], [ 110.973297, -7.766592 ], [ 110.974579, -7.764908 ], [ 110.976692, -7.76391 ], [ 110.978714, -7.76287 ], [ 110.980911, -7.761962 ], [ 110.984146, -7.762092 ], [ 110.986465, -7.761736 ], [ 110.986969, -7.763886 ], [ 110.98912, -7.763582 ], [ 110.990723, -7.767128 ], [ 110.992424, -7.765833 ], [ 110.994309, -7.764827 ], [ 110.996353, -7.764489 ], [ 110.998497, -7.765304 ], [ 111.001045, -7.765405 ], [ 111.003036, -7.765083 ], [ 111.004257, -7.763389 ], [ 111.005684, -7.764945 ], [ 111.007355, -7.763723 ], [ 111.010712, -7.762398 ], [ 111.014031, -7.760664 ], [ 111.016189, -7.760728 ], [ 111.020088, -7.759888 ], [ 111.021721, -7.761123 ], [ 111.02079, -7.763094 ], [ 111.021301, -7.765138 ], [ 111.022774, -7.766676 ], [ 111.024918, -7.767451 ], [ 111.026764, -7.76883 ], [ 111.029236, -7.768148 ], [ 111.031067, -7.76718 ], [ 111.033356, -7.76805 ], [ 111.034752, -7.769614 ], [ 111.034622, -7.771661 ], [ 111.034622, -7.773881 ], [ 111.035866, -7.77547 ], [ 111.039703, -7.775905 ], [ 111.039681, -7.778397 ], [ 111.039711, -7.780506 ], [ 111.041931, -7.780433 ], [ 111.043747, -7.781463 ], [ 111.047089, -7.782533 ], [ 111.048737, -7.781256 ], [ 111.050499, -7.779386 ], [ 111.051628, -7.776231 ], [ 111.050148, -7.774162 ], [ 111.048912, -7.771864 ], [ 111.048523, -7.769756 ], [ 111.048119, -7.767332 ], [ 111.047882, -7.765174 ], [ 111.048699, -7.763254 ], [ 111.050407, -7.759228 ], [ 111.055458, -7.758303 ], [ 111.057785, -7.756427 ], [ 111.061089, -7.755526 ], [ 111.063118, -7.756051 ], [ 111.065514, -7.756727 ], [ 111.067772, -7.755451 ], [ 111.06942, -7.752598 ], [ 111.071594, -7.750496 ], [ 111.074074, -7.748845 ], [ 111.076103, -7.748545 ], [ 111.07843, -7.749146 ], [ 111.080528, -7.74907 ], [ 111.083084, -7.74862 ], [ 111.085487, -7.749371 ], [ 111.089165, -7.750046 ], [ 111.091789, -7.749896 ], [ 111.094719, -7.749296 ], [ 111.098091, -7.747118 ], [ 111.101395, -7.744041 ], [ 111.103615, -7.741939 ], [ 111.105789, -7.740813 ], [ 111.107514, -7.742765 ], [ 111.107437, -7.745467 ], [ 111.108719, -7.74787 ], [ 111.111191, -7.747419 ], [ 111.113144, -7.746368 ], [ 111.116447, -7.743891 ], [ 111.118401, -7.741939 ], [ 111.121704, -7.737285 ], [ 111.124931, -7.732781 ], [ 111.126732, -7.730154 ], [ 111.127335, -7.727752 ], [ 111.125008, -7.725875 ], [ 111.123131, -7.725049 ], [ 111.122902, -7.723023 ], [ 111.125229, -7.721221 ], [ 111.127373, -7.719645 ], [ 111.134201, -7.716417 ], [ 111.139427, -7.714949 ], [ 111.142006, -7.713307 ], [ 111.141182, -7.711078 ], [ 111.140831, -7.70885 ], [ 111.142822, -7.708615 ], [ 111.150566, -7.710726 ], [ 111.155144, -7.712955 ], [ 111.159477, -7.71401 ], [ 111.161942, -7.715535 ], [ 111.163796, -7.714321 ], [ 111.166367, -7.716595 ], [ 111.169251, -7.715137 ], [ 111.171295, -7.714297 ], [ 111.173058, -7.713254 ], [ 111.174767, -7.711959 ], [ 111.176376, -7.713633 ], [ 111.17897, -7.714498 ], [ 111.179802, -7.712624 ], [ 111.18203, -7.712367 ], [ 111.184189, -7.71261 ], [ 111.186279, -7.713021 ], [ 111.188362, -7.713484 ], [ 111.190155, -7.712592 ], [ 111.192215, -7.712997 ], [ 111.193657, -7.714458 ], [ 111.195091, -7.716127 ], [ 111.197143, -7.716863 ], [ 111.198875, -7.718046 ], [ 111.199997, -7.719987 ], [ 111.201874, -7.721185 ], [ 111.204712, -7.721118 ], [ 111.208244, -7.721288 ], [ 111.2099, -7.722434 ], [ 111.212295, -7.722752 ], [ 111.214203, -7.723676 ], [ 111.214714, -7.725791 ], [ 111.215515, -7.728367 ], [ 111.214516, -7.730529 ], [ 111.213631, -7.732627 ], [ 111.214752, -7.734573 ], [ 111.215683, -7.736661 ], [ 111.216553, -7.738479 ], [ 111.218361, -7.739502 ], [ 111.220467, -7.739589 ], [ 111.222618, -7.739748 ], [ 111.224426, -7.740923 ], [ 111.225723, -7.742639 ], [ 111.227424, -7.743916 ], [ 111.228638, -7.74566 ], [ 111.230354, -7.746701 ], [ 111.232742, -7.747743 ], [ 111.234886, -7.746493 ], [ 111.238098, -7.745421 ], [ 111.239532, -7.743636 ], [ 111.240959, -7.741851 ], [ 111.245781, -7.741851 ], [ 111.250419, -7.743279 ], [ 111.252922, -7.74435 ], [ 111.255241, -7.745065 ], [ 111.257919, -7.746136 ], [ 111.260414, -7.746314 ], [ 111.263985, -7.746314 ], [ 111.268272, -7.7456 ], [ 111.272911, -7.745421 ], [ 111.275947, -7.745421 ], [ 111.27916, -7.745421 ], [ 111.28273, -7.74435 ], [ 111.284515, -7.746493 ], [ 111.28273, -7.749349 ], [ 111.28273, -7.75167 ], [ 111.285233, -7.753634 ], [ 111.287018, -7.755776 ], [ 111.286911, -7.759317 ], [ 111.280594, -7.765417 ], [ 111.279701, -7.768095 ], [ 111.278984, -7.771843 ], [ 111.279701, -7.777021 ], [ 111.281128, -7.782555 ], [ 111.284515, -7.789517 ], [ 111.287468, -7.792929 ], [ 111.289871, -7.795588 ], [ 111.293083, -7.799515 ], [ 111.295761, -7.803621 ], [ 111.297012, -7.807906 ], [ 111.297996, -7.812012 ], [ 111.300316, -7.815047 ], [ 111.30246, -7.818974 ], [ 111.303711, -7.822188 ], [ 111.303177, -7.825937 ], [ 111.301567, -7.828972 ], [ 111.301392, -7.831293 ], [ 111.30246, -7.834149 ], [ 111.305138, -7.837363 ], [ 111.308708, -7.840041 ], [ 111.311211, -7.842719 ], [ 111.31353, -7.846289 ], [ 111.314331, -7.848431 ], [ 111.316116, -7.850216 ], [ 111.317901, -7.851645 ], [ 111.319305, -7.854368 ], [ 111.316284, -7.85611 ], [ 111.313972, -7.855616 ], [ 111.311966, -7.856325 ], [ 111.309563, -7.857706 ], [ 111.30748, -7.858724 ], [ 111.305336, -7.85872 ], [ 111.302254, -7.859685 ], [ 111.299675, -7.859858 ], [ 111.29779, -7.862027 ], [ 111.297279, -7.865065 ], [ 111.296913, -7.867311 ], [ 111.296692, -7.870306 ] ], [ [ 110.952332, -7.854529 ], [ 110.949829, -7.852784 ], [ 110.953056, -7.85098 ], [ 110.951759, -7.84927 ], [ 110.95269, -7.847005 ], [ 110.95134, -7.845278 ], [ 110.949425, -7.845872 ], [ 110.947411, -7.845729 ], [ 110.94722, -7.843665 ], [ 110.945228, -7.843865 ], [ 110.94442, -7.845785 ], [ 110.942055, -7.844901 ], [ 110.94001, -7.845158 ], [ 110.939415, -7.840585 ], [ 110.938637, -7.838733 ], [ 110.939034, -7.835244 ], [ 110.937004, -7.834888 ], [ 110.935013, -7.835471 ], [ 110.933136, -7.836421 ], [ 110.931236, -7.835573 ], [ 110.929085, -7.836896 ], [ 110.926262, -7.838791 ], [ 110.924744, -7.840373 ], [ 110.923447, -7.842113 ], [ 110.920906, -7.842506 ], [ 110.919396, -7.846558 ], [ 110.917137, -7.847405 ], [ 110.917854, -7.849337 ], [ 110.917694, -7.851423 ], [ 110.917793, -7.85344 ], [ 110.9161, -7.854553 ], [ 110.914444, -7.855761 ], [ 110.910729, -7.856695 ], [ 110.908249, -7.856163 ], [ 110.906784, -7.857601 ], [ 110.906029, -7.859627 ], [ 110.904007, -7.860155 ], [ 110.904717, -7.862846 ], [ 110.901428, -7.862365 ], [ 110.899139, -7.862172 ], [ 110.897324, -7.864438 ], [ 110.899063, -7.865574 ], [ 110.901443, -7.866754 ], [ 110.901993, -7.868824 ], [ 110.897827, -7.868437 ], [ 110.895782, -7.867885 ], [ 110.895767, -7.871006 ], [ 110.892037, -7.873584 ], [ 110.892311, -7.876587 ], [ 110.892029, -7.878617 ], [ 110.891739, -7.88064 ], [ 110.889504, -7.880216 ], [ 110.88916, -7.882211 ], [ 110.890282, -7.883969 ], [ 110.889748, -7.885953 ], [ 110.887535, -7.889734 ], [ 110.883873, -7.889065 ], [ 110.882164, -7.891804 ], [ 110.880188, -7.892365 ], [ 110.878281, -7.891679 ], [ 110.877312, -7.889794 ], [ 110.878128, -7.886288 ], [ 110.875, -7.885911 ], [ 110.872276, -7.887012 ], [ 110.873917, -7.890816 ], [ 110.873444, -7.892764 ], [ 110.873535, -7.896259 ], [ 110.876961, -7.894915 ], [ 110.879089, -7.89808 ], [ 110.87748, -7.899272 ], [ 110.876526, -7.901512 ], [ 110.877396, -7.903335 ], [ 110.875839, -7.904762 ], [ 110.873886, -7.903501 ], [ 110.872879, -7.901691 ], [ 110.869186, -7.901157 ], [ 110.8704, -7.904044 ], [ 110.869812, -7.905958 ], [ 110.870247, -7.908047 ], [ 110.868096, -7.908592 ], [ 110.866173, -7.909932 ], [ 110.864067, -7.911397 ], [ 110.862068, -7.91087 ], [ 110.859917, -7.908212 ], [ 110.857002, -7.909766 ], [ 110.857712, -7.912127 ], [ 110.859855, -7.912585 ], [ 110.858277, -7.914911 ], [ 110.857109, -7.917138 ], [ 110.856163, -7.919215 ], [ 110.859108, -7.919099 ], [ 110.859604, -7.917087 ], [ 110.861786, -7.91719 ], [ 110.865509, -7.917496 ], [ 110.867882, -7.919213 ], [ 110.869919, -7.918988 ], [ 110.871559, -7.917626 ], [ 110.873573, -7.917225 ], [ 110.875641, -7.916861 ], [ 110.875984, -7.91489 ], [ 110.877953, -7.914474 ], [ 110.879562, -7.915868 ], [ 110.880112, -7.917866 ], [ 110.877953, -7.918671 ], [ 110.876083, -7.920333 ], [ 110.875, -7.922141 ], [ 110.872269, -7.924375 ], [ 110.876747, -7.924946 ], [ 110.878624, -7.924212 ], [ 110.88015, -7.925732 ], [ 110.8778, -7.928654 ], [ 110.876594, -7.930443 ], [ 110.880913, -7.931633 ], [ 110.883011, -7.932274 ], [ 110.885216, -7.933317 ], [ 110.885254, -7.935472 ], [ 110.8843, -7.937261 ], [ 110.882126, -7.938529 ], [ 110.881439, -7.940437 ], [ 110.88195, -7.943358 ], [ 110.883736, -7.94684 ], [ 110.8853, -7.948217 ], [ 110.883713, -7.949616 ], [ 110.881897, -7.953672 ], [ 110.883919, -7.957038 ], [ 110.884125, -7.959104 ], [ 110.882668, -7.960697 ], [ 110.884956, -7.962322 ], [ 110.886948, -7.961986 ], [ 110.887497, -7.964183 ], [ 110.889542, -7.963688 ], [ 110.891106, -7.965661 ], [ 110.893036, -7.966305 ], [ 110.89354, -7.968453 ], [ 110.891434, -7.969935 ], [ 110.889694, -7.971509 ], [ 110.887444, -7.972192 ], [ 110.885048, -7.972018 ], [ 110.882813, -7.971579 ], [ 110.883682, -7.974607 ], [ 110.887253, -7.975456 ], [ 110.889519, -7.975167 ], [ 110.890922, -7.976819 ], [ 110.890358, -7.978791 ], [ 110.888626, -7.979989 ], [ 110.888336, -7.982006 ], [ 110.890938, -7.982832 ], [ 110.89595, -7.979885 ], [ 110.899857, -7.978737 ], [ 110.899589, -7.974863 ], [ 110.900238, -7.972376 ], [ 110.902893, -7.973175 ], [ 110.903999, -7.971336 ], [ 110.902191, -7.969933 ], [ 110.901543, -7.967761 ], [ 110.901794, -7.965324 ], [ 110.900704, -7.963168 ], [ 110.899559, -7.961206 ], [ 110.897545, -7.960379 ], [ 110.896523, -7.958633 ], [ 110.896195, -7.956515 ], [ 110.894615, -7.955028 ], [ 110.894089, -7.952765 ], [ 110.896324, -7.952735 ], [ 110.89727, -7.950844 ], [ 110.899063, -7.949605 ], [ 110.899445, -7.947067 ], [ 110.900978, -7.945749 ], [ 110.902458, -7.947357 ], [ 110.903336, -7.949175 ], [ 110.902809, -7.951241 ], [ 110.903572, -7.953139 ], [ 110.902122, -7.954978 ], [ 110.904053, -7.956149 ], [ 110.905975, -7.957222 ], [ 110.905197, -7.959521 ], [ 110.907242, -7.959799 ], [ 110.907448, -7.961973 ], [ 110.909637, -7.961543 ], [ 110.910927, -7.963102 ], [ 110.911728, -7.964964 ], [ 110.913635, -7.965755 ], [ 110.916, -7.967007 ], [ 110.91584, -7.961703 ], [ 110.913788, -7.961325 ], [ 110.912232, -7.959015 ], [ 110.910729, -7.957512 ], [ 110.909553, -7.955735 ], [ 110.909157, -7.95377 ], [ 110.908592, -7.951791 ], [ 110.909408, -7.949856 ], [ 110.911476, -7.949268 ], [ 110.910927, -7.947179 ], [ 110.90963, -7.945647 ], [ 110.908898, -7.943757 ], [ 110.907593, -7.940848 ], [ 110.9114, -7.941729 ], [ 110.912934, -7.943162 ], [ 110.913475, -7.945285 ], [ 110.915611, -7.945725 ], [ 110.917244, -7.944436 ], [ 110.92009, -7.94397 ], [ 110.917877, -7.941677 ], [ 110.915176, -7.941 ], [ 110.916008, -7.939128 ], [ 110.914086, -7.938315 ], [ 110.912407, -7.936741 ], [ 110.910301, -7.936562 ], [ 110.909843, -7.934157 ], [ 110.911781, -7.933342 ], [ 110.912804, -7.931564 ], [ 110.910164, -7.928932 ], [ 110.908074, -7.929396 ], [ 110.90773, -7.931417 ], [ 110.90641, -7.933069 ], [ 110.904259, -7.931692 ], [ 110.902695, -7.930425 ], [ 110.901588, -7.928588 ], [ 110.899361, -7.926352 ], [ 110.899696, -7.924354 ], [ 110.898003, -7.923288 ], [ 110.89756, -7.921183 ], [ 110.899422, -7.920045 ], [ 110.900833, -7.921656 ], [ 110.902977, -7.92233 ], [ 110.904945, -7.923031 ], [ 110.905663, -7.924987 ], [ 110.908066, -7.924824 ], [ 110.907875, -7.922668 ], [ 110.911186, -7.921062 ], [ 110.911949, -7.919199 ], [ 110.910484, -7.917772 ], [ 110.908264, -7.918733 ], [ 110.906235, -7.919002 ], [ 110.904785, -7.91752 ], [ 110.906014, -7.915803 ], [ 110.905037, -7.91334 ], [ 110.90374, -7.911328 ], [ 110.904785, -7.90961 ], [ 110.907089, -7.910745 ], [ 110.907211, -7.912987 ], [ 110.909309, -7.912981 ], [ 110.911034, -7.91192 ], [ 110.913162, -7.909862 ], [ 110.913185, -7.912901 ], [ 110.914246, -7.914695 ], [ 110.915703, -7.916195 ], [ 110.917267, -7.917921 ], [ 110.918465, -7.914187 ], [ 110.921959, -7.916414 ], [ 110.921455, -7.918361 ], [ 110.92334, -7.919206 ], [ 110.924332, -7.916576 ], [ 110.926498, -7.917344 ], [ 110.928696, -7.916261 ], [ 110.929832, -7.920026 ], [ 110.933273, -7.918092 ], [ 110.934586, -7.920054 ], [ 110.93338, -7.921727 ], [ 110.9319, -7.923242 ], [ 110.931915, -7.925324 ], [ 110.9347, -7.924587 ], [ 110.936607, -7.923864 ], [ 110.940513, -7.927138 ], [ 110.941994, -7.923244 ], [ 110.944122, -7.920959 ], [ 110.941872, -7.917506 ], [ 110.939812, -7.916122 ], [ 110.937981, -7.915076 ], [ 110.936554, -7.913264 ], [ 110.934685, -7.912373 ], [ 110.934174, -7.910359 ], [ 110.933624, -7.908402 ], [ 110.935791, -7.908004 ], [ 110.937653, -7.907232 ], [ 110.939659, -7.907641 ], [ 110.942383, -7.905159 ], [ 110.94001, -7.904455 ], [ 110.935623, -7.903162 ], [ 110.933777, -7.901973 ], [ 110.93322, -7.904652 ], [ 110.931183, -7.904142 ], [ 110.930039, -7.902239 ], [ 110.931808, -7.901296 ], [ 110.931435, -7.899136 ], [ 110.933823, -7.896066 ], [ 110.930428, -7.896341 ], [ 110.928101, -7.898551 ], [ 110.926125, -7.899447 ], [ 110.923988, -7.899633 ], [ 110.922653, -7.897727 ], [ 110.922455, -7.895659 ], [ 110.922783, -7.893506 ], [ 110.923294, -7.891369 ], [ 110.921791, -7.887537 ], [ 110.92337, -7.886281 ], [ 110.925392, -7.885731 ], [ 110.924332, -7.882241 ], [ 110.925903, -7.880862 ], [ 110.924416, -7.879408 ], [ 110.926498, -7.878214 ], [ 110.929131, -7.875 ], [ 110.928887, -7.872921 ], [ 110.930885, -7.872164 ], [ 110.934357, -7.869687 ], [ 110.931145, -7.868574 ], [ 110.931145, -7.866439 ], [ 110.931846, -7.864474 ], [ 110.929588, -7.864133 ], [ 110.927681, -7.865078 ], [ 110.928459, -7.867075 ], [ 110.925705, -7.868269 ], [ 110.922821, -7.867843 ], [ 110.923592, -7.864708 ], [ 110.925293, -7.863572 ], [ 110.926521, -7.860982 ], [ 110.928848, -7.861147 ], [ 110.932556, -7.859897 ], [ 110.929848, -7.857628 ], [ 110.928162, -7.856181 ], [ 110.926094, -7.855696 ], [ 110.92466, -7.854097 ], [ 110.922997, -7.850893 ], [ 110.926117, -7.852125 ], [ 110.928177, -7.850986 ], [ 110.929794, -7.852254 ], [ 110.932426, -7.85282 ], [ 110.933273, -7.850973 ], [ 110.936157, -7.850409 ], [ 110.937286, -7.852084 ], [ 110.937798, -7.854088 ], [ 110.939941, -7.85435 ], [ 110.942223, -7.854616 ], [ 110.941421, -7.852254 ], [ 110.943428, -7.85166 ], [ 110.945221, -7.852886 ], [ 110.945984, -7.854896 ], [ 110.947761, -7.856059 ], [ 110.949455, -7.857385 ], [ 110.952332, -7.854529 ] ] ] } },
{ "type": "Feature", "properties": { "STATISTIK": "3307", "KABUPATEN": "WONOSOBO", "PROPINSI": "JAWA TENGAH", "LUAS_KM2": "63.566", "DATA": "BAKOSURTANAL, BPS" }, "geometry": { "type": "Polygon", "coordinates": [ [ [ 110.063782, -7.409991 ], [ 110.064209, -7.413456 ], [ 110.062958, -7.418295 ], [ 110.061996, -7.42325 ], [ 110.060692, -7.42907 ], [ 110.060013, -7.434196 ], [ 110.059799, -7.438977 ], [ 110.059929, -7.4437 ], [ 110.06057, -7.44796 ], [ 110.0615, -7.450781 ], [ 110.063057, -7.452045 ], [ 110.066002, -7.455092 ], [ 110.065956, -7.457338 ], [ 110.063919, -7.462812 ], [ 110.062241, -7.467021 ], [ 110.058113, -7.473315 ], [ 110.056229, -7.476189 ], [ 110.054291, -7.481612 ], [ 110.054115, -7.483968 ], [ 110.054359, -7.48725 ], [ 110.053398, -7.492666 ], [ 110.052086, -7.496931 ], [ 110.051803, -7.500041 ], [ 110.049889, -7.501164 ], [ 110.048721, -7.503094 ], [ 110.050018, -7.504648 ], [ 110.050255, -7.506705 ], [ 110.048118, -7.508337 ], [ 110.047134, -7.51008 ], [ 110.048493, -7.511558 ], [ 110.048363, -7.513633 ], [ 110.047104, -7.515286 ], [ 110.047119, -7.517426 ], [ 110.045487, -7.519873 ], [ 110.044975, -7.522337 ], [ 110.044067, -7.524205 ], [ 110.044205, -7.526383 ], [ 110.044624, -7.528418 ], [ 110.045151, -7.5324 ], [ 110.042663, -7.533462 ], [ 110.040199, -7.533198 ], [ 110.038368, -7.532074 ], [ 110.036445, -7.532681 ], [ 110.034287, -7.532926 ], [ 110.031204, -7.532069 ], [ 110.031692, -7.535043 ], [ 110.03167, -7.537136 ], [ 110.032402, -7.539034 ], [ 110.033592, -7.540902 ], [ 110.034058, -7.543123 ], [ 110.032936, -7.545131 ], [ 110.032555, -7.547098 ], [ 110.032478, -7.549213 ], [ 110.032287, -7.551355 ], [ 110.031967, -7.553335 ], [ 110.029854, -7.553225 ], [ 110.028007, -7.554117 ], [ 110.026184, -7.555498 ], [ 110.02433, -7.556596 ], [ 110.022835, -7.558084 ], [ 110.021828, -7.559854 ], [ 110.019768, -7.560756 ], [ 110.017677, -7.562611 ], [ 110.016319, -7.564475 ], [ 110.014977, -7.565974 ], [ 110.016472, -7.567694 ], [ 110.016708, -7.569817 ], [ 110.016075, -7.571729 ], [ 110.016853, -7.573737 ], [ 110.015289, -7.576011 ], [ 110.014511, -7.578283 ], [ 110.015366, -7.580241 ], [ 110.014336, -7.582128 ], [ 110.016563, -7.582848 ], [ 110.016831, -7.585507 ], [ 110.014351, -7.58627 ], [ 110.011963, -7.586311 ], [ 110.009461, -7.586505 ], [ 110.007301, -7.587804 ], [ 110.004875, -7.588601 ], [ 110.002602, -7.589025 ], [ 109.998367, -7.589522 ], [ 109.999794, -7.587247 ], [ 110.0, -7.584941 ], [ 109.999657, -7.582628 ], [ 109.999329, -7.580216 ], [ 109.998825, -7.578266 ], [ 109.997619, -7.576414 ], [ 109.996116, -7.574842 ], [ 109.994301, -7.576406 ], [ 109.991898, -7.576912 ], [ 109.989944, -7.577833 ], [ 109.987625, -7.577959 ], [ 109.985306, -7.577971 ], [ 109.983086, -7.577354 ], [ 109.978546, -7.576997 ], [ 109.977463, -7.575095 ], [ 109.976715, -7.573145 ], [ 109.9758, -7.570996 ], [ 109.971977, -7.569021 ], [ 109.971466, -7.566592 ], [ 109.970413, -7.564591 ], [ 109.968727, -7.563283 ], [ 109.968399, -7.5613 ], [ 109.969742, -7.559074 ], [ 109.96849, -7.557139 ], [ 109.967331, -7.555485 ], [ 109.969376, -7.554267 ], [ 109.970344, -7.551891 ], [ 109.971626, -7.549235 ], [ 109.972817, -7.547471 ], [ 109.973389, -7.545458 ], [ 109.973656, -7.54346 ], [ 109.973763, -7.541016 ], [ 109.975189, -7.539417 ], [ 109.972695, -7.537436 ], [ 109.973984, -7.534986 ], [ 109.97525, -7.533237 ], [ 109.97335, -7.532156 ], [ 109.97155, -7.530628 ], [ 109.969528, -7.530998 ], [ 109.967194, -7.531835 ], [ 109.964043, -7.532389 ], [ 109.962257, -7.531129 ], [ 109.959259, -7.530263 ], [ 109.957542, -7.529202 ], [ 109.955437, -7.527942 ], [ 109.95356, -7.524229 ], [ 109.951637, -7.526513 ], [ 109.951279, -7.528643 ], [ 109.949501, -7.53067 ], [ 109.947548, -7.532547 ], [ 109.945305, -7.533648 ], [ 109.943138, -7.53361 ], [ 109.941063, -7.534117 ], [ 109.938911, -7.533964 ], [ 109.937508, -7.532408 ], [ 109.936913, -7.530458 ], [ 109.93576, -7.52849 ], [ 109.933197, -7.527905 ], [ 109.930214, -7.527518 ], [ 109.928574, -7.526358 ], [ 109.92527, -7.523477 ], [ 109.922463, -7.521091 ], [ 109.920196, -7.519335 ], [ 109.91703, -7.520021 ], [ 109.914925, -7.520677 ], [ 109.912651, -7.521133 ], [ 109.91037, -7.521838 ], [ 109.907371, -7.52226 ], [ 109.904571, -7.521526 ], [ 109.902069, -7.520397 ], [ 109.899422, -7.520041 ], [ 109.896996, -7.520797 ], [ 109.895775, -7.5224 ], [ 109.893715, -7.521923 ], [ 109.892113, -7.52376 ], [ 109.890648, -7.525311 ], [ 109.889168, -7.527065 ], [ 109.887146, -7.527786 ], [ 109.885765, -7.529422 ], [ 109.884277, -7.531836 ], [ 109.883499, -7.533862 ], [ 109.881851, -7.535301 ], [ 109.880753, -7.533388 ], [ 109.878281, -7.532681 ], [ 109.877533, -7.530599 ], [ 109.874885, -7.526003 ], [ 109.870262, -7.529284 ], [ 109.868782, -7.530761 ], [ 109.868919, -7.534389 ], [ 109.869858, -7.537344 ], [ 109.871872, -7.539628 ], [ 109.873619, -7.542987 ], [ 109.873215, -7.545808 ], [ 109.869995, -7.549435 ], [ 109.866234, -7.554003 ], [ 109.861931, -7.557228 ], [ 109.858032, -7.559377 ], [ 109.85572, -7.561769 ], [ 109.852783, -7.561876 ], [ 109.850395, -7.561963 ], [ 109.847885, -7.563181 ], [ 109.846085, -7.564737 ], [ 109.843956, -7.566871 ], [ 109.843384, -7.568959 ], [ 109.842377, -7.571239 ], [ 109.841179, -7.572988 ], [ 109.841362, -7.575145 ], [ 109.840653, -7.577343 ], [ 109.837677, -7.578322 ], [ 109.835388, -7.578197 ], [ 109.833496, -7.580443 ], [ 109.8311, -7.583722 ], [ 109.827446, -7.586763 ], [ 109.82177, -7.588993 ], [ 109.819344, -7.590615 ], [ 109.816505, -7.594264 ], [ 109.814278, -7.598326 ], [ 109.811607, -7.599407 ], [ 109.810028, -7.600879 ], [ 109.808952, -7.60274 ], [ 109.808769, -7.6048 ], [ 109.808227, -7.606926 ], [ 109.806091, -7.607003 ], [ 109.803993, -7.608304 ], [ 109.802841, -7.610651 ], [ 109.800911, -7.612097 ], [ 109.797997, -7.611063 ], [ 109.794266, -7.610842 ], [ 109.791733, -7.610779 ], [ 109.78936, -7.609912 ], [ 109.787216, -7.609533 ], [ 109.784264, -7.609055 ], [ 109.782036, -7.608253 ], [ 109.777946, -7.60473 ], [ 109.775261, -7.6048 ], [ 109.772797, -7.605529 ], [ 109.770813, -7.604857 ], [ 109.76886, -7.604137 ], [ 109.766479, -7.603534 ], [ 109.764343, -7.603125 ], [ 109.762764, -7.601871 ], [ 109.761246, -7.600476 ], [ 109.75785, -7.599486 ], [ 109.756584, -7.595929 ], [ 109.755325, -7.594143 ], [ 109.754883, -7.590658 ], [ 109.754776, -7.588619 ], [ 109.753632, -7.586141 ], [ 109.752426, -7.584458 ], [ 109.750305, -7.582076 ], [ 109.748215, -7.581526 ], [ 109.747627, -7.578868 ], [ 109.74678, -7.576492 ], [ 109.744095, -7.574901 ], [ 109.741577, -7.573594 ], [ 109.741325, -7.571361 ], [ 109.741364, -7.569185 ], [ 109.741028, -7.566697 ], [ 109.741264, -7.564126 ], [ 109.741837, -7.561613 ], [ 109.741386, -7.559577 ], [ 109.739578, -7.558322 ], [ 109.737595, -7.557959 ], [ 109.736275, -7.55449 ], [ 109.738098, -7.553103 ], [ 109.737694, -7.551069 ], [ 109.737701, -7.549022 ], [ 109.737442, -7.546435 ], [ 109.73719, -7.543931 ], [ 109.739174, -7.543294 ], [ 109.738823, -7.540892 ], [ 109.738563, -7.538791 ], [ 109.737915, -7.535306 ], [ 109.739021, -7.533119 ], [ 109.740204, -7.531059 ], [ 109.742493, -7.530679 ], [ 109.7453, -7.530493 ], [ 109.747711, -7.529469 ], [ 109.750229, -7.527974 ], [ 109.751259, -7.525861 ], [ 109.752189, -7.523576 ], [ 109.754318, -7.523107 ], [ 109.756347, -7.522736 ], [ 109.758476, -7.52342 ], [ 109.761574, -7.523355 ], [ 109.762802, -7.521398 ], [ 109.766517, -7.520113 ], [ 109.768371, -7.518258 ], [ 109.7706, -7.518664 ], [ 109.773544, -7.518232 ], [ 109.773643, -7.51586 ], [ 109.77211, -7.514466 ], [ 109.77092, -7.512827 ], [ 109.768974, -7.511281 ], [ 109.767555, -7.50961 ], [ 109.768608, -7.507735 ], [ 109.767868, -7.505678 ], [ 109.76622, -7.504336 ], [ 109.764702, -7.502501 ], [ 109.76284, -7.500321 ], [ 109.757492, -7.495232 ], [ 109.755943, -7.493756 ], [ 109.754082, -7.491796 ], [ 109.753899, -7.4894 ], [ 109.755699, -7.487002 ], [ 109.756828, -7.48531 ], [ 109.758186, -7.482365 ], [ 109.759018, -7.478386 ], [ 109.758446, -7.474057 ], [ 109.757324, -7.470535 ], [ 109.75663, -7.468148 ], [ 109.754852, -7.464513 ], [ 109.753151, -7.462029 ], [ 109.751785, -7.459136 ], [ 109.751213, -7.455953 ], [ 109.751045, -7.452035 ], [ 109.750984, -7.449514 ], [ 109.751396, -7.446531 ], [ 109.753456, -7.445572 ], [ 109.755508, -7.444096 ], [ 109.759788, -7.442341 ], [ 109.764267, -7.43761 ], [ 109.769272, -7.436046 ], [ 109.771187, -7.43695 ], [ 109.774635, -7.439238 ], [ 109.776993, -7.4411 ], [ 109.779472, -7.442594 ], [ 109.78524, -7.445635 ], [ 109.792038, -7.447409 ], [ 109.794624, -7.447698 ], [ 109.799637, -7.448259 ], [ 109.80246, -7.448887 ], [ 109.806732, -7.448613 ], [ 109.810913, -7.448296 ], [ 109.816437, -7.448286 ], [ 109.819664, -7.448382 ], [ 109.825592, -7.448557 ], [ 109.828163, -7.448231 ], [ 109.832039, -7.44774 ], [ 109.834907, -7.446122 ], [ 109.840019, -7.442427 ], [ 109.843147, -7.440894 ], [ 109.848633, -7.436882 ], [ 109.849663, -7.433885 ], [ 109.848732, -7.430374 ], [ 109.846077, -7.427614 ], [ 109.844002, -7.426063 ], [ 109.8414, -7.423533 ], [ 109.839951, -7.421131 ], [ 109.839081, -7.418181 ], [ 109.836883, -7.41473 ], [ 109.835045, -7.413639 ], [ 109.832909, -7.413182 ], [ 109.830093, -7.413072 ], [ 109.827675, -7.412673 ], [ 109.823876, -7.412219 ], [ 109.821854, -7.411704 ], [ 109.819321, -7.411017 ], [ 109.81633, -7.410274 ], [ 109.812279, -7.409146 ], [ 109.80867, -7.408503 ], [ 109.802734, -7.40765 ], [ 109.798111, -7.406441 ], [ 109.793861, -7.404325 ], [ 109.791496, -7.402544 ], [ 109.789772, -7.400992 ], [ 109.788498, -7.399267 ], [ 109.78521, -7.395702 ], [ 109.783401, -7.394329 ], [ 109.781807, -7.393116 ], [ 109.776619, -7.390534 ], [ 109.770851, -7.387837 ], [ 109.766411, -7.385427 ], [ 109.761291, -7.38256 ], [ 109.76326, -7.380008 ], [ 109.765526, -7.377949 ], [ 109.76786, -7.374404 ], [ 109.768257, -7.372212 ], [ 109.769577, -7.370603 ], [ 109.771668, -7.370243 ], [ 109.772644, -7.368068 ], [ 109.773674, -7.365787 ], [ 109.775948, -7.363518 ], [ 109.777764, -7.364632 ], [ 109.779793, -7.364858 ], [ 109.781609, -7.363673 ], [ 109.783425, -7.362135 ], [ 109.783829, -7.359812 ], [ 109.786049, -7.358187 ], [ 109.786919, -7.356222 ], [ 109.786583, -7.353925 ], [ 109.786125, -7.351318 ], [ 109.786018, -7.349178 ], [ 109.786506, -7.346566 ], [ 109.787064, -7.343763 ], [ 109.787544, -7.341578 ], [ 109.789177, -7.340396 ], [ 109.791145, -7.339101 ], [ 109.79425, -7.3371 ], [ 109.792396, -7.335081 ], [ 109.793144, -7.333039 ], [ 109.794853, -7.331742 ], [ 109.795586, -7.329817 ], [ 109.796524, -7.327767 ], [ 109.798057, -7.326095 ], [ 109.799652, -7.324725 ], [ 109.801819, -7.325277 ], [ 109.804009, -7.32478 ], [ 109.806183, -7.32389 ], [ 109.807876, -7.322365 ], [ 109.808762, -7.320072 ], [ 109.809143, -7.318034 ], [ 109.810043, -7.315882 ], [ 109.812111, -7.315371 ], [ 109.814331, -7.313873 ], [ 109.815407, -7.311853 ], [ 109.816063, -7.309641 ], [ 109.817421, -7.307908 ], [ 109.818832, -7.306365 ], [ 109.820351, -7.304899 ], [ 109.822304, -7.30371 ], [ 109.823761, -7.302135 ], [ 109.825088, -7.300581 ], [ 109.826508, -7.29908 ], [ 109.828262, -7.297668 ], [ 109.830299, -7.298261 ], [ 109.831344, -7.296381 ], [ 109.833206, -7.294986 ], [ 109.833573, -7.292641 ], [ 109.835411, -7.291702 ], [ 109.836006, -7.289674 ], [ 109.83654, -7.287562 ], [ 109.838242, -7.286452 ], [ 109.840378, -7.286111 ], [ 109.841347, -7.284039 ], [ 109.841598, -7.281836 ], [ 109.84333, -7.280546 ], [ 109.842621, -7.278336 ], [ 109.841865, -7.276151 ], [ 109.843254, -7.27449 ], [ 109.841743, -7.272562 ], [ 109.84259, -7.269127 ], [ 109.845062, -7.269836 ], [ 109.845284, -7.267518 ], [ 109.846352, -7.265497 ], [ 109.847122, -7.263253 ], [ 109.847916, -7.261331 ], [ 109.848984, -7.25906 ], [ 109.849579, -7.257078 ], [ 109.850403, -7.255107 ], [ 109.849983, -7.253112 ], [ 109.850609, -7.251086 ], [ 109.852425, -7.25 ], [ 109.854683, -7.251875 ], [ 109.856438, -7.25299 ], [ 109.858604, -7.247841 ], [ 109.859863, -7.244499 ], [ 109.860848, -7.242548 ], [ 109.862244, -7.239956 ], [ 109.863297, -7.2381 ], [ 109.867424, -7.231641 ], [ 109.869835, -7.229736 ], [ 109.872429, -7.229382 ], [ 109.874313, -7.227482 ], [ 109.876671, -7.226038 ], [ 109.879829, -7.224477 ], [ 109.885811, -7.222278 ], [ 109.893463, -7.221573 ], [ 109.90094, -7.220257 ], [ 109.902916, -7.2198 ], [ 109.906288, -7.218958 ], [ 109.908989, -7.218262 ], [ 109.911636, -7.216184 ], [ 109.913406, -7.212668 ], [ 109.913796, -7.208635 ], [ 109.913559, -7.204835 ], [ 109.913261, -7.201437 ], [ 109.913246, -7.198154 ], [ 109.91497, -7.195905 ], [ 109.916862, -7.194462 ], [ 109.919327, -7.191635 ], [ 109.920937, -7.190365 ], [ 109.923691, -7.187654 ], [ 109.926102, -7.185864 ], [ 109.926689, -7.188454 ], [ 109.92836, -7.190467 ], [ 109.930832, -7.193082 ], [ 109.932869, -7.195239 ], [ 109.938866, -7.201218 ], [ 109.943321, -7.20743 ], [ 109.945686, -7.209384 ], [ 109.947525, -7.210187 ], [ 109.950409, -7.210931 ], [ 109.953117, -7.212769 ], [ 109.955513, -7.213955 ], [ 109.95575, -7.216736 ], [ 109.955956, -7.219157 ], [ 109.956825, -7.221977 ], [ 109.95787, -7.22497 ], [ 109.959969, -7.231878 ], [ 109.962677, -7.234349 ], [ 109.965332, -7.237454 ], [ 109.967934, -7.239408 ], [ 109.970757, -7.240843 ], [ 109.972656, -7.242049 ], [ 109.976288, -7.244864 ], [ 109.981331, -7.247202 ], [ 109.98349, -7.248246 ], [ 109.985649, -7.249288 ], [ 109.987816, -7.25251 ], [ 109.989967, -7.255595 ], [ 109.991463, -7.257932 ], [ 109.992958, -7.259428 ], [ 109.992958, -7.261952 ], [ 109.992523, -7.265857 ], [ 109.992592, -7.269658 ], [ 109.992775, -7.272365 ], [ 109.99337, -7.279044 ], [ 109.993896, -7.282383 ], [ 109.994538, -7.284341 ], [ 109.994598, -7.286932 ], [ 109.994446, -7.291828 ], [ 109.995201, -7.294361 ], [ 109.996475, -7.297641 ], [ 110.000084, -7.299908 ], [ 110.001419, -7.304053 ], [ 110.003349, -7.305923 ], [ 110.00647, -7.30966 ], [ 110.009125, -7.313169 ], [ 110.010513, -7.315643 ], [ 110.012131, -7.317253 ], [ 110.01432, -7.318285 ], [ 110.017784, -7.320929 ], [ 110.01992, -7.325359 ], [ 110.022583, -7.33048 ], [ 110.023918, -7.332494 ], [ 110.026871, -7.338996 ], [ 110.029579, -7.34164 ], [ 110.032646, -7.344452 ], [ 110.034889, -7.346411 ], [ 110.037659, -7.348135 ], [ 110.041176, -7.350489 ], [ 110.044517, -7.351808 ], [ 110.047341, -7.353473 ], [ 110.050056, -7.356118 ], [ 110.051788, -7.358591 ], [ 110.052948, -7.361008 ], [ 110.055664, -7.364228 ], [ 110.058205, -7.367103 ], [ 110.062302, -7.370436 ], [ 110.064568, -7.372085 ], [ 110.066566, -7.373538 ], [ 110.069969, -7.376355 ], [ 110.072945, -7.377329 ], [ 110.073425, -7.381441 ], [ 110.074608, -7.385964 ], [ 110.07386, -7.388039 ], [ 110.071007, -7.394783 ], [ 110.06871, -7.398415 ], [ 110.067116, -7.403774 ], [ 110.065468, -7.408845 ], [ 110.063782, -7.409991 ] ] ] } }
]
}
